Workbook

Sheet Resumen
A1: Rendimiento metálico
A2: Fuente: Consumo_lotes_de_produccion.csv + Datos_productos.xlsx · generado 24-09-2026 12:17
A4: Rendimiento metálico (ponderado) | B4: =SUMIFS(Ordenes!$P$2:$P$840,Ordenes!$T$2:$T$840,"Válida")/SUMIFS(Ordenes!$Q$2:$Q$840,Ordenes!$T$2:$T$840,"Válida")
A5: Meta ponderada | B5: =SUMIFS(Ordenes!$V$2:$V$840,Ordenes!$T$2:$T$840,"Válida")/SUMIFS(Ordenes!$Q$2:$Q$840,Ordenes!$T$2:$T$840,"Válida")
A6: Diferencia vs meta (pp) | B6: =(B4-B5)*100
A7: Kg producidos | B7: =SUMIFS(Ordenes!$P$2:$P$840,Ordenes!$T$2:$T$840,"Válida")
A8: Kg consumidos | B8: =SUMIFS(Ordenes!$Q$2:$Q$840,Ordenes!$T$2:$T$840,"Válida")
A9: Pérdida metálica (kg) | B9: =B8-B7
A10: Órdenes válidas | B10: =COUNTIFS(Ordenes!$T$2:$T$840,"Válida")
A11: Órdenes a corregir (> 100 %) | B11: =COUNTIFS(Ordenes!$T$2:$T$840,"A corregir")
A14: Hojas
A15: • Ordenes: todas las órdenes del CSV, con grupo, medidas (mm), largo (m), rendimiento y estado. Base de todo el libro.
A16: • Carta mensual / Carta semanal / Carta diaria: carta de control I-MR con gráfico y el % de cada punto. Las celdas amarillas filtran por grupo o producto.
A17: • Grupo x semana: rendimiento de cada grupo por semana ISO (lunes a domingo), con meta y kg.
A18: • Grupo x día: rendimiento de cada grupo por día, con meta y kg.
A19: • Grupo x mes: rendimiento, kg producidos y meta por grupo y mes.
A20: • Ranking productos: productos de mayor a menor kg producidos.
A21: • A corregir: órdenes sobre 100 %, excluidas de los cálculos.
A22: • Productos: catálogo con medidas y datos del maestro.
A24: Reglas
A25: • Rend. met. = kg producidos / kg consumidos (sin despunte ni laminilla).
A26: • Rendimiento de un período o grupo = Σ kg producidos / Σ kg consumidos de las órdenes válidas.
... A40: • REDONDO LISO 1' 6M A615 GR60(P) → Redondo liso

Sheet Ordenes
A1: Orden | B1: Fecha inicio | C1: Fecha | D1: Año | E1: Mes | F1: Grupo | G1: Producto | H1: Material original (CSV) | I1: Formato (maestro) | J1: Código (maestro) | K1: Diámetro (mm) | L1: Ancho (mm) | M1: Espesor (mm) | N1: Lado (mm) | O1: Largo (m) | P1: Kg producidos | Q1: Kg consumidos | R1: Rend. met. | S1: Meta (Rend_Met) | T1: Estado | U1: Pérdida (kg) | V1: Meta × Kg cons | W1: Año ISO | X1: Semana ISO | Y1: Semana
A2: 43046145 | B2: 46024.383 | C2: 46024 | D2: =YEAR(C2) | E2: =MONTH(C2) | F2: B Hormigón | G2: B HORMIGON 18MM 12M A630-420H (N) | H2: B HORMIGON 18MM 12M A630-420H (N) | I2: RED 18 CR | J2: 110002938 | K2: 18 | O2: 12 | P2: 43702 | Q2: 47480.4 | R2: =IFERROR(P2/Q2,"") | S2: 0.96 | T2: =IF(R2>1,"A corregir","Válida") | U2: =Q2-P2 | V2: =IF(S2="",0,S2*Q2) | W2: 2026 | X2: 1 | Y2: 2026-S01
A3: 43046081 | B3: 46024.452 | C3: 46024 | D3: =YEAR(C3) | E3: =MONTH(C3) | F3: B Hormigón | G3: B HORMIGON 18MM 12M A630-420H (N) | H3: B HORMIGON 18MM 12M A630-420H (N) | I3: RED 18 CR | J3: 110002938 | K3: 18 | O3: 12 | P3: 125108 | Q3: 133293.6 | R3: =IFERROR(P3/Q3,"") | S3: 0.96 | T3: =IF(R3>1,"A corregir","Válida") | U3: =Q3-P3 | V3: =IF(S3="",0,S3*Q3) | W3: 2026 | X3: 1 | Y3: 2026-S01
A4: 43046082 | B4: 46024.692 | C4: 46024 | D4: =YEAR(C4) | E4: =MONTH(C4) | F4: B Hormigón | G4: B HORMIGON 18MM 11M A630-420H (N) | H4: B HORMIGON 18MM 11M A630-420H (N) | I4: RED 18 CR | J4: 110002937 | K4: 18 | O4: 11 | P4: 227051 | Q4: 237864 | R4: =IFERROR(P4/Q4,"") | S4: 0.96 | T4: =IF(R4>1,"A corregir","Válida") | U4: =Q4-P4 | V4: =IF(S4="",0,S4*Q4) | W4: 2026 | X4: 1 | Y4: 2026-S01
A5: 43046144 | B5: 46025.151 | C5: 46025 | D5: =YEAR(C5) | E5: =MONTH(C5) | F5: B Hormigón | G5: B HORMIGON 18MM 10M A630-420H (N) | H5: B HORMIGON 18MM 10M A630-420H (N) | I5: RED 18 CR | J5: 110002924 | K5: 18 | O5: 10 | P5: 42168 | Q5: 44880 | R5: =IFERROR(P5/Q5,"") | S5: 0.96 | T5: =IF(R5>1,"A corregir","Válida") | U5: =Q5-P5 | V5: =IF(S5="",0,S5*Q5) | W5: 2026 | X5: 1 | Y5: 2026-S01
A6: 43046083 | B6: 46025.23 | C6: 46025 | D6: =YEAR(C6) | E6: =MONTH(C6) | F6: B Hormigón | G6: B HORMIGON 18MM 9M A630-420H (N) | H6: B HORMIGON 18MM 9M A630-420H (N) | I6: RED 18 CR | J6: 110002951 | K6: 18 | O6: 9 | P6: 55745 | Q6: 59241.6 | R6: =IFERROR(P6/Q6,"") | S6: 0.959 | T6: =IF(R6>1,"A corregir","Válida") | U6: =Q6-P6 | V6: =IF(S6="",0,S6*Q6) | W6: 2026 | X6: 1 | Y6: 2026-S01
A7: 43046084 | B7: 46025.354 | C7: 46025 | D7: =YEAR(C7) | E7: =MONTH(C7) | F7: B Hormigón | G7: B HORMIGON 18MM 8M A630-420H (N) | H7: B HORMIGON 18MM 8M A630-420H (N) | I7: RED 18 CR | J7: 110002952 | K7: 18 | O7: 8 | P7: 22669 | Q7: 24235.2 | R7: =IFERROR(P7/Q7,"") | S7: 0.96 | T7: =IF(R7>1,"A corregir","Válida") | U7: =Q7-P7 | V7: =IF(S7="",0,S7*Q7) | W7: 2026 | X7: 1 | Y7: 2026-S01
A8: 43046085 | B8: 46025.408 | C8: 46025 | D8: =YEAR(C8) | E8: =MONTH(C8) | F8: B Hormigón | G8: B HORMIGON 18MM 7M A630-420H (N) | H8: B HORMIGON 18MM 7M A630-420H (N) | I8: RED 18 CR | J8: 110002940 | K8: 18 | O8: 7 | P8: 31676 | Q8: 33660 | R8: =IFERROR(P8/Q8,"") | S8: 0.959 | T8: =IF(R8>1,"A corregir","Válida") | U8: =Q8-P8 | V8: =IF(S8="",0,S8*Q8) | W8: 2026 | X8: 1 | Y8: 2026-S01
A9: 43046086 | B9: 46025.468 | C9: 46025 | D9: =YEAR(C9) | E9: =MONTH(C9) | F9: B Hormigón | G9: B HORMIGON 18MM 6M A630-420H (N) | H9: B HORMIGON 18MM 6M A630-420H (N) | I9: RED 18 CR | J9: 110002942 | K9: 18 | O9: 6 | P9: 80445 | Q9: 84823.2 | R9: =IFERROR(P9/Q9,"") | S9: 0.96 | T9: =IF(R9>1,"A corregir","Válida") | U9: =Q9-P9 | V9: =IF(S9="",0,S9*Q9) | W9: 2026 | X9: 1 | Y9: 2026-S01
A10: 43046087 | B10: 46025.653 | C10: 46025 | D10: =YEAR(C10) | E10: =MONTH(C10) | F10: B Hormigón | G10: B HORMIGON 18MM 12M A630-420HS (N) | H10: B HORMIGON 18MM 12M A630-420HS (N) | I10: RED 18 CR | J10: 110007120 | K10: 18 | O10: 12 | P10: 134976 | Q10: 143616 | R10: =IFERROR(P10/Q10,"") | S10: 0.95 | T10: =IF(R10>1,"A corregir","Válida") | U10: =Q10-P10 | V10: =IF(S10="",0,S10*Q10) | W10: 2026 | X10: 1 | Y10: 2026-S01
A11: 43046088 | B11: 46027.277 | C11: 46027 | D11: =YEAR(C11) | E11: =MONTH(C11) | F11: B Hormigón | G11: B HORMIGON 18MM 11M A630-420HS (N) | H11: B HORMIGON 18MM 11M A630-420HS (N) | I11: RED 18 CR | J11: 110007314 | K11: 18 | O11: 11 | P11: 29326 | Q11: 28723.2 | R11: =IFERROR(P11/Q11,"") | S11: 0.95 | T11: =IF(R11>1,"A corregir","Válida") | U11: =Q11-P11 | V11: =IF(S11="",0,S11*Q11) | W11: 2026 | X11: 2 | Y11: 2026-S02
A12: 43046089 | B12: 46027.465 | C12: 46027 | D12: =YEAR(C12) | E12: =MONTH(C12) | F12: B Hormigón | G12: B HORMIGON 32MM 12M A630-420H (N) | H12: B HORMIGON 32MM 12M A630-420H (N) | I12: RED 32 CR | J12: 110002900 | K12: 32 | O12: 12 | P12: 198647 | Q12: 214236 | R12: =IFERROR(P12/Q12,"") | S12: 0.96 | T12: =IF(R12>1,"A corregir","Válida") | U12: =Q12-P12 | V12: =IF(S12="",0,S12*Q12) | W12: 2026 | X12: 2 | Y12: 2026-S02
A13: 43046092 | B13: 46028.117 | C13: 46028 | D13: =YEAR(C13) | E13: =MONTH(C13) | F13: Saferock | G13: SAFEROCK 25MM 12M A420 | H13: SAFEROCK 25MM 12M A420 | I13: SFR 25 | J13: 106025583 | K13: 25 | O13: 12 | P13: 72482 | Q13: 78540 | R13: =IFERROR(P13/Q13,"") | S13: 0.953 | T13: =IF(R13>1,"A corregir","Válida") | U13: =Q13-P13 | V13: =IF(S13="",0,S13*Q13) | W13: 2026 | X13: 2 | Y13: 2026-S02
... A17: 43046090 | B17: 46028.534 | C17: 46028 | D17: =YEAR(C17) | E17: =MONTH(C17) | F17: Saferock | G17: SAFEROCK 25MM 12M A520D | H17: SAFEROCK 25MM 12M A520D | I17: SFR 25 | J17: 119506719 | K17: 25 | O17: 12 | P17: 23250 | Q17: 24684 | R17: =IFERROR(P17/Q17,"") | S17: 0.97 | T17: =IF(R17>1,"A corregir","Válida") | U17: =Q17-P17 | V17: =IF(S17="",0,S17*Q17) | W17: 2026 | X17: 2 | Y17: 2026-S02
A18: 43046096 | B18: 46028.898 | C18: 46028 | D18: =YEAR(C18) | E18: =MONTH(C18) | F18: Ángulo | G18: ANG 75X75X6MM 12M ASTM A572 T2 (N) | H18: ANG SEMI 75X75X6MM 12M ASTM A572 T2 (N) | I18: ANG 75 x 6 | J18: 119502820 | L18: 75 | M18: 6 | O18: 12 | P18: 21894 | Q18: 25581.6 | R18: =IFERROR(P18/Q18,"") | S18: 0.97 | T18: =IF(R18>1,"A corregir","Válida") | U18: =Q18-P18 | V18: =IF(S18="",0,S18*Q18) | W18: 2026 | X18: 2 | Y18: 2026-S02
A19: 43046097 | B19: 46029.019 | C19: 46029 | D19: =YEAR(C19) | E19: =MONTH(C19) | F19: Ángulo | G19: ANGULO 80X80X8MM A270ES | H19: ANGULO SEMI 80X80X8MM A270ES | I19: ANG 80 x 8 | J19: 106501049 | L19: 80 | M19: 8 | O19: 6 | P19: 60255 | Q19: 65524.8 | R19: =IFERROR(P19/Q19,"") | S19: 0.934 | T19: =IF(R19>1,"A corregir","Válida") | U19: =Q19-P19 | V19: =IF(S19="",0,S19*Q19) | W19: 2026 | X19: 2 | Y19: 2026-S02
A20: 43046098 | B20: 46029.291 | C20: 46029 | D20: =YEAR(C20) | E20: =MONTH(C20) | F20: Ángulo | G20: ANGULO 80X80X6MM A270ES | H20: ANGULO SEMI 80X80X6MM A270ES | I20: ANG 80 x 6 | J20: 106501050 | L20: 80 | M20: 6 | O20: 6 | P20: 28006 | Q20: 35904 | R20: =IFERROR(P20/Q20,"") | S20: 0.949 | T20: =IF(R20>1,"A corregir","Válida") | U20: =Q20-P20 | V20: =IF(S20="",0,S20*Q20) | W20: 2026 | X20: 2 | Y20: 2026-S02
A21: 43046237 | B21: 46029.76 | C21: 46029 | D21: =YEAR(C21) | E21: =MONTH(C21) | F21: Plana | G21: PLANA 25X3MM 6M A270ES (N) | H21: PLANA 25X3MM 6M A270ES (N) | I21: PL 25 x 3 | J21: 109013858 | L21: 25 | M21: 3 | O21: 6 | P21: 60365 | Q21: 65841.6 | R21: =IFERROR(P21/Q21,"") | S21: 0.968 | T21: =IF(R21>1,"A corregir","Válida") | U21: =Q21-P21 | V21: =IF(S21="",0,S21*Q21) | W21: 2026 | X21: 2 | Y21: 2026-S02
A22: 43046238 | B22: 46030.163 | C22: 46030 | D22: =YEAR(C22) | E22: =MONTH(C22) | F22: Cuadrado | G22: CUADRADO 10MM 6M COMERCIAL (N) | H22: CUADRADO 10MM 6M COMERCIAL (N) | I22: CUAD 10 | J22: 109007066 | N22: 10 | O22: 6 | P22: 78534 | Q22: 84216 | R22: =IFERROR(P22/Q22,"") | S22: 0.967 | T22: =IF(R22>1,"A corregir","Válida") | U22: =Q22-P22 | V22: =IF(S22="",0,S22*Q22) | W22: 2026 | X22: 2 | Y22: 2026-S02
A23: 43046240 | B23: 46030.428 | C23: 46030 | D23: =YEAR(C23) | E23: =MONTH(C23) | F23: Plana | G23: PLANA 20X5MM 6M A270ES (N) | H23: PLANA 20X5MM 6M A270ES (N) | I23: PL 20 x 5 | J23: 119502244 | L23: 20 | M23: 5 | O23: 6 | P23: 31293 | Q23: 33303.6 | R23: =IFERROR(P23/Q23,"") | S23: 0.967 | T23: =IF(R23>1,"A corregir","Válida") | U23: =Q23-P23 | V23: =IF(S23="",0,S23*Q23) | W23: 2026 | X23: 2 | Y23: 2026-S02
A24: 43046241 | B24: 46030.705 | C24: 46030 | D24: =YEAR(C24) | E24: =MONTH(C24) | F24: Ángulo | G24: ANGULO 20X20X3MM A270ES | H24: ANGULO SEMI 20X20X3MM A270ES | I24: ANG 20 x 3 | J24: 106501016 | L24: 20 | M24: 3 | O24: 12 | P24: 102257 | Q24: 106444.8 | R24: =IFERROR(P24/Q24,"") | S24: 0.963 | T24: =IF(R24>1,"A corregir","Válida") | U24: =Q24-P24 | V24: =IF(S24="",0,S24*Q24) | W24: 2026 | X24: 2 | Y24: 2026-S02
A25: 43046244 | B25: 46031.301 | C25: 46031 | D25: =YEAR(C25) | E25: =MONTH(C25) | F25: Plana | G25: PLANA 38X3MM 6M A270ES (N) | H25: PLANA 38X3MM 6M A270ES (N) | I25: PL 38 x 3 | J25: 109013904 | L25: 38 | M25: 3 | O25: 6 | P25: 75178 | Q25: 78988.8 | R25: =IFERROR(P25/Q25,"") | S25: 0.966 | T25: =IF(R25>1,"A corregir","Válida") | U25: =Q25-P25 | V25: =IF(S25="",0,S25*Q25) | W25: 2026 | X25: 2 | Y25: 2026-S02
A26: 43046245 | B26: 46031.594 | C26: 46031 | D26: =YEAR(C26) | E26: =MONTH(C26) | F26: Plana | G26: PLANA 32X5MM 6M A270ES (N) | H26: PLANA 32X5MM 6M A270ES (N) | I26: PL 32 x 5 | J26: 109013897 | L26: 32 | M26: 5 | O26: 6 | P26: 30541 | Q26: 32524.8 | R26: =IFERROR(P26/Q26,"") | S26: 0.966 | T26: =IF(R26>1,"A corregir","Válida") | U26: =Q26-P26 | V26: =IF(S26="",0,S26*Q26) | W26: 2026 | X26: 2 | Y26: 2026-S02
A27: 43046246 | B27: 46031.773 | C27: 46031 | D27: =YEAR(C27) | E27: =MONTH(C27) | F27: Ángulo | G27: ANGULO 25X25X5MM A270ES | H27: ANGULO SEMI 25X25X5MM A270ES | I27: ANG 25 x 5 | J27: 106501812 | L27: 25 | M27: 5 | O27: 12 | P27: 30817 | Q27: 34557.6 | R27: =IFERROR(P27/Q27,"") | S27: 0.961 | T27: =IF(R27>1,"A corregir","Válida") | U27: =Q27-P27 | V27: =IF(S27="",0,S27*Q27) | W27: 2026 | X27: 2 | Y27: 2026-S02
A28: 43046272 | B28: 46031.96 | C28: 46031 | D28: =YEAR(C28) | E28: =MONTH(C28) | F28: Ángulo | G28: ANGULO 25X25X3MM A270ES | H28: ANGULO SEMI 25X25X3MM A270ES | I28: ANG 25 x 3 | J28: 106501017 | L28: 25 | M28: 3 | O28: 12 | P28: 128307 | Q28: 134640 | R28: =IFERROR(P28/Q28,"") | S28: 0.963 | T28: =IF(R28>1,"A corregir","Válida") | U28: =Q28-P28 | V28: =IF(S28="",0,S28*Q28) | W28: 2026 | X28: 2 | Y28: 2026-S02
A29: 43046248 | B29: 46032.305 | C29: 46032 | D29: =YEAR(C29) | E29: =MONTH(C29) | F29: Redondo liso | G29: REDONDO LISO 5/8' 6M SAE 1020 (N) | H29: REDONDO LISO 5/8' 6M SAE 1020 (N) | I29: RED 16 | J29: 109006913 | K29: 15.9 | O29: 6 | P29: 20226 | Q29: 22440 | R29: =IFERROR(P29/Q29,"") | S29: 0.959 | T29: =IF(R29>1,"A corregir","Válida") | U29: =Q29-P29 | V29: =IF(S29="",0,S29*Q29) | W29: 2026 | X29: 2 | Y29: 2026-S02
A30: 43046249 | B30: 46032.347 | C30: 46032 | D30: =YEAR(C30) | E30: =MONTH(C30) | F30: Redondo liso | G30: REDONDO LISO 16MM 6M SAE 1020 (N) | H30: REDONDO LISO 16MM 6M SAE 1020 (N) | I30: RED 16 | J30: 119502683 | K30: 16 | O30: 6 | P30: 26674 | Q30: 28274.4 | R30: =IFERROR(P30/Q30,"") | S30: 0.958 | T30: =IF(R30>1,"A corregir","Válida") | U30: =Q30-P30 | V30: =IF(S30="",0,S30*Q30) | W30: 2026 | X30: 2 | Y30: 2026-S02
A31: 43046250 | B31: 46032.444 | C31: 46032 | D31: =YEAR(C31) | E31: =MONTH(C31) | F31: B Hormigón | G31: B HORMIGON 16MM 6M A630-420H (N) | H31: B HORMIGON 16MM 6M A630-420H (N) | I31: RED 16 CR | J31: 110002928 | K31: 16 | O31: 6 | P31: 169988 | Q31: 177724.8 | R31: =IFERROR(P31/Q31,"") | S31: 0.965 | T31: =IF(R31>1,"A corregir","Válida") | U31: =Q31-P31 | V31: =IF(S31="",0,S31*Q31) | W31: 2026 | X31: 2 | Y31: 2026-S02
A32: 43046273 | B32: 46034.308 | C32: 46034 | D32: =YEAR(C32) | E32: =MONTH(C32) | F32: B Hormigón | G32: B HORMIGON 16MM 6M A630-420H (N) | H32: B HORMIGON 16MM 6M A630-420H (N) | I32: RED 16 CR | J32: 110002928 | K32: 16 | O32: 6 | P32: 56350 | Q32: 59241.6 | R32: =IFERROR(P32/Q32,"") | S32: 0.965 | T32: =IF(R32>1,"A corregir","Válida") | U32: =Q32-P32 | V32: =IF(S32="",0,S32*Q32) | W32: 2026 | X32: 3 | Y32: 2026-S03
A33: 43046301 | B33: 46034.46 | C33: 46034 | D33: =YEAR(C33) | E33: =MONTH(C33) | F33: Cuadrado | G33: CUADRADO 14MM 6M COMERCIAL (N) | H33: CUADRADO 14MM 6M COMERCIAL (N) | I33: CUAD 14 | J33: 109007064 | N33: 14 | O33: 6 | P33: 32676 | Q33: 35006.4 | R33: =IFERROR(P33/Q33,"") | S33: 0.966 | T33: =IF(R33>1,"A corregir","Válida") | U33: =Q33-P33 | V33: =IF(S33="",0,S33*Q33) | W33: 2026 | X33: 3 | Y33: 2026-S03
A34: 43046317 | B34: 46034.699 | C34: 46034 | D34: =YEAR(C34) | E34: =MONTH(C34) | F34: Plana | G34: PLANA 38X5MM 6M A270ES (N) | H34: PLANA 38X5MM 6M A270ES (N) | I34: PL 38 x 5 | J34: 109013914 | L34: 38 | M34: 5 | O34: 6 | P34: 122391 | Q34: 124317.6 | R34: =IFERROR(P34/Q34,"") | S34: 0.965 | T34: =IF(R34>1,"A corregir","Válida") | U34: =Q34-P34 | V34: =IF(S34="",0,S34*Q34) | W34: 2026 | X34: 3 | Y34: 2026-S03
A35: 43046303 | B35: 46035.013 | C35: 46035 | D35: =YEAR(C35) | E35: =MONTH(C35) | F35: Plana | G35: PLANA 38X5MM 6M A270ES (N) | H35: PLANA 38X5MM 6M A270ES (N) | I35: PL 38 x 5 | J35: 109013914 | L35: 38 | M35: 5 | O35: 6 | P35: 13017 | Q35: 14361.6 | R35: =IFERROR(P35/Q35,"") | S35: 0.965 | T35: =IF(R35>1,"A corregir","Válida") | U35: =Q35-P35 | V35: =IF(S35="",0,S35*Q35) | W35: 2026 | X35: 3 | Y35: 2026-S03
A36: 43046325 | B36: 46035.215 | C36: 46035 | D36: =YEAR(C36) | E36: =MONTH(C36) | F36: Ángulo | G36: ANGULO 30X30X3MM A270ES | H36: ANGULO SEMI 30X30X3MM A270ES | I36: ANG 30 x 3 | J36: 106501029 | L36: 30 | M36: 3 | O36: 6 | P36: 180909 | Q36: 198369.6 | R36: =IFERROR(P36/Q36,"") | S36: 0.96 | T36: =IF(R36>1,"A corregir","Válida") | U36: =Q36-P36 | V36: =IF(S36="",0,S36*Q36) | W36: 2026 | X36: 3 | Y36: 2026-S03
A37: 43046327 | B37: 46035.894 | C37: 46035 | D37: =YEAR(C37) | E37: =MONTH(C37) | F37: Plana | G37: PLANA 50X3 MM 6M A270ES (N) | H37: PLANA 50X3 MM 6M A270ES (N) | I37: PL 50 x 3 | J37: 109013903 | L37: 50 | M37: 3 | O37: 6 | P37: 104709 | Q37: 114892.8 | R37: =IFERROR(P37/Q37,"") | S37: 0.963 | T37: =IF(R37>1,"A corregir","Válida") | U37: =Q37-P37 | V37: =IF(S37="",0,S37*Q37) | W37: 2026 | X37: 3 | Y37: 2026-S03
A38: 43046344 | B38: 46036.749 | C38: 46036 | D38: =YEAR(C38) | E38: =MONTH(C38) | F38: Ángulo | G38: ANGULO 40X40X4MM A270ES | H38: ANGULO SEMI 40X40X4MM A270ES | I38: ANG 40 x 4 | J38: 106501034 | L38: 40 | M38: 4 | O38: 6 | P38: 30247 | Q38: 33211.2 | R38: =IFERROR(P38/Q38,"") | S38: 0.953 | T38: =IF(R38>1,"A corregir","Válida") | U38: =Q38-P38 | V38: =IF(S38="",0,S38*Q38) | W38: 2026 | X38: 3 | Y38: 2026-S03
A39: 43046345 | B39: 46036.975 | C39: 46036 | D39: =YEAR(C39) | E39: =MONTH(C39) | F39: Ángulo | G39: ANGULO 40X40X3MM A270ES | H39: ANGULO SEMI 40X40X3MM A270ES | I39: ANG 40 x 3 | J39: 106501033 | L39: 40 | M39: 3 | O39: 6 | P39: 190119 | Q39: 205101.6 | R39: =IFERROR(P39/Q39,"") | S39: 0.957 | T39: =IF(R39>1,"A corregir","Válida") | U39: =Q39-P39 | V39: =IF(S39="",0,S39*Q39) | W39: 2026 | X39: 3 | Y39: 2026-S03
A40: 43046350 | B40: 46037.629 | C40: 46037 | D40: =YEAR(C40) | E40: =MONTH(C40) | F40: Ángulo | G40: ANGULO 40X40X3MM 6M A36 (AL) | H40: ANGULO SEMI 40X40X3MM 6M A36 (AL) | I40: ANG 40 X 3 | J40: 119502602 | L40: 40 | M40: 3 | O40: 6 | P40: 17970 | Q40: 19430.4 | R40: =IFERROR(P40/Q40,"") | S40: 0.97 | T40: =IF(R40>1,"A corregir","Válida") | U40: =Q40-P40 | V40: =IF(S40="",0,S40*Q40) | W40: 2026 | X40: 3 | Y40: 2026-S03
A41: 43046333 | B41: 46037.784 | C41: 46037 | D41: =YEAR(C41) | E41: =MONTH(C41) | F41: Ángulo | G41: ANGULO 50X50X4MM A270ES | H41: ANGULO SEMI 50X50X4MM A270ES | I41: ANG 50 x 4 | J41: 106501036 | L41: 50 | M41: 4 | O41: 6 | P41: 43862 | Q41: 48021.6 | R41: =IFERROR(P41/Q41,"") | S41: 0.948 | T41: =IF(R41>1,"A corregir","Válida") | U41: =Q41-P41 | V41: =IF(S41="",0,S41*Q41) | W41: 2026 | X41: 3 | Y41: 2026-S03
A42: 43046336 | B42: 46037.961 | C42: 46037 | D42: =YEAR(C42) | E42: =MONTH(C42) | F42: Ángulo | G42: ANGULO 50X50X3MM A270ES | H42: ANGULO SEMI 50X50X3MM A270ES | I42: ANG 50 x 3 | J42: 106501038 | L42: 50 | M42: 3 | O42: 6 | P42: 221125 | Q42: 239210.4 | R42: =IFERROR(P42/Q42,"") | S42: 0.953 | T42: =IF(R42>1,"A corregir","Válida") | U42: =Q42-P42 | V42: =IF(S42="",0,S42*Q42) | W42: 2026 | X42: 3 | Y42: 2026-S03
A43: 43046383 | B43: 46038.711 | C43: 46038 | D43: =YEAR(C43) | E43: =MONTH(C43) | F43: B Hormigón | G43: B HORMIGON 25MM 12M A630-420H (N) | H43: B HORMIGON 25MM 12M A630-420H (N) | I43: RED 25 CR | J43: 110002941 | K43: 25 | O43: 12 | P43: 62928 | Q43: 67082.4 | R43: =IFERROR(P43/Q43,"") | S43: 0.95 | T43: =IF(R43>1,"A corregir","Válida") | U43: =Q43-P43 | V43: =IF(S43="",0,S43*Q43) | W43: 2026 | X43: 3 | Y43: 2026-S03
A44: 43046385 | B44: 46038.827 | C44: 46038 | D44: =YEAR(C44) | E44: =MONTH(C44) | F44: B Hormigón | G44: B HORMIGON 25MM 10M A630-420H (N) | H44: B HORMIGON 25MM 10M A630-420H (N) | I44: RED 25 CR | J44: 110002943 | K44: 25 | O44: 10 | P44: 182827 | Q44: 191664 | R44: =IFERROR(P44/Q44,"") | S44: 0.95 | T44: =IF(R44>1,"A corregir","Válida") | U44: =Q44-P44 | V44: =IF(S44="",0,S44*Q44) | W44: 2026 | X44: 3 | Y44: 2026-S03
A45: 43046386 | B45: 46039.165 | C45: 46039 | D45: =YEAR(C45) | E45: =MONTH(C45) | F45: B Hormigón | G45: B HORMIGON 25MM 10M A630-420H (N) | H45: B HORMIGON 25MM 10M A630-420H (N) | I45: RED 25 CR | J45: 110002943 | K45: 25 | O45: 10 | P45: 23015 | Q45: 24684 | R45: =IFERROR(P45/Q45,"") | S45: 0.95 | T45: =IF(R45>1,"A corregir","Válida") | U45: =Q45-P45 | V45: =IF(S45="",0,S45*Q45) | W45: 2026 | X45: 3 | Y45: 2026-S03
A46: 43046387 | B46: 46039.219 | C46: 46039 | D46: =YEAR(C46) | E46: =MONTH(C46) | F46: B Hormigón | G46: B HORMIGON 25MM 9M A630-420H (N) | H46: B HORMIGON 25MM 9M A630-420H (N) | I46: RED 25 CR | J46: 110002905 | K46: 25 | O46: 9 | P46: 57330 | Q46: 60984 | R46: =IFERROR(P46/Q46,"") | S46: 0.95 | T46: =IF(R46>1,"A corregir","Válida") | U46: =Q46-P46 | V46: =IF(S46="",0,S46*Q46) | W46: 2026 | X46: 3 | Y46: 2026-S03
A47: 43046393 | B47: 46039.342 | C47: 46039 | D47: =YEAR(C47) | E47: =MONTH(C47) | F47: B Hormigón | G47: B HORMIGON 25MM 7M A630-420H (N) | H47: B HORMIGON 25MM 7M A630-420H (N) | I47: RED 25 CR | J47: 110002927 | K47: 25 | O47: 7 | P47: 82831 | Q47: 88281.6 | R47: =IFERROR(P47/Q47,"") | S47: 0.95 | T47: =IF(R47>1,"A corregir","Válida") | U47: =Q47-P47 | V47: =IF(S47="",0,S47*Q47) | W47: 2026 | X47: 3 | Y47: 2026-S03
A48: 43046420 | B48: 46041.05 | C48: 46041 | D48: =YEAR(C48) | E48: =MONTH(C48) | F48: B Hormigón | G48: B HORMIGON 25MM 8M A630-420H (N) | H48: B HORMIGON 25MM 8M A630-420H (N) | I48: RED 25 CR | J48: 110002921 | K48: 25 | O48: 8 | P48: 24872 | Q48: 26928 | R48: =IFERROR(P48/Q48,"") | S48: 0.95 | T48: =IF(R48>1,"A corregir","Válida") | U48: =Q48-P48 | V48: =IF(S48="",0,S48*Q48) | W48: 2026 | X48: 4 | Y48: 2026-S04
A49: 43046421 | B49: 46041.119 | C49: 46041 | D49: =YEAR(C49) | E49: =MONTH(C49) | F49: B Hormigón | G49: B HORMIGON 25MM 9M A630-420H (N) | H49: B HORMIGON 25MM 9M A630-420H (N) | I49: RED 25 CR | J49: 110002905 | K49: 25 | O49: 9 | P49: 33662 | Q49: 36352.8 | R49: =IFERROR(P49/Q49,"") | S49: 0.95 | T49: =IF(R49>1,"A corregir","Válida") | U49: =Q49-P49 | V49: =IF(S49="",0,S49*Q49) | W49: 2026 | X49: 4 | Y49: 2026-S04
A50: 43046390 | B50: 46041.183 | C50: 46041 | D50: =YEAR(C50) | E50: =MONTH(C50) | F50: B Hormigón | G50: B HORMIGON 25MM 6M A630-420H (N) | H50: B HORMIGON 25MM 6M A630-420H (N) | I50: RED 25 CR | J50: 110002923 | K50: 25 | O50: 6 | P50: 38630 | Q50: 41289.6 | R50: =IFERROR(P50/Q50,"") | S50: 0.95 | T50: =IF(R50>1,"A corregir","Válida") | U50: =Q50-P50 | V50: =IF(S50="",0,S50*Q50) | W50: 2026 | X50: 4 | Y50: 2026-S04
A51: 43046394 | B51: 46041.262 | C51: 46041 | D51: =YEAR(C51) | E51: =MONTH(C51) | F51: B Hormigón | G51: B HORMIGON 25MM 12M A630-420HS (N) | H51: B HORMIGON 25MM 12M A630-420HS (N) | I51: RED 25 CR | J51: 110007122 | K51: 25 | O51: 12 | P51: 27516 | Q51: 29620.8 | R51: =IFERROR(P51/Q51,"") | S51: 0.95 | T51: =IF(R51>1,"A corregir","Válida") | U51: =Q51-P51 | V51: =IF(S51="",0,S51*Q51) | W51: 2026 | X51: 4 | Y51: 2026-S04
A52: 43046396 | B52: 46041.315 | C52: 46041 | D52: =YEAR(C52) | E52: =MONTH(C52) | F52: B Hormigón | G52: B HORMIGON 25MM 11M A630-420HS (N) | H52: B HORMIGON 25MM 11M A630-420HS (N) | I52: RED 25 CR | J52: 110007414 | K52: 25 | O52: 11 | P52: 24036 | Q52: 25132.8 | R52: =IFERROR(P52/Q52,"") | S52: 0.95 | T52: =IF(R52>1,"A corregir","Válida") | U52: =Q52-P52 | V52: =IF(S52="",0,S52*Q52) | W52: 2026 | X52: 4 | Y52: 2026-S04
A53: 43046398 | B53: 46041.36 | C53: 46041 | D53: =YEAR(C53) | E53: =MONTH(C53) | F53: B Hormigón | G53: B HORMIGON 25MM 9M A630-420HS (N) | H53: B HORMIGON 25MM 9M A630-420HS (N) | I53: RED 25 CR | J53: 110007412 | K53: 25 | O53: 9 | P53: 40747 | Q53: 43533.6 | R53: =IFERROR(P53/Q53,"") | S53: 0.95 | T53: =IF(R53>1,"A corregir","Válida") | U53: =Q53-P53 | V53: =IF(S53="",0,S53*Q53) | W53: 2026 | X53: 4 | Y53: 2026-S04
A54: 43046400 | B54: 46041.518 | C54: 46041 | D54: =YEAR(C54) | E54: =MONTH(C54) | F54: Plana | G54: PLANA 50X6MM 6M A270ES (N) | H54: PLANA 50X6MM 6M A270ES (N) | I54: PL 50 x 6 | J54: 109013901 | L54: 50 | M54: 6 | O54: 6 | P54: 72553 | Q54: 77193.6 | R54: =IFERROR(P54/Q54,"") | S54: 0.96 | T54: =IF(R54>1,"A corregir","Válida") | U54: =Q54-P54 | V54: =IF(S54="",0,S54*Q54) | W54: 2026 | X54: 4 | Y54: 2026-S04
A55: 43046424 | B55: 46041.782 | C55: 46041 | D55: =YEAR(C55) | E55: =MONTH(C55) | F55: Plana | G55: PLANA 75X12MM 6M A270ES | H55: PLANA 75X12MM 6M A270ES | L55: 75 | M55: 12 | O55: 6 | P55: 25145 | Q55: 32762.4 | R55: =IFERROR(P55/Q55,"") | S55: 0.945 | T55: =IF(R55>1,"A corregir","Válida") | U55: =Q55-P55 | V55: =IF(S55="",0,S55*Q55) | W55: 2026 | X55: 4 | Y55: 2026-S04
A56: 43046425 | B56: 46041.952 | C56: 46041 | D56: =YEAR(C56) | E56: =MONTH(C56) | F56: Plana | G56: PLANA 75X10MM 6M A270ES (N) | H56: PLANA 75X10MM 6M A270ES (N) | I56: PL 75 x 10 | J56: 109013907 | L56: 75 | M56: 10 | O56: 6 | P56: 73055 | Q56: 78091.2 | R56: =IFERROR(P56/Q56,"") | S56: 0.947 | T56: =IF(R56>1,"A corregir","Válida") | U56: =Q56-P56 | V56: =IF(S56="",0,S56*Q56) | W56: 2026 | X56: 4 | Y56: 2026-S04
A57: 43046426 | B57: 46042.103 | C57: 46042 | D57: =YEAR(C57) | E57: =MONTH(C57) | F57: Plana | G57: PLANA 75X8MM 6M A270ES (N) | H57: PLANA 75X8MM 6M A270ES (N) | I57: PL 75 x 8 | J57: 109013909 | L57: 75 | M57: 8 | O57: 6 | P57: 60035 | Q57: 64178.4 | R57: =IFERROR(P57/Q57,"") | S57: 0.951 | T57: =IF(R57>1,"A corregir","Válida") | U57: =Q57-P57 | V57: =IF(S57="",0,S57*Q57) | W57: 2026 | X57: 4 | Y57: 2026-S04
A58: 43046427 | B58: 46042.268 | C58: 46042 | D58: =YEAR(C58) | E58: =MONTH(C58) | F58: Plana | G58: PLANA 75X6MM 6M A270ES (N) | H58: PLANA 75X6MM 6M A270ES (N) | I58: PL 75 x 6 | J58: 109013911 | L58: 75 | M58: 6 | O58: 6 | P58: 30556 | Q58: 30069.6 | R58: =IFERROR(P58/Q58,"") | S58: 0.954 | T58: =IF(R58>1,"A corregir","Válida") | U58: =Q58-P58 | V58: =IF(S58="",0,S58*Q58) | W58: 2026 | X58: 4 | Y58: 2026-S04
A59: 43046428 | B59: 46042.39 | C59: 46042 | D59: =YEAR(C59) | E59: =MONTH(C59) | F59: Plana | G59: PLANA 75X5MM 6M A270ES (N) | H59: PLANA 75X5MM 6M A270ES (N) | I59: PL 75 x 5 | J59: 109013908 | L59: 75 | M59: 5 | O59: 6 | P59: 44066 | Q59: 50265.6 | R59: =IFERROR(P59/Q59,"") | S59: 0.956 | T59: =IF(R59>1,"A corregir","Válida") | U59: =Q59-P59 | V59: =IF(S59="",0,S59*Q59) | W59: 2026 | X59: 4 | Y59: 2026-S04
A60: 43046434 | B60: 46042.595 | C60: 46042 | D60: =YEAR(C60) | E60: =MONTH(C60) | F60: Ángulo | G60: ANGULO 65X65X10MM A270ES | H60: ANGULO SEMI 65X65X10MM A270ES | I60: ANG 65 x 10 | J60: 106501052 | L60: 65 | M60: 10 | O60: 6 | P60: 31232 | Q60: 33660 | R60: =IFERROR(P60/Q60,"") | S60: 0.947 | T60: =IF(R60>1,"A corregir","Válida") | U60: =Q60-P60 | V60: =IF(S60="",0,S60*Q60) | W60: 2026 | X60: 4 | Y60: 2026-S04
A61: 43046435 | B61: 46042.73 | C61: 46042 | D61: =YEAR(C61) | E61: =MONTH(C61) | F61: Ángulo | G61: ANGULO 65X65X6MM A270ES | H61: ANGULO SEMI 65X65X6MM A270ES | I61: ANG 65 x 6 | J61: 106501057 | L61: 65 | M61: 6 | O61: 6 | P61: 70432 | Q61: 75398.4 | R61: =IFERROR(P61/Q61,"") | S61: 0.951 | T61: =IF(R61>1,"A corregir","Válida") | U61: =Q61-P61 | V61: =IF(S61="",0,S61*Q61) | W61: 2026 | X61: 4 | Y61: 2026-S04
A62: 43046436 | B62: 46042.884 | C62: 46042 | D62: =YEAR(C62) | E62: =MONTH(C62) | F62: Ángulo | G62: ANGULO 65X65X6MM A270ES | H62: ANGULO SEMI 65X65X6MM A270ES | I62: ANG 65 x 6 | J62: 106501057 | L62: 65 | M62: 6 | O62: 6 | P62: 26112 | Q62: 27376.8 | R62: =IFERROR(P62/Q62,"") | S62: 0.951 | T62: =IF(R62>1,"A corregir","Válida") | U62: =Q62-P62 | V62: =IF(S62="",0,S62*Q62) | W62: 2026 | X62: 4 | Y62: 2026-S04
A63: 43046438 | B63: 46042.972 | C63: 46042 | D63: =YEAR(C63) | E63: =MONTH(C63) | F63: Ángulo | G63: ANGULO 65X65X5MM A270ES | H63: ANGULO SEMI 65X65X5MM A270ES | I63: ANG 65 x 5 | J63: 106501053 | L63: 65 | M63: 5 | O63: 6 | P63: 137217 | Q63: 147206.4 | R63: =IFERROR(P63/Q63,"") | S63: 0.951 | T63: =IF(R63>1,"A corregir","Válida") | U63: =Q63-P63 | V63: =IF(S63="",0,S63*Q63) | W63: 2026 | X63: 4 | Y63: 2026-S04
A64: 43046437 | B64: 46043.079 | C64: 46043 | D64: =YEAR(C64) | E64: =MONTH(C64) | F64: Ángulo | G64: ANG 65X65X5MM 12M ASTM A572 T2 (N) | H64: ANG SEMI 65X65X5MM 12M ASTM A572 T2 (N) | I64: ANG 65 x 5 | J64: 119502817 | L64: 65 | M64: 5 | O64: 12 | P64: 23239 | Q64: 25132.8 | R64: =IFERROR(P64/Q64,"") | S64: 0.97 | T64: =IF(R64>1,"A corregir","Válida") | U64: =Q64-P64 | V64: =IF(S64="",0,S64*Q64) | W64: 2026 | X64: 4 | Y64: 2026-S04
A65: 43046443 | B65: 46043.748 | C65: 46043 | D65: =YEAR(C65) | E65: =MONTH(C65) | F65: Saferock | G65: SAFEROCK 22MM 10,8M A280 | H65: SAFEROCK SEMI 22MM 10,8M A280 | I65: SFRCK 22 | J65: 119502095 | K65: 22 | O65: 10.8 | P65: 27349 | Q65: 29620.8 | R65: =IFERROR(P65/Q65,"") | S65: 0.96 | T65: =IF(R65>1,"A corregir","Válida") | U65: =Q65-P65 | V65: =IF(S65="",0,S65*Q65) | W65: 2026 | X65: 4 | Y65: 2026-S04
A66: 43046481 | B66: 46043.836 | C66: 46043 | D66: =YEAR(C66) | E66: =MONTH(C66) | F66: Saferock | G66: SAFEROCK 22MM 12M A280 | H66: SAFEROCK 22MM 12M A280 | I66: SFRCK 22 | J66: 106025569 | K66: 22 | O66: 12 | P66: 163929 | Q66: 176140.8 | R66: =IFERROR(P66/Q66,"") | S66: 0.959 | T66: =IF(R66>1,"A corregir","Válida") | U66: =Q66-P66 | V66: =IF(S66="",0,S66*Q66) | W66: 2026 | X66: 4 | Y66: 2026-S04
A67: 43046439 | B67: 46044.17 | C67: 46044 | D67: =YEAR(C67) | E67: =MONTH(C67) | F67: Saferock | G67: SAFEROCK 22MM 6M A280 | H67: SAFEROCK 22MM 6M A280 | I67: SFRCK 22 | J67: 106025587 | K67: 22 | O67: 6 | P67: 23202 | Q67: 19430.4 | R67: =IFERROR(P67/Q67,"") | S67: 0.959 | T67: =IF(R67>1,"A corregir","Válida") | U67: =Q67-P67 | V67: =IF(S67="",0,S67*Q67) | W67: 2026 | X67: 4 | Y67: 2026-S04
A68: 43046442 | B68: 46044.219 | C68: 46044 | D68: =YEAR(C68) | E68: =MONTH(C68) | F68: Saferock | G68: SAFEROCK 22MM 12M A280 | H68: SAFEROCK SEMI 22MM 12M A280 | I68: SFRCK 22 | J68: 106025569 | K68: 22 | O68: 12 | P68: 52097 | Q68: 54912 | R68: =IFERROR(P68/Q68,"") | S68: 0.959 | T68: =IF(R68>1,"A corregir","Válida") | U68: =Q68-P68 | V68: =IF(S68="",0,S68*Q68) | W68: 2026 | X68: 4 | Y68: 2026-S04
A69: 43046487 | B69: 46044.351 | C69: 46044 | D69: =YEAR(C69) | E69: =MONTH(C69) | F69: Saferock | G69: SAFEROCK 22MM 10.5M A280 | H69: SAFEROCK 22MM 10.5M A280 | I69: SFRCK 22 | J69: 106043321 | K69: 22 | O69: 10.5 | P69: 23187 | Q69: 16051.2 | R69: =IFERROR(P69/Q69,"") | S69: 0.97 | T69: =IF(R69>1,"A corregir","Válida") | U69: =Q69-P69 | V69: =IF(S69="",0,S69*Q69) | W69: 2026 | X69: 4 | Y69: 2026-S04
A70: 43046489 | B70: 46044.395 | C70: 46044 | D70: =YEAR(C70) | E70: =MONTH(C70) | F70: Saferock | G70: SAFEROCK 22MM 10,5M A280 | H70: SAFEROCK SEMI 22MM 10,5M A280 | I70: SFRCK 22 | J70: 106501802 | K70: 22 | O70: 10.5 | P70: 49093 | Q70: 48153.6 | R70: =IFERROR(P70/Q70,"") | S70: 0.958 | T70: =IF(R70>1,"A corregir","Válida") | U70: =Q70-P70 | V70: =IF(S70="",0,S70*Q70) | W70: 2026 | X70: 4 | Y70: 2026-S04
A71: 43046446 | B71: 46044.504 | C71: 46044 | D71: =YEAR(C71) | E71: =MONTH(C71) | F71: Saferock | G71: SAFEROCK 22MM 10M A280 | H71: SAFEROCK SEMI 22MM 10M A280 | I71: SFRCK 22 | J71: 106043322 | K71: 22 | O71: 10 | P71: 46669 | Q71: 49368 | R71: =IFERROR(P71/Q71,"") | S71: 0.953 | T71: =IF(R71>1,"A corregir","Válida") | U71: =Q71-P71 | V71: =IF(S71="",0,S71*Q71) | W71: 2026 | X71: 4 | Y71: 2026-S04
A72: 43046447 | B72: 46044.588 | C72: 46044 | D72: =YEAR(C72) | E72: =MONTH(C72) | F72: Saferock | G72: SAFEROCK 22MM 9,6M A280 | H72: SAFEROCK SEMI 22MM 9,6M A280 | I72: SFRCK 22 | J72: 106503248 | K72: 22 | O72: 9.6 | P72: 135071 | Q72: 142269.6 | R72: =IFERROR(P72/Q72,"") | S72: 0.957 | T72: =IF(R72>1,"A corregir","Válida") | U72: =Q72-P72 | V72: =IF(S72="",0,S72*Q72) | W72: 2026 | X72: 4 | Y72: 2026-S04
A73: 43046433 | B73: 46045.027 | C73: 46045 | D73: =YEAR(C73) | E73: =MONTH(C73) | F73: Saferock | G73: SAFEROCK 22MM 10,5M A280D | H73: SAFEROCK SEMI 22MM 10,5M A280D | I73: SFRCK 22 | J73: 119506836 | K73: 22 | O73: 10.5 | P73: 144360 | Q73: 165607.2 | R73: =IFERROR(P73/Q73,"") | S73: 0.97 | T73: =IF(R73>1,"A corregir","Válida") | U73: =Q73-P73 | V73: =IF(S73="",0,S73*Q73) | W73: 2026 | X73: 4 | Y73: 2026-S04
A74: 43046449 | B74: 46045.593 | C74: 46045 | D74: =YEAR(C74) | E74: =MONTH(C74) | F74: Saferock | G74: SAFEROCK 19MM 11,96M A520 | H74: SAFEROCK 19MM 11,96M A520 | I74: SFRCK 19 | J74: 119505901 | K74: 19 | O74: 6 | P74: 28084 | Q74: 30967.2 | R74: =IFERROR(P74/Q74,"") | S74: 0.97 | T74: =IF(R74>1,"A corregir","Válida") | U74: =Q74-P74 | V74: =IF(S74="",0,S74*Q74) | W74: 2026 | X74: 4 | Y74: 2026-S04
A75: 43046476 | B75: 46045.711 | C75: 46045 | D75: =YEAR(C75) | E75: =MONTH(C75) | F75: B Hormigón | G75: B HORMIGON 18MM 12M A630-420H (N) | H75: B HORMIGON 18MM 12M A630-420H (N) | I75: RED 18 CR | J75: 110002938 | K75: 18 | O75: 12 | P75: 566071 | Q75: 594211.2 | R75: =IFERROR(P75/Q75,"") | S75: 0.96 | T75: =IF(R75>1,"A corregir","Válida") | U75: =Q75-P75 | V75: =IF(S75="",0,S75*Q75) | W75: 2026 | X75: 4 | Y75: 2026-S04
A76: 43046477 | B76: 46048.29 | C76: 46048 | D76: =YEAR(C76) | E76: =MONTH(C76) | F76: B Hormigón | G76: B HORMIGON 18MM 10M A630-420H (N) | H76: B HORMIGON 18MM 10M A630-420H (N) | I76: RED 18 CR | J76: 110002924 | K76: 18 | O76: 10 | P76: 11966 | Q76: 12566.4 | R76: =IFERROR(P76/Q76,"") | S76: 0.96 | T76: =IF(R76>1,"A corregir","Válida") | U76: =Q76-P76 | V76: =IF(S76="",0,S76*Q76) | W76: 2026 | X76: 5 | Y76: 2026-S05
A77: 43046402 | B77: 46048.733 | C77: 46048 | D77: =YEAR(C77) | E77: =MONTH(C77) | F77: Plana | G77: PLANA 100X12MM 6M A270ES (N) | H77: PLANA 100X12MM 6M A270ES (N) | I77: PL 100 x 12 | J77: 109007135 | L77: 100 | M77: 12 | O77: 6 | P77: 30960 | Q77: 33211.2 | R77: =IFERROR(P77/Q77,"") | S77: 0.951 | T77: =IF(R77>1,"A corregir","Válida") | U77: =Q77-P77 | V77: =IF(S77="",0,S77*Q77) | W77: 2026 | X77: 5 | Y77: 2026-S05
A78: 43046527 | B78: 46048.807 | C78: 46048 | D78: =YEAR(C78) | E78: =MONTH(C78) | F78: Plana | G78: PLANA 100X10MM 6M A270ES (N) | H78: PLANA 100X10MM 6M A270ES (N) | I78: PL 100 x 10 | J78: 109007136 | L78: 100 | M78: 10 | O78: 6 | P78: 70530 | Q78: 75398.4 | R78: =IFERROR(P78/Q78,"") | S78: 0.955 | T78: =IF(R78>1,"A corregir","Válida") | U78: =Q78-P78 | V78: =IF(S78="",0,S78*Q78) | W78: 2026 | X78: 5 | Y78: 2026-S05
A79: 43046404 | B79: 46049.03 | C79: 46049 | D79: =YEAR(C79) | E79: =MONTH(C79) | F79: Plana | G79: PLANA 100X8MM 6M A270ES (N) | H79: PLANA 100X8MM 6M A270ES (N) | I79: PL 100 x 8 | J79: 109007137 | L79: 100 | M79: 8 | O79: 6 | P79: 26018 | Q79: 29172 | R79: =IFERROR(P79/Q79,"") | S79: 0.952 | T79: =IF(R79>1,"A corregir","Válida") | U79: =Q79-P79 | V79: =IF(S79="",0,S79*Q79) | W79: 2026 | X79: 5 | Y79: 2026-S05
A80: 43046528 | B80: 46049.086 | C80: 46049 | D80: =YEAR(C80) | E80: =MONTH(C80) | F80: Plana | G80: PLANA 100X8MM 6M A270ES (N) | H80: PLANA 100X8MM 6M A270ES (N) | I80: PL 100 x 8 | J80: 109007137 | L80: 100 | M80: 8 | O80: 6 | P80: 5192 | Q80: 4224 | R80: =IFERROR(P80/Q80,"") | S80: 0.952 | T80: =IF(R80>1,"A corregir","Válida") | U80: =Q80-P80 | V80: =IF(S80="",0,S80*Q80) | W80: 2026 | X80: 5 | Y80: 2026-S05
A81: 43046529 | B81: 46049.183 | C81: 46049 | D81: =YEAR(C81) | E81: =MONTH(C81) | F81: Plana | G81: PLANA 100X5MM 6M A270ES (N) | H81: PLANA 100X5MM 6M A270ES (N) | I81: PL 100 x 5 | J81: 109007139 | L81: 100 | M81: 5 | O81: 6 | P81: 53597 | Q81: 55756.8 | R81: =IFERROR(P81/Q81,"") | S81: 0.96 | T81: =IF(R81>1,"A corregir","Válida") | U81: =Q81-P81 | V81: =IF(S81="",0,S81*Q81) | W81: 2026 | X81: 5 | Y81: 2026-S05
A82: 43046530 | B82: 46049.299 | C82: 46049 | D82: =YEAR(C82) | E82: =MONTH(C82) | F82: Plana | G82: PLANA 100X5MM 6M A270ES (N) | H82: PLANA 100X5MM 6M A270ES (N) | I82: PL 100 x 5 | J82: 109007139 | L82: 100 | M82: 5 | O82: 6 | P82: 56034 | Q82: 58792.8 | R82: =IFERROR(P82/Q82,"") | S82: 0.96 | T82: =IF(R82>1,"A corregir","Válida") | U82: =Q82-P82 | V82: =IF(S82="",0,S82*Q82) | W82: 2026 | X82: 5 | Y82: 2026-S05
A83: 43046507 | B83: 46049.595 | C83: 46049 | D83: =YEAR(C83) | E83: =MONTH(C83) | F83: Saferock | G83: SAFEROCK 25MM 12M A420 | H83: SAFEROCK SEMI 25MM 12M A420 | I83: SFR 25 | J83: 106025583 | K83: 25 | O83: 12 | P83: 121314 | Q83: 127908 | R83: =IFERROR(P83/Q83,"") | S83: 0.953 | T83: =IF(R83>1,"A corregir","Válida") | U83: =Q83-P83 | V83: =IF(S83="",0,S83*Q83) | W83: 2026 | X83: 5 | Y83: 2026-S05
A84: 43046536 | B84: 46049.714 | C84: 46049 | D84: =YEAR(C84) | E84: =MONTH(C84) | F84: Saferock | G84: SAFEROCK 25MM 12M A420 | H84: SAFEROCK 25MM 12M A420 | I84: SFR 25 | J84: 106025583 | K84: 25 | O84: 12 | P84: 147042 | Q84: 155733.6 | R84: =IFERROR(P84/Q84,"") | S84: 0.953 | T84: =IF(R84>1,"A corregir","Válida") | U84: =Q84-P84 | V84: =IF(S84="",0,S84*Q84) | W84: 2026 | X84: 5 | Y84: 2026-S05
A85: 43046508 | B85: 46049.893 | C85: 46049 | D85: =YEAR(C85) | E85: =MONTH(C85) | F85: Saferock | G85: SAFEROCK 25MM 11,6M A420 | H85: SAFEROCK SEMI 25MM 11,6M A420 | I85: SFR 25 | J85: 106047304 | K85: 25 | O85: 11.6 | P85: 31491 | Q85: 34557.6 | R85: =IFERROR(P85/Q85,"") | S85: 0.954 | T85: =IF(R85>1,"A corregir","Válida") | U85: =Q85-P85 | V85: =IF(S85="",0,S85*Q85) | W85: 2026 | X85: 5 | Y85: 2026-S05
A86: 43046509 | B86: 46050.271 | C86: 46050 | D86: =YEAR(C86) | E86: =MONTH(C86) | F86: Saferock | G86: SAFEROCK 25MM 10,8M A420 | H86: SAFEROCK SEMI 25MM 10,8M A420 | I86: SFR 25 | J86: 106047303 | K86: 25 | O86: 10.8 | P86: 45275 | Q86: 47572.8 | R86: =IFERROR(P86/Q86,"") | S86: 0.953 | T86: =IF(R86>1,"A corregir","Válida") | U86: =Q86-P86 | V86: =IF(S86="",0,S86*Q86) | W86: 2026 | X86: 5 | Y86: 2026-S05
A87: 43046510 | B87: 46050.353 | C87: 46050 | D87: =YEAR(C87) | E87: =MONTH(C87) | F87: Saferock | G87: SAFEROCK 25MM 10M A420 | H87: SAFEROCK SEMI 25MM 10M A420 | I87: SFR 25 | J87: 106043671 | K87: 25 | O87: 10 | P87: 58065 | Q87: 63280.8 | R87: =IFERROR(P87/Q87,"") | S87: 0.954 | T87: =IF(R87>1,"A corregir","Válida") | U87: =Q87-P87 | V87: =IF(S87="",0,S87*Q87) | W87: 2026 | X87: 5 | Y87: 2026-S05
A88: 43046511 | B88: 46050.468 | C88: 46050 | D88: =YEAR(C88) | E88: =MONTH(C88) | F88: Saferock | G88: SAFEROCK 25MM 10M A420 | H88: SAFEROCK 25MM 10M A420 | I88: SFR 25 | J88: 106043671 | K88: 25 | O88: 10 | P88: 64700 | Q88: 69115.2 | R88: =IFERROR(P88/Q88,"") | S88: 0.954 | T88: =IF(R88>1,"A corregir","Válida") | U88: =Q88-P88 | V88: =IF(S88="",0,S88*Q88) | W88: 2026 | X88: 5 | Y88: 2026-S05
A89: 43046512 | B89: 46050.593 | C89: 46050 | D89: =YEAR(C89) | E89: =MONTH(C89) | F89: Saferock | G89: SAFEROCK 25MM 12M A520D | H89: SAFEROCK 25MM 12M A520D | I89: SFR 25 | J89: 119506719 | K89: 25 | O89: 12 | P89: 28034 | Q89: 29620.8 | R89: =IFERROR(P89/Q89,"") | S89: 0.97 | T89: =IF(R89>1,"A corregir","Válida") | U89: =Q89-P89 | V89: =IF(S89="",0,S89*Q89) | W89: 2026 | X89: 5 | Y89: 2026-S05
A90: 43046505 | B90: 46050.685 | C90: 46050 | D90: =YEAR(C90) | E90: =MONTH(C90) | F90: Redondo liso | G90: REDONDO LISO 1' 6M A615 GR60(P) | H90: REDONDO LISO 1' 6M A615 GR60(P) | K90: 25.4 | O90: 6 | P90: 55030 | Q90: 59241.6 | R90: =IFERROR(P90/Q90,"") | S90: 0.97 | T90: =IF(R90>1,"A corregir","Válida") | U90: =Q90-P90 | V90: =IF(S90="",0,S90*Q90) | W90: 2026 | X90: 5 | Y90: 2026-S05
A91: 43046513 | B91: 46050.78 | C91: 46050 | D91: =YEAR(C91) | E91: =MONTH(C91) | F91: Redondo liso | G91: REDONDO LISO 1' 6M SAE 1020 (N) | H91: REDONDO LISO 1' 6M SAE 1020 (N) | I91: RED 1 | J91: 109006911 | K91: 25.4 | O91: 6 | P91: 129938 | Q91: 138230.4 | R91: =IFERROR(P91/Q91,"") | S91: 0.947 | T91: =IF(R91>1,"A corregir","Válida") | U91: =Q91-P91 | V91: =IF(S91="",0,S91*Q91) | W91: 2026 | X91: 5 | Y91: 2026-S05
A92: 43046514 | B92: 46051.006 | C92: 46051 | D92: =YEAR(C92) | E92: =MONTH(C92) | F92: Redondo liso | G92: REDONDO LISO 1' 6M SAE 1045 (N) | H92: REDONDO LISO 1' 6M SAE 1045 (N) | I92: RED 1 | J92: 109006875 | K92: 25.4 | O92: 6 | P92: 47334 | Q92: 49816.8 | R92: =IFERROR(P92/Q92,"") | S92: 0.947 | T92: =IF(R92>1,"A corregir","Válida") | U92: =Q92-P92 | V92: =IF(S92="",0,S92*Q92) | W92: 2026 | X92: 5 | Y92: 2026-S05
A93: 43046515 | B93: 46051.156 | C93: 46051 | D93: =YEAR(C93) | E93: =MONTH(C93) | F93: Plana | G93: PLANA 50X8MM 6M A270ES (N) | H93: PLANA 50X8MM 6M A270ES (N) | I93: PL 50 x 8 | J93: 109013900 | L93: 50 | M93: 8 | O93: 6 | P93: 45826 | Q93: 48919.2 | R93: =IFERROR(P93/Q93,"") | S93: 0.957 | T93: =IF(R93>1,"A corregir","Válida") | U93: =Q93-P93 | V93: =IF(S93="",0,S93*Q93) | W93: 2026 | X93: 5 | Y93: 2026-S05
A94: 43046516 | B94: 46051.288 | C94: 46051 | D94: =YEAR(C94) | E94: =MONTH(C94) | F94: Plana | G94: PLANA 50X5MM 6M A270ES (N) | H94: PLANA 50X5MM 6M A270ES (N) | I94: PL 50 x 5 | J94: 109013902 | L94: 50 | M94: 5 | O94: 6 | P94: 98031 | Q94: 105916.8 | R94: =IFERROR(P94/Q94,"") | S94: 0.96 | T94: =IF(R94>1,"A corregir","Válida") | U94: =Q94-P94 | V94: =IF(S94="",0,S94*Q94) | W94: 2026 | X94: 5 | Y94: 2026-S05
A95: 43046544 | B95: 46051.65 | C95: 46051 | D95: =YEAR(C95) | E95: =MONTH(C95) | F95: Ángulo | G95: ANGULO 30X30X5MM A270ES | H95: ANGULO SEMI 30X30X5MM A270ES | I95: ANG 30 x 5 | J95: 106501813 | L95: 30 | M95: 5 | O95: 6 | P95: 30890 | Q95: 33211.2 | R95: =IFERROR(P95/Q95,"") | S95: 0.958 | T95: =IF(R95>1,"A corregir","Válida") | U95: =Q95-P95 | V95: =IF(S95="",0,S95*Q95) | W95: 2026 | X95: 5 | Y95: 2026-S05
A96: 43046547 | B96: 46051.737 | C96: 46051 | D96: =YEAR(C96) | E96: =MONTH(C96) | F96: Ángulo | G96: ANGULO 30X30X3MM A270ES | H96: ANGULO SEMI 30X30X3MM A270ES | I96: ANG 30 x 3 | J96: 106501029 | L96: 30 | M96: 3 | O96: 6 | P96: 197450 | Q96: 215424 | R96: =IFERROR(P96/Q96,"") | S96: 0.96 | T96: =IF(R96>1,"A corregir","Válida") | U96: =Q96-P96 | V96: =IF(S96="",0,S96*Q96) | W96: 2026 | X96: 5 | Y96: 2026-S05
A97: 43046548 | B97: 46052.301 | C97: 46052 | D97: =YEAR(C97) | E97: =MONTH(C97) | F97: Cuadrado | G97: CUADRADO 18MM 6M COMERCIAL (N) | H97: CUADRADO 18MM 6M COMERCIAL (N) | I97: CUAD 18 | J97: 109007068 | N97: 18 | O97: 6 | P97: 32559 | Q97: 34557.6 | R97: =IFERROR(P97/Q97,"") | S97: 0.954 | T97: =IF(R97>1,"A corregir","Válida") | U97: =Q97-P97 | V97: =IF(S97="",0,S97*Q97) | W97: 2026 | X97: 5 | Y97: 2026-S05
A98: 43046550 | B98: 46052.42 | C98: 46052 | D98: =YEAR(C98) | E98: =MONTH(C98) | F98: Redondo liso | G98: REDONDO LISO 18MM 6M SAE 1020 (N) | H98: REDONDO LISO 18MM 6M SAE 1020 (N) | I98: RED 18 | J98: 109006919 | K98: 18 | O98: 6 | P98: 31973 | Q98: 34108.8 | R98: =IFERROR(P98/Q98,"") | S98: 0.953 | T98: =IF(R98>1,"A corregir","Válida") | U98: =Q98-P98 | V98: =IF(S98="",0,S98*Q98) | W98: 2026 | X98: 5 | Y98: 2026-S05
A99: 43046479 | B99: 46052.498 | C99: 46052 | D99: =YEAR(C99) | E99: =MONTH(C99) | F99: B Hormigón | G99: B HORMIGON 18MM 7M A630-420H (N) | H99: B HORMIGON 18MM 7M A630-420H (N) | I99: RED 18 CR | J99: 110002940 | K99: 18 | O99: 7 | P99: 23719 | Q99: 25132.8 | R99: =IFERROR(P99/Q99,"") | S99: 0.959 | T99: =IF(R99>1,"A corregir","Válida") | U99: =Q99-P99 | V99: =IF(S99="",0,S99*Q99) | W99: 2026 | X99: 5 | Y99: 2026-S05
A100: 43046561 | B100: 46052.545 | C100: 46052 | D100: =YEAR(C100) | E100: =MONTH(C100) | F100: B Hormigón | G100: B HORMIGON 18MM 8M A630-420H (N) | H100: B HORMIGON 18MM 8M A630-420H (N) | I100: RED 18 CR | J100: 110002952 | K100: 18 | O100: 8 | P100: 59215 | Q100: 62290.8 | R100: =IFERROR(P100/Q100,"") | S100: 0.96 | T100: =IF(R100>1,"A corregir","Válida") | U100: =Q100-P100 | V100: =IF(S100="",0,S100*Q100) | W100: 2026 | X100: 5 | Y100: 2026-S05
A101: 43046562 | B101: 46052.655 | C101: 46052 | D101: =YEAR(C101) | E101: =MONTH(C101) | F101: B Hormigón | G101: B HORMIGON 18MM 9M A630-420H (N) | H101: B HORMIGON 18MM 9M A630-420H (N) | I101: RED 18 CR | J101: 110002951 | K101: 18 | O101: 9 | P101: 59730 | Q101: 63597.6 | R101: =IFERROR(P101/Q101,"") | S101: 0.959 | T101: =IF(R101>1,"A corregir","Válida") | U101: =Q101-P101 | V101: =IF(S101="",0,S101*Q101) | W101: 2026 | X101: 5 | Y101: 2026-S05
A102: 43046563 | B102: 46052.77 | C102: 46052 | D102: =YEAR(C102) | E102: =MONTH(C102) | F102: B Hormigón | G102: B HORMIGON 18MM 9M A630-420H (N) | H102: B HORMIGON 18MM 9M A630-420H (N) | I102: RED 18 CR | J102: 110002951 | K102: 18 | O102: 9 | P102: 9069 | Q102: 9873.6 | R102: =IFERROR(P102/Q102,"") | S102: 0.959 | T102: =IF(R102>1,"A corregir","Válida") | U102: =Q102-P102 | V102: =IF(S102="",0,S102*Q102) | W102: 2026 | X102: 5 | Y102: 2026-S05
A103: 43046564 | B103: 46052.794 | C103: 46052 | D103: =YEAR(C103) | E103: =MONTH(C103) | F103: B Hormigón | G103: B HORMIGON 18MM 12M A630-420H (N) | H103: B HORMIGON 18MM 12M A630-420H (N) | I103: RED 18 CR | J103: 110002938 | K103: 18 | O103: 12 | P103: 108299 | Q103: 113546.4 | R103: =IFERROR(P103/Q103,"") | S103: 0.96 | T103: =IF(R103>1,"A corregir","Válida") | U103: =Q103-P103 | V103: =IF(S103="",0,S103*Q103) | W103: 2026 | X103: 5 | Y103: 2026-S05
...

Sheet Carta mensual
A1: Carta de control mensual
A2: Carta I-MR sobre el rendimiento ponderado (Σ kg producidos / Σ kg consumidos) de las órdenes válidas (≤ 100 %).
A4: Grupo: | B4: Todos | C4: ← elige un grupo de la lista (celda amarilla) o deja «Todos»
A5: Producto: | B5: Todos | C5: ← escribe el nombre exacto del producto (columna Producto de «Ordenes») o deja «Todos»
F7: LC (rend. ponderado) | G7: =IFERROR(SUM(E16:E24)/SUM(F16:F24),"") | H7: d2 = 1,128 es la constante de la carta I-MR para rangos móviles de 2 puntos.
F8: MR̄ (promedio rango móvil) | G8: =IFERROR(AVERAGE(J16:J24),"")
F9: σ = MR̄ / 1,128 | G9: =IFERROR(G8/1.128,"")
F10: LCS = LC + 3σ | G10: =IFERROR(G7+3*G9,"")
F11: LCI = LC − 3σ | G11: =IFERROR(G7-3*G9,"")
F12: Meta ponderada | G12: =IFERROR(SUMIFS(Ordenes!$V$2:$V$840,Ordenes!$T$2:$T$840,"Válida",Ordenes!$F$2:$F$840,IF($B$4="Todos","*",$B$4),Ordenes!$G$2:$G$840,IF($B$5="Todos","*",$B$5))/SUMIFS(Ordenes!$Q$2:$Q$840,Ordenes!$T$2:$T$840,"Válida",Ordenes!$F$2:$F$840,IF($B$4="Todos","*",$B$4),Ordenes!$G$2:$G$840,IF($B$5="Todos","*",$B$5)),"")
A15: Período | B15: Año | C15: Mes | D15: Órdenes válidas | E15: Kg producidos | F15: Kg consumidos | G15: Rend. met. | H15: Meta | I15: vs meta (pp) | J15: MR | K15: LC | L15: LCS | M15: LCI | N15: Estado | O15: Órdenes a corregir
A16: Ene 2026 | B16: 2026 | C16: 1 | D16: =COUNTIFS(Ordenes!$D$2:$D$840,$B16,Ordenes!$E$2:$E$840,$C16,Ordenes!$T$2:$T$840,"Válida",Ordenes!$F$2:$F$840,IF($B$4="Todos","*",$B$4),Ordenes!$G$2:$G$840,IF($B$5="Todos","*",$B$5)) | E16: =SUMIFS(Ordenes!$P$2:$P$840,Ordenes!$D$2:$D$840,$B16,Ordenes!$E$2:$E$840,$C16,Ordenes!$T$2:$T$840,"Válida",Ordenes!$F$2:$F$840,IF($B$4="Todos","*",$B$4),Ordenes!$G$2:$G$840,IF($B$5="Todos","*",$B$5)) | F16: =SUMIFS(Ordenes!$Q$2:$Q$840,Ordenes!$D$2:$D$840,$B16,Ordenes!$E$2:$E$840,$C16,Ordenes!$T$2:$T$840,"Válida",Ordenes!$F$2:$F$840,IF($B$4="Todos","*",$B$4),Ordenes!$G$2:$G$840,IF($B$5="Todos","*",$B$5)) | G16: =IF(F16=0,NA(),E16/F16) | H16: =IFERROR(SUMIFS(Ordenes!$V$2:$V$840,Ordenes!$D$2:$D$840,$B16,Ordenes!$E$2:$E$840,$C16,Ordenes!$T$2:$T$840,"Válida",Ordenes!$F$2:$F$840,IF($B$4="Todos","*",$B$4),Ordenes!$G$2:$G$840,IF($B$5="Todos","*",$B$5))/F16,NA()) | I16: =IFERROR((G16-H16)*100,"") | K16: =$G$7 | L16: =$G$10 | M16: =$G$11 | N16: =IF(ISNA(G16),"Sin producción",IF(L16="","Sin límites",IF(G16>L16,"▲ Sobre LCS",IF(G16<M16,"▼ Bajo LCI","En control")))) | O16: =COUNTIFS(Ordenes!$D$2:$D$840,$B16,Ordenes!$E$2:$E$840,$C16,Ordenes!$T$2:$T$840,"A corregir",Ordenes!$F$2:$F$840,IF($B$4="Todos","*",$B$4),Ordenes!$G$2:$G$840,IF($B$5="Todos","*",$B$5))
A17: Feb 2026 | B17: 2026 | C17: 2 | D17: =COUNTIFS(Ordenes!$D$2:$D$840,$B17,Ordenes!$E$2:$E$840,$C17,Ordenes!$T$2:$T$840,"Válida",Ordenes!$F$2:$F$840,IF($B$4="Todos","*",$B$4),Ordenes!$G$2:$G$840,IF($B$5="Todos","*",$B$5)) | E17: =SUMIFS(Ordenes!$P$2:$P$840,Ordenes!$D$2:$D$840,$B17,Ordenes!$E$2:$E$840,$C17,Ordenes!$T$2:$T$840,"Válida",Ordenes!$F$2:$F$840,IF($B$4="Todos","*",$B$4),Ordenes!$G$2:$G$840,IF($B$5="Todos","*",$B$5)) | F17: =SUMIFS(Ordenes!$Q$2:$Q$840,Ordenes!$D$2:$D$840,$B17,Ordenes!$E$2:$E$840,$C17,Ordenes!$T$2:$T$840,"Válida",Ordenes!$F$2:$F$840,IF($B$4="Todos","*",$B$4),Ordenes!$G$2:$G$840,IF($B$5="Todos","*",$B$5)) | G17: =IF(F17=0,NA(),E17/F17) | H17: =IFERROR(SUMIFS(Ordenes!$V$2:$V$840,Ordenes!$D$2:$D$840,$B17,Ordenes!$E$2:$E$840,$C17,Ordenes!$T$2:$T$840,"Válida",Ordenes!$F$2:$F$840,IF($B$4="Todos","*",$B$4),Ordenes!$G$2:$G$840,IF($B$5="Todos","*",$B$5))/F17,NA()) | I17: =IFERROR((G17-H17)*100,"") | J17: =IFERROR(ABS(G17-G16),"") | K17: =$G$7 | L17: =$G$10 | M17: =$G$11 | N17: =IF(ISNA(G17),"Sin producción",IF(L17="","Sin límites",IF(G17>L17,"▲ Sobre LCS",IF(G17<M17,"▼ Bajo LCI","En control")))) | O17: =COUNTIFS(Ordenes!$D$2:$D$840,$B17,Ordenes!$E$2:$E$840,$C17,Ordenes!$T$2:$T$840,"A corregir",Ordenes!$F$2:$F$840,IF($B$4="Todos","*",$B$4),Ordenes!$G$2:$G$840,IF($B$5="Todos","*",$B$5))
A18: Mar 2026 | B18: 2026 | C18: 3 | D18: =COUNTIFS(Ordenes!$D$2:$D$840,$B18,Ordenes!$E$2:$E$840,$C18,Ordenes!$T$2:$T$840,"Válida",Ordenes!$F$2:$F$840,IF($B$4="Todos","*",$B$4),Ordenes!$G$2:$G$840,IF($B$5="Todos","*",$B$5)) | E18: =SUMIFS(Ordenes!$P$2:$P$840,Ordenes!$D$2:$D$840,$B18,Ordenes!$E$2:$E$840,$C18,Ordenes!$T$2:$T$840,"Válida",Ordenes!$F$2:$F$840,IF($B$4="Todos","*",$B$4),Ordenes!$G$2:$G$840,IF($B$5="Todos","*",$B$5)) | F18: =SUMIFS(Ordenes!$Q$2:$Q$840,Ordenes!$D$2:$D$840,$B18,Ordenes!$E$2:$E$840,$C18,Ordenes!$T$2:$T$840,"Válida",Ordenes!$F$2:$F$840,IF($B$4="Todos","*",$B$4),Ordenes!$G$2:$G$840,IF($B$5="Todos","*",$B$5)) | G18: =IF(F18=0,NA(),E18/F18) | H18: =IFERROR(SUMIFS(Ordenes!$V$2:$V$840,Ordenes!$D$2:$D$840,$B18,Ordenes!$E$2:$E$840,$C18,Ordenes!$T$2:$T$840,"Válida",Ordenes!$F$2:$F$840,IF($B$4="Todos","*",$B$4),Ordenes!$G$2:$G$840,IF($B$5="Todos","*",$B$5))/F18,NA()) | I18: =IFERROR((G18-H18)*100,"") | J18: =IFERROR(ABS(G18-G17),"") | K18: =$G$7 | L18: =$G$10 | M18: =$G$11 | N18: =IF(ISNA(G18),"Sin producción",IF(L18="","Sin límites",IF(G18>L18,"▲ Sobre LCS",IF(G18<M18,"▼ Bajo LCI","En control")))) | O18: =COUNTIFS(Ordenes!$D$2:$D$840,$B18,Ordenes!$E$2:$E$840,$C18,Ordenes!$T$2:$T$840,"A corregir",Ordenes!$F$2:$F$840,IF($B$4="Todos","*",$B$4),Ordenes!$G$2:$G$840,IF($B$5="Todos","*",$B$5))
A19: Abr 2026 | B19: 2026 | C19: 4 | D19: =COUNTIFS(Ordenes!$D$2:$D$840,$B19,Ordenes!$E$2:$E$840,$C19,Ordenes!$T$2:$T$840,"Válida",Ordenes!$F$2:$F$840,IF($B$4="Todos","*",$B$4),Ordenes!$G$2:$G$840,IF($B$5="Todos","*",$B$5)) | E19: =SUMIFS(Ordenes!$P$2:$P$840,Ordenes!$D$2:$D$840,$B19,Ordenes!$E$2:$E$840,$C19,Ordenes!$T$2:$T$840,"Válida",Ordenes!$F$2:$F$840,IF($B$4="Todos","*",$B$4),Ordenes!$G$2:$G$840,IF($B$5="Todos","*",$B$5)) | F19: =SUMIFS(Ordenes!$Q$2:$Q$840,Ordenes!$D$2:$D$840,$B19,Ordenes!$E$2:$E$840,$C19,Ordenes!$T$2:$T$840,"Válida",Ordenes!$F$2:$F$840,IF($B$4="Todos","*",$B$4),Ordenes!$G$2:$G$840,IF($B$5="Todos","*",$B$5)) | G19: =IF(F19=0,NA(),E19/F19) | H19: =IFERROR(SUMIFS(Ordenes!$V$2:$V$840,Ordenes!$D$2:$D$840,$B19,Ordenes!$E$2:$E$840,$C19,Ordenes!$T$2:$T$840,"Válida",Ordenes!$F$2:$F$840,IF($B$4="Todos","*",$B$4),Ordenes!$G$2:$G$840,IF($B$5="Todos","*",$B$5))/F19,NA()) | I19: =IFERROR((G19-H19)*100,"") | J19: =IFERROR(ABS(G19-G18),"") | K19: =$G$7 | L19: =$G$10 | M19: =$G$11 | N19: =IF(ISNA(G19),"Sin producción",IF(L19="","Sin límites",IF(G19>L19,"▲ Sobre LCS",IF(G19<M19,"▼ Bajo LCI","En control")))) | O19: =COUNTIFS(Ordenes!$D$2:$D$840,$B19,Ordenes!$E$2:$E$840,$C19,Ordenes!$T$2:$T$840,"A corregir",Ordenes!$F$2:$F$840,IF($B$4="Todos","*",$B$4),Ordenes!$G$2:$G$840,IF($B$5="Todos","*",$B$5))
A20: May 2026 | B20: 2026 | C20: 5 | D20: =COUNTIFS(Ordenes!$D$2:$D$840,$B20,Ordenes!$E$2:$E$840,$C20,Ordenes!$T$2:$T$840,"Válida",Ordenes!$F$2:$F$840,IF($B$4="Todos","*",$B$4),Ordenes!$G$2:$G$840,IF($B$5="Todos","*",$B$5)) | E20: =SUMIFS(Ordenes!$P$2:$P$840,Ordenes!$D$2:$D$840,$B20,Ordenes!$E$2:$E$840,$C20,Ordenes!$T$2:$T$840,"Válida",Ordenes!$F$2:$F$840,IF($B$4="Todos","*",$B$4),Ordenes!$G$2:$G$840,IF($B$5="Todos","*",$B$5)) | F20: =SUMIFS(Ordenes!$Q$2:$Q$840,Ordenes!$D$2:$D$840,$B20,Ordenes!$E$2:$E$840,$C20,Ordenes!$T$2:$T$840,"Válida",Ordenes!$F$2:$F$840,IF($B$4="Todos","*",$B$4),Ordenes!$G$2:$G$840,IF($B$5="Todos","*",$B$5)) | G20: =IF(F20=0,NA(),E20/F20) | H20: =IFERROR(SUMIFS(Ordenes!$V$2:$V$840,Ordenes!$D$2:$D$840,$B20,Ordenes!$E$2:$E$840,$C20,Ordenes!$T$2:$T$840,"Válida",Ordenes!$F$2:$F$840,IF($B$4="Todos","*",$B$4),Ordenes!$G$2:$G$840,IF($B$5="Todos","*",$B$5))/F20,NA()) | I20: =IFERROR((G20-H20)*100,"") | J20: =IFERROR(ABS(G20-G19),"") | K20: =$G$7 | L20: =$G$10 | M20: =$G$11 | N20: =IF(ISNA(G20),"Sin producción",IF(L20="","Sin límites",IF(G20>L20,"▲ Sobre LCS",IF(G20<M20,"▼ Bajo LCI","En control")))) | O20: =COUNTIFS(Ordenes!$D$2:$D$840,$B20,Ordenes!$E$2:$E$840,$C20,Ordenes!$T$2:$T$840,"A corregir",Ordenes!$F$2:$F$840,IF($B$4="Todos","*",$B$4),Ordenes!$G$2:$G$840,IF($B$5="Todos","*",$B$5))
A21: Jun 2026 | B21: 2026 | C21: 6 | D21: =COUNTIFS(Ordenes!$D$2:$D$840,$B21,Ordenes!$E$2:$E$840,$C21,Ordenes!$T$2:$T$840,"Válida",Ordenes!$F$2:$F$840,IF($B$4="Todos","*",$B$4),Ordenes!$G$2:$G$840,IF($B$5="Todos","*",$B$5)) | E21: =SUMIFS(Ordenes!$P$2:$P$840,Ordenes!$D$2:$D$840,$B21,Ordenes!$E$2:$E$840,$C21,Ordenes!$T$2:$T$840,"Válida",Ordenes!$F$2:$F$840,IF($B$4="Todos","*",$B$4),Ordenes!$G$2:$G$840,IF($B$5="Todos","*",$B$5)) | F21: =SUMIFS(Ordenes!$Q$2:$Q$840,Ordenes!$D$2:$D$840,$B21,Ordenes!$E$2:$E$840,$C21,Ordenes!$T$2:$T$840,"Válida",Ordenes!$F$2:$F$840,IF($B$4="Todos","*",$B$4),Ordenes!$G$2:$G$840,IF($B$5="Todos","*",$B$5)) | G21: =IF(F21=0,NA(),E21/F21) | H21: =IFERROR(SUMIFS(Ordenes!$V$2:$V$840,Ordenes!$D$2:$D$840,$B21,Ordenes!$E$2:$E$840,$C21,Ordenes!$T$2:$T$840,"Válida",Ordenes!$F$2:$F$840,IF($B$4="Todos","*",$B$4),Ordenes!$G$2:$G$840,IF($B$5="Todos","*",$B$5))/F21,NA()) | I21: =IFERROR((G21-H21)*100,"") | J21: =IFERROR(ABS(G21-G20),"") | K21: =$G$7 | L21: =$G$10 | M21: =$G$11 | N21: =IF(ISNA(G21),"Sin producción",IF(L21="","Sin límites",IF(G21>L21,"▲ Sobre LCS",IF(G21<M21,"▼ Bajo LCI","En control")))) | O21: =COUNTIFS(Ordenes!$D$2:$D$840,$B21,Ordenes!$E$2:$E$840,$C21,Ordenes!$T$2:$T$840,"A corregir",Ordenes!$F$2:$F$840,IF($B$4="Todos","*",$B$4),Ordenes!$G$2:$G$840,IF($B$5="Todos","*",$B$5))
A22: Jul 2026 | B22: 2026 | C22: 7 | D22: =COUNTIFS(Ordenes!$D$2:$D$840,$B22,Ordenes!$E$2:$E$840,$C22,Ordenes!$T$2:$T$840,"Válida",Ordenes!$F$2:$F$840,IF($B$4="Todos","*",$B$4),Ordenes!$G$2:$G$840,IF($B$5="Todos","*",$B$5)) | E22: =SUMIFS(Ordenes!$P$2:$P$840,Ordenes!$D$2:$D$840,$B22,Ordenes!$E$2:$E$840,$C22,Ordenes!$T$2:$T$840,"Válida",Ordenes!$F$2:$F$840,IF($B$4="Todos","*",$B$4),Ordenes!$G$2:$G$840,IF($B$5="Todos","*",$B$5)) | F22: =SUMIFS(Ordenes!$Q$2:$Q$840,Ordenes!$D$2:$D$840,$B22,Ordenes!$E$2:$E$840,$C22,Ordenes!$T$2:$T$840,"Válida",Ordenes!$F$2:$F$840,IF($B$4="Todos","*",$B$4),Ordenes!$G$2:$G$840,IF($B$5="Todos","*",$B$5)) | G22: =IF(F22=0,NA(),E22/F22) | H22: =IFERROR(SUMIFS(Ordenes!$V$2:$V$840,Ordenes!$D$2:$D$840,$B22,Ordenes!$E$2:$E$840,$C22,Ordenes!$T$2:$T$840,"Válida",Ordenes!$F$2:$F$840,IF($B$4="Todos","*",$B$4),Ordenes!$G$2:$G$840,IF($B$5="Todos","*",$B$5))/F22,NA()) | I22: =IFERROR((G22-H22)*100,"") | J22: =IFERROR(ABS(G22-G21),"") | K22: =$G$7 | L22: =$G$10 | M22: =$G$11 | N22: =IF(ISNA(G22),"Sin producción",IF(L22="","Sin límites",IF(G22>L22,"▲ Sobre LCS",IF(G22<M22,"▼ Bajo LCI","En control")))) | O22: =COUNTIFS(Ordenes!$D$2:$D$840,$B22,Ordenes!$E$2:$E$840,$C22,Ordenes!$T$2:$T$840,"A corregir",Ordenes!$F$2:$F$840,IF($B$4="Todos","*",$B$4),Ordenes!$G$2:$G$840,IF($B$5="Todos","*",$B$5))
A23: Ago 2026 | B23: 2026 | C23: 8 | D23: =COUNTIFS(Ordenes!$D$2:$D$840,$B23,Ordenes!$E$2:$E$840,$C23,Ordenes!$T$2:$T$840,"Válida",Ordenes!$F$2:$F$840,IF($B$4="Todos","*",$B$4),Ordenes!$G$2:$G$840,IF($B$5="Todos","*",$B$5)) | E23: =SUMIFS(Ordenes!$P$2:$P$840,Ordenes!$D$2:$D$840,$B23,Ordenes!$E$2:$E$840,$C23,Ordenes!$T$2:$T$840,"Válida",Ordenes!$F$2:$F$840,IF($B$4="Todos","*",$B$4),Ordenes!$G$2:$G$840,IF($B$5="Todos","*",$B$5)) | F23: =SUMIFS(Ordenes!$Q$2:$Q$840,Ordenes!$D$2:$D$840,$B23,Ordenes!$E$2:$E$840,$C23,Ordenes!$T$2:$T$840,"Válida",Ordenes!$F$2:$F$840,IF($B$4="Todos","*",$B$4),Ordenes!$G$2:$G$840,IF($B$5="Todos","*",$B$5)) | G23: =IF(F23=0,NA(),E23/F23) | H23: =IFERROR(SUMIFS(Ordenes!$V$2:$V$840,Ordenes!$D$2:$D$840,$B23,Ordenes!$E$2:$E$840,$C23,Ordenes!$T$2:$T$840,"Válida",Ordenes!$F$2:$F$840,IF($B$4="Todos","*",$B$4),Ordenes!$G$2:$G$840,IF($B$5="Todos","*",$B$5))/F23,NA()) | I23: =IFERROR((G23-H23)*100,"") | J23: =IFERROR(ABS(G23-G22),"") | K23: =$G$7 | L23: =$G$10 | M23: =$G$11 | N23: =IF(ISNA(G23),"Sin producción",IF(L23="","Sin límites",IF(G23>L23,"▲ Sobre LCS",IF(G23<M23,"▼ Bajo LCI","En control")))) | O23: =COUNTIFS(Ordenes!$D$2:$D$840,$B23,Ordenes!$E$2:$E$840,$C23,Ordenes!$T$2:$T$840,"A corregir",Ordenes!$F$2:$F$840,IF($B$4="Todos","*",$B$4),Ordenes!$G$2:$G$840,IF($B$5="Todos","*",$B$5))
A24: Sep 2026 | B24: 2026 | C24: 9 | D24: =COUNTIFS(Ordenes!$D$2:$D$840,$B24,Ordenes!$E$2:$E$840,$C24,Ordenes!$T$2:$T$840,"Válida",Ordenes!$F$2:$F$840,IF($B$4="Todos","*",$B$4),Ordenes!$G$2:$G$840,IF($B$5="Todos","*",$B$5)) | E24: =SUMIFS(Ordenes!$P$2:$P$840,Ordenes!$D$2:$D$840,$B24,Ordenes!$E$2:$E$840,$C24,Ordenes!$T$2:$T$840,"Válida",Ordenes!$F$2:$F$840,IF($B$4="Todos","*",$B$4),Ordenes!$G$2:$G$840,IF($B$5="Todos","*",$B$5)) | F24: =SUMIFS(Ordenes!$Q$2:$Q$840,Ordenes!$D$2:$D$840,$B24,Ordenes!$E$2:$E$840,$C24,Ordenes!$T$2:$T$840,"Válida",Ordenes!$F$2:$F$840,IF($B$4="Todos","*",$B$4),Ordenes!$G$2:$G$840,IF($B$5="Todos","*",$B$5)) | G24: =IF(F24=0,NA(),E24/F24) | H24: =IFERROR(SUMIFS(Ordenes!$V$2:$V$840,Ordenes!$D$2:$D$840,$B24,Ordenes!$E$2:$E$840,$C24,Ordenes!$T$2:$T$840,"Válida",Ordenes!$F$2:$F$840,IF($B$4="Todos","*",$B$4),Ordenes!$G$2:$G$840,IF($B$5="Todos","*",$B$5))/F24,NA()) | I24: =IFERROR((G24-H24)*100,"") | J24: =IFERROR(ABS(G24-G23),"") | K24: =$G$7 | L24: =$G$10 | M24: =$G$11 | N24: =IF(ISNA(G24),"Sin producción",IF(L24="","Sin límites",IF(G24>L24,"▲ Sobre LCS",IF(G24<M24,"▼ Bajo LCI","En control")))) | O24: =COUNTIFS(Ordenes!$D$2:$D$840,$B24,Ordenes!$E$2:$E$840,$C24,Ordenes!$T$2:$T$840,"A corregir",Ordenes!$F$2:$F$840,IF($B$4="Todos","*",$B$4),Ordenes!$G$2:$G$840,IF($B$5="Todos","*",$B$5))

Sheet Carta semanal
A1: Carta de control semanal
A2: Carta I-MR sobre el rendimiento ponderado (Σ kg producidos / Σ kg consumidos) de las órdenes válidas (≤ 100 %).
A4: Grupo: | B4: Todos | C4: ← elige un grupo de la lista (celda amarilla) o deja «Todos»
A5: Producto: | B5: Todos | C5: ← escribe el nombre exacto del producto (columna Producto de «Ordenes») o deja «Todos»
F7: LC (rend. ponderado) | G7: =IFERROR(SUM(E16:E53)/SUM(F16:F53),"") | H7: d2 = 1,128 es la constante de la carta I-MR para rangos móviles de 2 puntos.
F8: MR̄ (promedio rango móvil) | G8: =IFERROR(AVERAGE(J16:J53),"")
F9: σ = MR̄ / 1,128 | G9: =IFERROR(G8/1.128,"")
F10: LCS = LC + 3σ | G10: =IFERROR(G7+3*G9,"")
F11: LCI = LC − 3σ | G11: =IFERROR(G7-3*G9,"")
F12: Meta ponderada | G12: =IFERROR(SUMIFS(Ordenes!$V$2:$V$840,Ordenes!$T$2:$T$840,"Válida",Ordenes!$F$2:$F$840,IF($B$4="Todos","*",$B$4),Ordenes!$G$2:$G$840,IF($B$5="Todos","*",$B$5))/SUMIFS(Ordenes!$Q$2:$Q$840,Ordenes!$T$2:$T$840,"Válida",Ordenes!$F$2:$F$840,IF($B$4="Todos","*",$B$4),Ordenes!$G$2:$G$840,IF($B$5="Todos","*",$B$5)),"")
A15: Período | B15: Año ISO | C15: Semana | D15: Órdenes válidas | E15: Kg producidos | F15: Kg consumidos | G15: Rend. met. | H15: Meta | I15: vs meta (pp) | J15: MR | K15: LC | L15: LCS | M15: LCI | N15: Estado | O15: Órdenes a corregir
A16: S01 2026 (29 dic) | B16: 2026 | C16: 1 | D16: =COUNTIFS(Ordenes!$W$2:$W$840,$B16,Ordenes!$X$2:$X$840,$C16,Ordenes!$T$2:$T$840,"Válida",Ordenes!$F$2:$F$840,IF($B$4="Todos","*",$B$4),Ordenes!$G$2:$G$840,IF($B$5="Todos","*",$B$5)) | E16: =SUMIFS(Ordenes!$P$2:$P$840,Ordenes!$W$2:$W$840,$B16,Ordenes!$X$2:$X$840,$C16,Ordenes!$T$2:$T$840,"Válida",Ordenes!$F$2:$F$840,IF($B$4="Todos","*",$B$4),Ordenes!$G$2:$G$840,IF($B$5="Todos","*",$B$5)) | F16: =SUMIFS(Ordenes!$Q$2:$Q$840,Ordenes!$W$2:$W$840,$B16,Ordenes!$X$2:$X$840,$C16,Ordenes!$T$2:$T$840,"Válida",Ordenes!$F$2:$F$840,IF($B$4="Todos","*",$B$4),Ordenes!$G$2:$G$840,IF($B$5="Todos","*",$B$5)) | G16: =IF(F16=0,NA(),E16/F16) | H16: =IFERROR(SUMIFS(Ordenes!$V$2:$V$840,Ordenes!$W$2:$W$840,$B16,Ordenes!$X$2:$X$840,$C16,Ordenes!$T$2:$T$840,"Válida",Ordenes!$F$2:$F$840,IF($B$4="Todos","*",$B$4),Ordenes!$G$2:$G$840,IF($B$5="Todos","*",$B$5))/F16,NA()) | I16: =IFERROR((G16-H16)*100,"") | K16: =$G$7 | L16: =$G$10 | M16: =$G$11 | N16: =IF(ISNA(G16),"Sin producción",IF(L16="","Sin límites",IF(G16>L16,"▲ Sobre LCS",IF(G16<M16,"▼ Bajo LCI","En control")))) | O16: =COUNTIFS(Ordenes!$W$2:$W$840,$B16,Ordenes!$X$2:$X$840,$C16,Ordenes!$T$2:$T$840,"A corregir",Ordenes!$F$2:$F$840,IF($B$4="Todos","*",$B$4),Ordenes!$G$2:$G$840,IF($B$5="Todos","*",$B$5))
A17: S02 2026 (5 ene) | B17: 2026 | C17: 2 | D17: =COUNTIFS(Ordenes!$W$2:$W$840,$B17,Ordenes!$X$2:$X$840,$C17,Ordenes!$T$2:$T$840,"Válida",Ordenes!$F$2:$F$840,IF($B$4="Todos","*",$B$4),Ordenes!$G$2:$G$840,IF($B$5="Todos","*",$B$5)) | E17: =SUMIFS(Ordenes!$P$2:$P$840,Ordenes!$W$2:$W$840,$B17,Ordenes!$X$2:$X$840,$C17,Ordenes!$T$2:$T$840,"Válida",Ordenes!$F$2:$F$840,IF($B$4="Todos","*",$B$4),Ordenes!$G$2:$G$840,IF($B$5="Todos","*",$B$5)) | F17: =SUMIFS(Ordenes!$Q$2:$Q$840,Ordenes!$W$2:$W$840,$B17,Ordenes!$X$2:$X$840,$C17,Ordenes!$T$2:$T$840,"Válida",Ordenes!$F$2:$F$840,IF($B$4="Todos","*",$B$4),Ordenes!$G$2:$G$840,IF($B$5="Todos","*",$B$5)) | G17: =IF(F17=0,NA(),E17/F17) | H17: =IFERROR(SUMIFS(Ordenes!$V$2:$V$840,Ordenes!$W$2:$W$840,$B17,Ordenes!$X$2:$X$840,$C17,Ordenes!$T$2:$T$840,"Válida",Ordenes!$F$2:$F$840,IF($B$4="Todos","*",$B$4),Ordenes!$G$2:$G$840,IF($B$5="Todos","*",$B$5))/F17,NA()) | I17: =IFERROR((G17-H17)*100,"") | J17: =IFERROR(ABS(G17-G16),"") | K17: =$G$7 | L17: =$G$10 | M17: =$G$11 | N17: =IF(ISNA(G17),"Sin producción",IF(L17="","Sin límites",IF(G17>L17,"▲ Sobre LCS",IF(G17<M17,"▼ Bajo LCI","En control")))) | O17: =COUNTIFS(Ordenes!$W$2:$W$840,$B17,Ordenes!$X$2:$X$840,$C17,Ordenes!$T$2:$T$840,"A corregir",Ordenes!$F$2:$F$840,IF($B$4="Todos","*",$B$4),Ordenes!$G$2:$G$840,IF($B$5="Todos","*",$B$5))
A18: S03 2026 (12 ene) | B18: 2026 | C18: 3 | D18: =COUNTIFS(Ordenes!$W$2:$W$840,$B18,Ordenes!$X$2:$X$840,$C18,Ordenes!$T$2:$T$840,"Válida",Ordenes!$F$2:$F$840,IF($B$4="Todos","*",$B$4),Ordenes!$G$2:$G$840,IF($B$5="Todos","*",$B$5)) | E18: =SUMIFS(Ordenes!$P$2:$P$840,Ordenes!$W$2:$W$840,$B18,Ordenes!$X$2:$X$840,$C18,Ordenes!$T$2:$T$840,"Válida",Ordenes!$F$2:$F$840,IF($B$4="Todos","*",$B$4),Ordenes!$G$2:$G$840,IF($B$5="Todos","*",$B$5)) | F18: =SUMIFS(Ordenes!$Q$2:$Q$840,Ordenes!$W$2:$W$840,$B18,Ordenes!$X$2:$X$840,$C18,Ordenes!$T$2:$T$840,"Válida",Ordenes!$F$2:$F$840,IF($B$4="Todos","*",$B$4),Ordenes!$G$2:$G$840,IF($B$5="Todos","*",$B$5)) | G18: =IF(F18=0,NA(),E18/F18) | H18: =IFERROR(SUMIFS(Ordenes!$V$2:$V$840,Ordenes!$W$2:$W$840,$B18,Ordenes!$X$2:$X$840,$C18,Ordenes!$T$2:$T$840,"Válida",Ordenes!$F$2:$F$840,IF($B$4="Todos","*",$B$4),Ordenes!$G$2:$G$840,IF($B$5="Todos","*",$B$5))/F18,NA()) | I18: =IFERROR((G18-H18)*100,"") | J18: =IFERROR(ABS(G18-G17),"") | K18: =$G$7 | L18: =$G$10 | M18: =$G$11 | N18: =IF(ISNA(G18),"Sin producción",IF(L18="","Sin límites",IF(G18>L18,"▲ Sobre LCS",IF(G18<M18,"▼ Bajo LCI","En control")))) | O18: =COUNTIFS(Ordenes!$W$2:$W$840,$B18,Ordenes!$X$2:$X$840,$C18,Ordenes!$T$2:$T$840,"A corregir",Ordenes!$F$2:$F$840,IF($B$4="Todos","*",$B$4),Ordenes!$G$2:$G$840,IF($B$5="Todos","*",$B$5))
A19: S04 2026 (19 ene) | B19: 2026 | C19: 4 | D19: =COUNTIFS(Ordenes!$W$2:$W$840,$B19,Ordenes!$X$2:$X$840,$C19,Ordenes!$T$2:$T$840,"Válida",Ordenes!$F$2:$F$840,IF($B$4="Todos","*",$B$4),Ordenes!$G$2:$G$840,IF($B$5="Todos","*",$B$5)) | E19: =SUMIFS(Ordenes!$P$2:$P$840,Ordenes!$W$2:$W$840,$B19,Ordenes!$X$2:$X$840,$C19,Ordenes!$T$2:$T$840,"Válida",Ordenes!$F$2:$F$840,IF($B$4="Todos","*",$B$4),Ordenes!$G$2:$G$840,IF($B$5="Todos","*",$B$5)) | F19: =SUMIFS(Ordenes!$Q$2:$Q$840,Ordenes!$W$2:$W$840,$B19,Ordenes!$X$2:$X$840,$C19,Ordenes!$T$2:$T$840,"Válida",Ordenes!$F$2:$F$840,IF($B$4="Todos","*",$B$4),Ordenes!$G$2:$G$840,IF($B$5="Todos","*",$B$5)) | G19: =IF(F19=0,NA(),E19/F19) | H19: =IFERROR(SUMIFS(Ordenes!$V$2:$V$840,Ordenes!$W$2:$W$840,$B19,Ordenes!$X$2:$X$840,$C19,Ordenes!$T$2:$T$840,"Válida",Ordenes!$F$2:$F$840,IF($B$4="Todos","*",$B$4),Ordenes!$G$2:$G$840,IF($B$5="Todos","*",$B$5))/F19,NA()) | I19: =IFERROR((G19-H19)*100,"") | J19: =IFERROR(ABS(G19-G18),"") | K19: =$G$7 | L19: =$G$10 | M19: =$G$11 | N19: =IF(ISNA(G19),"Sin producción",IF(L19="","Sin límites",IF(G19>L19,"▲ Sobre LCS",IF(G19<M19,"▼ Bajo LCI","En control")))) | O19: =COUNTIFS(Ordenes!$W$2:$W$840,$B19,Ordenes!$X$2:$X$840,$C19,Ordenes!$T$2:$T$840,"A corregir",Ordenes!$F$2:$F$840,IF($B$4="Todos","*",$B$4),Ordenes!$G$2:$G$840,IF($B$5="Todos","*",$B$5))
A20: S05 2026 (26 ene) | B20: 2026 | C20: 5 | D20: =COUNTIFS(Ordenes!$W$2:$W$840,$B20,Ordenes!$X$2:$X$840,$C20,Ordenes!$T$2:$T$840,"Válida",Ordenes!$F$2:$F$840,IF($B$4="Todos","*",$B$4),Ordenes!$G$2:$G$840,IF($B$5="Todos","*",$B$5)) | E20: =SUMIFS(Ordenes!$P$2:$P$840,Ordenes!$W$2:$W$840,$B20,Ordenes!$X$2:$X$840,$C20,Ordenes!$T$2:$T$840,"Válida",Ordenes!$F$2:$F$840,IF($B$4="Todos","*",$B$4),Ordenes!$G$2:$G$840,IF($B$5="Todos","*",$B$5)) | F20: =SUMIFS(Ordenes!$Q$2:$Q$840,Ordenes!$W$2:$W$840,$B20,Ordenes!$X$2:$X$840,$C20,Ordenes!$T$2:$T$840,"Válida",Ordenes!$F$2:$F$840,IF($B$4="Todos","*",$B$4),Ordenes!$G$2:$G$840,IF($B$5="Todos","*",$B$5)) | G20: =IF(F20=0,NA(),E20/F20) | H20: =IFERROR(SUMIFS(Ordenes!$V$2:$V$840,Ordenes!$W$2:$W$840,$B20,Ordenes!$X$2:$X$840,$C20,Ordenes!$T$2:$T$840,"Válida",Ordenes!$F$2:$F$840,IF($B$4="Todos","*",$B$4),Ordenes!$G$2:$G$840,IF($B$5="Todos","*",$B$5))/F20,NA()) | I20: =IFERROR((G20-H20)*100,"") | J20: =IFERROR(ABS(G20-G19),"") | K20: =$G$7 | L20: =$G$10 | M20: =$G$11 | N20: =IF(ISNA(G20),"Sin producción",IF(L20="","Sin límites",IF(G20>L20,"▲ Sobre LCS",IF(G20<M20,"▼ Bajo LCI","En control")))) | O20: =COUNTIFS(Ordenes!$W$2:$W$840,$B20,Ordenes!$X$2:$X$840,$C20,Ordenes!$T$2:$T$840,"A corregir",Ordenes!$F$2:$F$840,IF($B$4="Todos","*",$B$4),Ordenes!$G$2:$G$840,IF($B$5="Todos","*",$B$5))
A21: S06 2026 (2 feb) | B21: 2026 | C21: 6 | D21: =COUNTIFS(Ordenes!$W$2:$W$840,$B21,Ordenes!$X$2:$X$840,$C21,Ordenes!$T$2:$T$840,"Válida",Ordenes!$F$2:$F$840,IF($B$4="Todos","*",$B$4),Ordenes!$G$2:$G$840,IF($B$5="Todos","*",$B$5)) | E21: =SUMIFS(Ordenes!$P$2:$P$840,Ordenes!$W$2:$W$840,$B21,Ordenes!$X$2:$X$840,$C21,Ordenes!$T$2:$T$840,"Válida",Ordenes!$F$2:$F$840,IF($B$4="Todos","*",$B$4),Ordenes!$G$2:$G$840,IF($B$5="Todos","*",$B$5)) | F21: =SUMIFS(Ordenes!$Q$2:$Q$840,Ordenes!$W$2:$W$840,$B21,Ordenes!$X$2:$X$840,$C21,Ordenes!$T$2:$T$840,"Válida",Ordenes!$F$2:$F$840,IF($B$4="Todos","*",$B$4),Ordenes!$G$2:$G$840,IF($B$5="Todos","*",$B$5)) | G21: =IF(F21=0,NA(),E21/F21) | H21: =IFERROR(SUMIFS(Ordenes!$V$2:$V$840,Ordenes!$W$2:$W$840,$B21,Ordenes!$X$2:$X$840,$C21,Ordenes!$T$2:$T$840,"Válida",Ordenes!$F$2:$F$840,IF($B$4="Todos","*",$B$4),Ordenes!$G$2:$G$840,IF($B$5="Todos","*",$B$5))/F21,NA()) | I21: =IFERROR((G21-H21)*100,"") | J21: =IFERROR(ABS(G21-G20),"") | K21: =$G$7 | L21: =$G$10 | M21: =$G$11 | N21: =IF(ISNA(G21),"Sin producción",IF(L21="","Sin límites",IF(G21>L21,"▲ Sobre LCS",IF(G21<M21,"▼ Bajo LCI","En control")))) | O21: =COUNTIFS(Ordenes!$W$2:$W$840,$B21,Ordenes!$X$2:$X$840,$C21,Ordenes!$T$2:$T$840,"A corregir",Ordenes!$F$2:$F$840,IF($B$4="Todos","*",$B$4),Ordenes!$G$2:$G$840,IF($B$5="Todos","*",$B$5))
A22: S07 2026 (9 feb) | B22: 2026 | C22: 7 | D22: =COUNTIFS(Ordenes!$W$2:$W$840,$B22,Ordenes!$X$2:$X$840,$C22,Ordenes!$T$2:$T$840,"Válida",Ordenes!$F$2:$F$840,IF($B$4="Todos","*",$B$4),Ordenes!$G$2:$G$840,IF($B$5="Todos","*",$B$5)) | E22: =SUMIFS(Ordenes!$P$2:$P$840,Ordenes!$W$2:$W$840,$B22,Ordenes!$X$2:$X$840,$C22,Ordenes!$T$2:$T$840,"Válida",Ordenes!$F$2:$F$840,IF($B$4="Todos","*",$B$4),Ordenes!$G$2:$G$840,IF($B$5="Todos","*",$B$5)) | F22: =SUMIFS(Ordenes!$Q$2:$Q$840,Ordenes!$W$2:$W$840,$B22,Ordenes!$X$2:$X$840,$C22,Ordenes!$T$2:$T$840,"Válida",Ordenes!$F$2:$F$840,IF($B$4="Todos","*",$B$4),Ordenes!$G$2:$G$840,IF($B$5="Todos","*",$B$5)) | G22: =IF(F22=0,NA(),E22/F22) | H22: =IFERROR(SUMIFS(Ordenes!$V$2:$V$840,Ordenes!$W$2:$W$840,$B22,Ordenes!$X$2:$X$840,$C22,Ordenes!$T$2:$T$840,"Válida",Ordenes!$F$2:$F$840,IF($B$4="Todos","*",$B$4),Ordenes!$G$2:$G$840,IF($B$5="Todos","*",$B$5))/F22,NA()) | I22: =IFERROR((G22-H22)*100,"") | J22: =IFERROR(ABS(G22-G21),"") | K22: =$G$7 | L22: =$G$10 | M22: =$G$11 | N22: =IF(ISNA(G22),"Sin producción",IF(L22="","Sin límites",IF(G22>L22,"▲ Sobre LCS",IF(G22<M22,"▼ Bajo LCI","En control")))) | O22: =COUNTIFS(Ordenes!$W$2:$W$840,$B22,Ordenes!$X$2:$X$840,$C22,Ordenes!$T$2:$T$840,"A corregir",Ordenes!$F$2:$F$840,IF($B$4="Todos","*",$B$4),Ordenes!$G$2:$G$840,IF($B$5="Todos","*",$B$5))
A23: S08 2026 (16 feb) | B23: 2026 | C23: 8 | D23: =COUNTIFS(Ordenes!$W$2:$W$840,$B23,Ordenes!$X$2:$X$840,$C23,Ordenes!$T$2:$T$840,"Válida",Ordenes!$F$2:$F$840,IF($B$4="Todos","*",$B$4),Ordenes!$G$2:$G$840,IF($B$5="Todos","*",$B$5)) | E23: =SUMIFS(Ordenes!$P$2:$P$840,Ordenes!$W$2:$W$840,$B23,Ordenes!$X$2:$X$840,$C23,Ordenes!$T$2:$T$840,"Válida",Ordenes!$F$2:$F$840,IF($B$4="Todos","*",$B$4),Ordenes!$G$2:$G$840,IF($B$5="Todos","*",$B$5)) | F23: =SUMIFS(Ordenes!$Q$2:$Q$840,Ordenes!$W$2:$W$840,$B23,Ordenes!$X$2:$X$840,$C23,Ordenes!$T$2:$T$840,"Válida",Ordenes!$F$2:$F$840,IF($B$4="Todos","*",$B$4),Ordenes!$G$2:$G$840,IF($B$5="Todos","*",$B$5)) | G23: =IF(F23=0,NA(),E23/F23) | H23: =IFERROR(SUMIFS(Ordenes!$V$2:$V$840,Ordenes!$W$2:$W$840,$B23,Ordenes!$X$2:$X$840,$C23,Ordenes!$T$2:$T$840,"Válida",Ordenes!$F$2:$F$840,IF($B$4="Todos","*",$B$4),Ordenes!$G$2:$G$840,IF($B$5="Todos","*",$B$5))/F23,NA()) | I23: =IFERROR((G23-H23)*100,"") | J23: =IFERROR(ABS(G23-G22),"") | K23: =$G$7 | L23: =$G$10 | M23: =$G$11 | N23: =IF(ISNA(G23),"Sin producción",IF(L23="","Sin límites",IF(G23>L23,"▲ Sobre LCS",IF(G23<M23,"▼ Bajo LCI","En control")))) | O23: =COUNTIFS(Ordenes!$W$2:$W$840,$B23,Ordenes!$X$2:$X$840,$C23,Ordenes!$T$2:$T$840,"A corregir",Ordenes!$F$2:$F$840,IF($B$4="Todos","*",$B$4),Ordenes!$G$2:$G$840,IF($B$5="Todos","*",$B$5))
A24: S09 2026 (23 feb) | B24: 2026 | C24: 9 | D24: =COUNTIFS(Ordenes!$W$2:$W$840,$B24,Ordenes!$X$2:$X$840,$C24,Ordenes!$T$2:$T$840,"Válida",Ordenes!$F$2:$F$840,IF($B$4="Todos","*",$B$4),Ordenes!$G$2:$G$840,IF($B$5="Todos","*",$B$5)) | E24: =SUMIFS(Ordenes!$P$2:$P$840,Ordenes!$W$2:$W$840,$B24,Ordenes!$X$2:$X$840,$C24,Ordenes!$T$2:$T$840,"Válida",Ordenes!$F$2:$F$840,IF($B$4="Todos","*",$B$4),Ordenes!$G$2:$G$840,IF($B$5="Todos","*",$B$5)) | F24: =SUMIFS(Ordenes!$Q$2:$Q$840,Ordenes!$W$2:$W$840,$B24,Ordenes!$X$2:$X$840,$C24,Ordenes!$T$2:$T$840,"Válida",Ordenes!$F$2:$F$840,IF($B$4="Todos","*",$B$4),Ordenes!$G$2:$G$840,IF($B$5="Todos","*",$B$5)) | G24: =IF(F24=0,NA(),E24/F24) | H24: =IFERROR(SUMIFS(Ordenes!$V$2:$V$840,Ordenes!$W$2:$W$840,$B24,Ordenes!$X$2:$X$840,$C24,Ordenes!$T$2:$T$840,"Válida",Ordenes!$F$2:$F$840,IF($B$4="Todos","*",$B$4),Ordenes!$G$2:$G$840,IF($B$5="Todos","*",$B$5))/F24,NA()) | I24: =IFERROR((G24-H24)*100,"") | J24: =IFERROR(ABS(G24-G23),"") | K24: =$G$7 | L24: =$G$10 | M24: =$G$11 | N24: =IF(ISNA(G24),"Sin producción",IF(L24="","Sin límites",IF(G24>L24,"▲ Sobre LCS",IF(G24<M24,"▼ Bajo LCI","En control")))) | O24: =COUNTIFS(Ordenes!$W$2:$W$840,$B24,Ordenes!$X$2:$X$840,$C24,Ordenes!$T$2:$T$840,"A corregir",Ordenes!$F$2:$F$840,IF($B$4="Todos","*",$B$4),Ordenes!$G$2:$G$840,IF($B$5="Todos","*",$B$5))
A25: S10 2026 (2 mar) | B25: 2026 | C25: 10 | D25: =COUNTIFS(Ordenes!$W$2:$W$840,$B25,Ordenes!$X$2:$X$840,$C25,Ordenes!$T$2:$T$840,"Válida",Ordenes!$F$2:$F$840,IF($B$4="Todos","*",$B$4),Ordenes!$G$2:$G$840,IF($B$5="Todos","*",$B$5)) | E25: =SUMIFS(Ordenes!$P$2:$P$840,Ordenes!$W$2:$W$840,$B25,Ordenes!$X$2:$X$840,$C25,Ordenes!$T$2:$T$840,"Válida",Ordenes!$F$2:$F$840,IF($B$4="Todos","*",$B$4),Ordenes!$G$2:$G$840,IF($B$5="Todos","*",$B$5)) | F25: =SUMIFS(Ordenes!$Q$2:$Q$840,Ordenes!$W$2:$W$840,$B25,Ordenes!$X$2:$X$840,$C25,Ordenes!$T$2:$T$840,"Válida",Ordenes!$F$2:$F$840,IF($B$4="Todos","*",$B$4),Ordenes!$G$2:$G$840,IF($B$5="Todos","*",$B$5)) | G25: =IF(F25=0,NA(),E25/F25) | H25: =IFERROR(SUMIFS(Ordenes!$V$2:$V$840,Ordenes!$W$2:$W$840,$B25,Ordenes!$X$2:$X$840,$C25,Ordenes!$T$2:$T$840,"Válida",Ordenes!$F$2:$F$840,IF($B$4="Todos","*",$B$4),Ordenes!$G$2:$G$840,IF($B$5="Todos","*",$B$5))/F25,NA()) | I25: =IFERROR((G25-H25)*100,"") | J25: =IFERROR(ABS(G25-G24),"") | K25: =$G$7 | L25: =$G$10 | M25: =$G$11 | N25: =IF(ISNA(G25),"Sin producción",IF(L25="","Sin límites",IF(G25>L25,"▲ Sobre LCS",IF(G25<M25,"▼ Bajo LCI","En control")))) | O25: =COUNTIFS(Ordenes!$W$2:$W$840,$B25,Ordenes!$X$2:$X$840,$C25,Ordenes!$T$2:$T$840,"A corregir",Ordenes!$F$2:$F$840,IF($B$4="Todos","*",$B$4),Ordenes!$G$2:$G$840,IF($B$5="Todos","*",$B$5))
A26: S11 2026 (9 mar) | B26: 2026 | C26: 11 | D26: =COUNTIFS(Ordenes!$W$2:$W$840,$B26,Ordenes!$X$2:$X$840,$C26,Ordenes!$T$2:$T$840,"Válida",Ordenes!$F$2:$F$840,IF($B$4="Todos","*",$B$4),Ordenes!$G$2:$G$840,IF($B$5="Todos","*",$B$5)) | E26: =SUMIFS(Ordenes!$P$2:$P$840,Ordenes!$W$2:$W$840,$B26,Ordenes!$X$2:$X$840,$C26,Ordenes!$T$2:$T$840,"Válida",Ordenes!$F$2:$F$840,IF($B$4="Todos","*",$B$4),Ordenes!$G$2:$G$840,IF($B$5="Todos","*",$B$5)) | F26: =SUMIFS(Ordenes!$Q$2:$Q$840,Ordenes!$W$2:$W$840,$B26,Ordenes!$X$2:$X$840,$C26,Ordenes!$T$2:$T$840,"Válida",Ordenes!$F$2:$F$840,IF($B$4="Todos","*",$B$4),Ordenes!$G$2:$G$840,IF($B$5="Todos","*",$B$5)) | G26: =IF(F26=0,NA(),E26/F26) | H26: =IFERROR(SUMIFS(Ordenes!$V$2:$V$840,Ordenes!$W$2:$W$840,$B26,Ordenes!$X$2:$X$840,$C26,Ordenes!$T$2:$T$840,"Válida",Ordenes!$F$2:$F$840,IF($B$4="Todos","*",$B$4),Ordenes!$G$2:$G$840,IF($B$5="Todos","*",$B$5))/F26,NA()) | I26: =IFERROR((G26-H26)*100,"") | J26: =IFERROR(ABS(G26-G25),"") | K26: =$G$7 | L26: =$G$10 | M26: =$G$11 | N26: =IF(ISNA(G26),"Sin producción",IF(L26="","Sin límites",IF(G26>L26,"▲ Sobre LCS",IF(G26<M26,"▼ Bajo LCI","En control")))) | O26: =COUNTIFS(Ordenes!$W$2:$W$840,$B26,Ordenes!$X$2:$X$840,$C26,Ordenes!$T$2:$T$840,"A corregir",Ordenes!$F$2:$F$840,IF($B$4="Todos","*",$B$4),Ordenes!$G$2:$G$840,IF($B$5="Todos","*",$B$5))
A27: S12 2026 (16 mar) | B27: 2026 | C27: 12 | D27: =COUNTIFS(Ordenes!$W$2:$W$840,$B27,Ordenes!$X$2:$X$840,$C27,Ordenes!$T$2:$T$840,"Válida",Ordenes!$F$2:$F$840,IF($B$4="Todos","*",$B$4),Ordenes!$G$2:$G$840,IF($B$5="Todos","*",$B$5)) | E27: =SUMIFS(Ordenes!$P$2:$P$840,Ordenes!$W$2:$W$840,$B27,Ordenes!$X$2:$X$840,$C27,Ordenes!$T$2:$T$840,"Válida",Ordenes!$F$2:$F$840,IF($B$4="Todos","*",$B$4),Ordenes!$G$2:$G$840,IF($B$5="Todos","*",$B$5)) | F27: =SUMIFS(Ordenes!$Q$2:$Q$840,Ordenes!$W$2:$W$840,$B27,Ordenes!$X$2:$X$840,$C27,Ordenes!$T$2:$T$840,"Válida",Ordenes!$F$2:$F$840,IF($B$4="Todos","*",$B$4),Ordenes!$G$2:$G$840,IF($B$5="Todos","*",$B$5)) | G27: =IF(F27=0,NA(),E27/F27) | H27: =IFERROR(SUMIFS(Ordenes!$V$2:$V$840,Ordenes!$W$2:$W$840,$B27,Ordenes!$X$2:$X$840,$C27,Ordenes!$T$2:$T$840,"Válida",Ordenes!$F$2:$F$840,IF($B$4="Todos","*",$B$4),Ordenes!$G$2:$G$840,IF($B$5="Todos","*",$B$5))/F27,NA()) | I27: =IFERROR((G27-H27)*100,"") | J27: =IFERROR(ABS(G27-G26),"") | K27: =$G$7 | L27: =$G$10 | M27: =$G$11 | N27: =IF(ISNA(G27),"Sin producción",IF(L27="","Sin límites",IF(G27>L27,"▲ Sobre LCS",IF(G27<M27,"▼ Bajo LCI","En control")))) | O27: =COUNTIFS(Ordenes!$W$2:$W$840,$B27,Ordenes!$X$2:$X$840,$C27,Ordenes!$T$2:$T$840,"A corregir",Ordenes!$F$2:$F$840,IF($B$4="Todos","*",$B$4),Ordenes!$G$2:$G$840,IF($B$5="Todos","*",$B$5))
A28: S13 2026 (23 mar) | B28: 2026 | C28: 13 | D28: =COUNTIFS(Ordenes!$W$2:$W$840,$B28,Ordenes!$X$2:$X$840,$C28,Ordenes!$T$2:$T$840,"Válida",Ordenes!$F$2:$F$840,IF($B$4="Todos","*",$B$4),Ordenes!$G$2:$G$840,IF($B$5="Todos","*",$B$5)) | E28: =SUMIFS(Ordenes!$P$2:$P$840,Ordenes!$W$2:$W$840,$B28,Ordenes!$X$2:$X$840,$C28,Ordenes!$T$2:$T$840,"Válida",Ordenes!$F$2:$F$840,IF($B$4="Todos","*",$B$4),Ordenes!$G$2:$G$840,IF($B$5="Todos","*",$B$5)) | F28: =SUMIFS(Ordenes!$Q$2:$Q$840,Ordenes!$W$2:$W$840,$B28,Ordenes!$X$2:$X$840,$C28,Ordenes!$T$2:$T$840,"Válida",Ordenes!$F$2:$F$840,IF($B$4="Todos","*",$B$4),Ordenes!$G$2:$G$840,IF($B$5="Todos","*",$B$5)) | G28: =IF(F28=0,NA(),E28/F28) | H28: =IFERROR(SUMIFS(Ordenes!$V$2:$V$840,Ordenes!$W$2:$W$840,$B28,Ordenes!$X$2:$X$840,$C28,Ordenes!$T$2:$T$840,"Válida",Ordenes!$F$2:$F$840,IF($B$4="Todos","*",$B$4),Ordenes!$G$2:$G$840,IF($B$5="Todos","*",$B$5))/F28,NA()) | I28: =IFERROR((G28-H28)*100,"") | J28: =IFERROR(ABS(G28-G27),"") | K28: =$G$7 | L28: =$G$10 | M28: =$G$11 | N28: =IF(ISNA(G28),"Sin producción",IF(L28="","Sin límites",IF(G28>L28,"▲ Sobre LCS",IF(G28<M28,"▼ Bajo LCI","En control")))) | O28: =COUNTIFS(Ordenes!$W$2:$W$840,$B28,Ordenes!$X$2:$X$840,$C28,Ordenes!$T$2:$T$840,"A corregir",Ordenes!$F$2:$F$840,IF($B$4="Todos","*",$B$4),Ordenes!$G$2:$G$840,IF($B$5="Todos","*",$B$5))
... A53: S39 2026 (21 sep) | B53: 2026 | C53: 39 | D53: =COUNTIFS(Ordenes!$W$2:$W$840,$B53,Ordenes!$X$2:$X$840,$C53,Ordenes!$T$2:$T$840,"Válida",Ordenes!$F$2:$F$840,IF($B$4="Todos","*",$B$4),Ordenes!$G$2:$G$840,IF($B$5="Todos","*",$B$5)) | E53: =SUMIFS(Ordenes!$P$2:$P$840,Ordenes!$W$2:$W$840,$B53,Ordenes!$X$2:$X$840,$C53,Ordenes!$T$2:$T$840,"Válida",Ordenes!$F$2:$F$840,IF($B$4="Todos","*",$B$4),Ordenes!$G$2:$G$840,IF($B$5="Todos","*",$B$5)) | F53: =SUMIFS(Ordenes!$Q$2:$Q$840,Ordenes!$W$2:$W$840,$B53,Ordenes!$X$2:$X$840,$C53,Ordenes!$T$2:$T$840,"Válida",Ordenes!$F$2:$F$840,IF($B$4="Todos","*",$B$4),Ordenes!$G$2:$G$840,IF($B$5="Todos","*",$B$5)) | G53: =IF(F53=0,NA(),E53/F53) | H53: =IFERROR(SUMIFS(Ordenes!$V$2:$V$840,Ordenes!$W$2:$W$840,$B53,Ordenes!$X$2:$X$840,$C53,Ordenes!$T$2:$T$840,"Válida",Ordenes!$F$2:$F$840,IF($B$4="Todos","*",$B$4),Ordenes!$G$2:$G$840,IF($B$5="Todos","*",$B$5))/F53,NA()) | I53: =IFERROR((G53-H53)*100,"") | J53: =IFERROR(ABS(G53-G52),"") | K53: =$G$7 | L53: =$G$10 | M53: =$G$11 | N53: =IF(ISNA(G53),"Sin producción",IF(L53="","Sin límites",IF(G53>L53,"▲ Sobre LCS",IF(G53<M53,"▼ Bajo LCI","En control")))) | O53: =COUNTIFS(Ordenes!$W$2:$W$840,$B53,Ordenes!$X$2:$X$840,$C53,Ordenes!$T$2:$T$840,"A corregir",Ordenes!$F$2:$F$840,IF($B$4="Todos","*",$B$4),Ordenes!$G$2:$G$840,IF($B$5="Todos","*",$B$5))

Sheet Carta diaria
A1: Carta de control diaria
A2: Carta I-MR sobre el rendimiento ponderado (Σ kg producidos / Σ kg consumidos) de las órdenes válidas (≤ 100 %).
A4: Grupo: | B4: Todos | C4: ← elige un grupo de la lista (celda amarilla) o deja «Todos»
A5: Producto: | B5: Todos | C5: ← escribe el nombre exacto del producto (columna Producto de «Ordenes») o deja «Todos»
F7: LC (rend. ponderado) | G7: =IFERROR(SUM(E16:E232)/SUM(F16:F232),"") | H7: d2 = 1,128 es la constante de la carta I-MR para rangos móviles de 2 puntos.
F8: MR̄ (promedio rango móvil) | G8: =IFERROR(AVERAGE(J16:J232),"")
F9: σ = MR̄ / 1,128 | G9: =IFERROR(G8/1.128,"")
F10: LCS = LC + 3σ | G10: =IFERROR(G7+3*G9,"")
F11: LCI = LC − 3σ | G11: =IFERROR(G7-3*G9,"")
F12: Meta ponderada | G12: =IFERROR(SUMIFS(Ordenes!$V$2:$V$840,Ordenes!$T$2:$T$840,"Válida",Ordenes!$F$2:$F$840,IF($B$4="Todos","*",$B$4),Ordenes!$G$2:$G$840,IF($B$5="Todos","*",$B$5))/SUMIFS(Ordenes!$Q$2:$Q$840,Ordenes!$T$2:$T$840,"Válida",Ordenes!$F$2:$F$840,IF($B$4="Todos","*",$B$4),Ordenes!$G$2:$G$840,IF($B$5="Todos","*",$B$5)),"")
A15: Período | B15: Año | C15: Mes | D15: Órdenes válidas | E15: Kg producidos | F15: Kg consumidos | G15: Rend. met. | H15: Meta | I15: vs meta (pp) | J15: MR | K15: LC | L15: LCS | M15: LCI | N15: Estado | O15: Órdenes a corregir
A16: 46024 | B16: =YEAR(A16) | C16: =MONTH(A16) | D16: =COUNTIFS(Ordenes!$C$2:$C$840,$A16,Ordenes!$T$2:$T$840,"Válida",Ordenes!$F$2:$F$840,IF($B$4="Todos","*",$B$4),Ordenes!$G$2:$G$840,IF($B$5="Todos","*",$B$5)) | E16: =SUMIFS(Ordenes!$P$2:$P$840,Ordenes!$C$2:$C$840,$A16,Ordenes!$T$2:$T$840,"Válida",Ordenes!$F$2:$F$840,IF($B$4="Todos","*",$B$4),Ordenes!$G$2:$G$840,IF($B$5="Todos","*",$B$5)) | F16: =SUMIFS(Ordenes!$Q$2:$Q$840,Ordenes!$C$2:$C$840,$A16,Ordenes!$T$2:$T$840,"Válida",Ordenes!$F$2:$F$840,IF($B$4="Todos","*",$B$4),Ordenes!$G$2:$G$840,IF($B$5="Todos","*",$B$5)) | G16: =IF(F16=0,NA(),E16/F16) | H16: =IFERROR(SUMIFS(Ordenes!$V$2:$V$840,Ordenes!$C$2:$C$840,$A16,Ordenes!$T$2:$T$840,"Válida",Ordenes!$F$2:$F$840,IF($B$4="Todos","*",$B$4),Ordenes!$G$2:$G$840,IF($B$5="Todos","*",$B$5))/F16,NA()) | I16: =IFERROR((G16-H16)*100,"") | K16: =$G$7 | L16: =$G$10 | M16: =$G$11 | N16: =IF(ISNA(G16),"Sin producción",IF(L16="","Sin límites",IF(G16>L16,"▲ Sobre LCS",IF(G16<M16,"▼ Bajo LCI","En control")))) | O16: =COUNTIFS(Ordenes!$C$2:$C$840,$A16,Ordenes!$T$2:$T$840,"A corregir",Ordenes!$F$2:$F$840,IF($B$4="Todos","*",$B$4),Ordenes!$G$2:$G$840,IF($B$5="Todos","*",$B$5))
A17: 46025 | B17: =YEAR(A17) | C17: =MONTH(A17) | D17: =COUNTIFS(Ordenes!$C$2:$C$840,$A17,Ordenes!$T$2:$T$840,"Válida",Ordenes!$F$2:$F$840,IF($B$4="Todos","*",$B$4),Ordenes!$G$2:$G$840,IF($B$5="Todos","*",$B$5)) | E17: =SUMIFS(Ordenes!$P$2:$P$840,Ordenes!$C$2:$C$840,$A17,Ordenes!$T$2:$T$840,"Válida",Ordenes!$F$2:$F$840,IF($B$4="Todos","*",$B$4),Ordenes!$G$2:$G$840,IF($B$5="Todos","*",$B$5)) | F17: =SUMIFS(Ordenes!$Q$2:$Q$840,Ordenes!$C$2:$C$840,$A17,Ordenes!$T$2:$T$840,"Válida",Ordenes!$F$2:$F$840,IF($B$4="Todos","*",$B$4),Ordenes!$G$2:$G$840,IF($B$5="Todos","*",$B$5)) | G17: =IF(F17=0,NA(),E17/F17) | H17: =IFERROR(SUMIFS(Ordenes!$V$2:$V$840,Ordenes!$C$2:$C$840,$A17,Ordenes!$T$2:$T$840,"Válida",Ordenes!$F$2:$F$840,IF($B$4="Todos","*",$B$4),Ordenes!$G$2:$G$840,IF($B$5="Todos","*",$B$5))/F17,NA()) | I17: =IFERROR((G17-H17)*100,"") | J17: =IFERROR(ABS(G17-G16),"") | K17: =$G$7 | L17: =$G$10 | M17: =$G$11 | N17: =IF(ISNA(G17),"Sin producción",IF(L17="","Sin límites",IF(G17>L17,"▲ Sobre LCS",IF(G17<M17,"▼ Bajo LCI","En control")))) | O17: =COUNTIFS(Ordenes!$C$2:$C$840,$A17,Ordenes!$T$2:$T$840,"A corregir",Ordenes!$F$2:$F$840,IF($B$4="Todos","*",$B$4),Ordenes!$G$2:$G$840,IF($B$5="Todos","*",$B$5))
A18: 46027 | B18: =YEAR(A18) | C18: =MONTH(A18) | D18: =COUNTIFS(Ordenes!$C$2:$C$840,$A18,Ordenes!$T$2:$T$840,"Válida",Ordenes!$F$2:$F$840,IF($B$4="Todos","*",$B$4),Ordenes!$G$2:$G$840,IF($B$5="Todos","*",$B$5)) | E18: =SUMIFS(Ordenes!$P$2:$P$840,Ordenes!$C$2:$C$840,$A18,Ordenes!$T$2:$T$840,"Válida",Ordenes!$F$2:$F$840,IF($B$4="Todos","*",$B$4),Ordenes!$G$2:$G$840,IF($B$5="Todos","*",$B$5)) | F18: =SUMIFS(Ordenes!$Q$2:$Q$840,Ordenes!$C$2:$C$840,$A18,Ordenes!$T$2:$T$840,"Válida",Ordenes!$F$2:$F$840,IF($B$4="Todos","*",$B$4),Ordenes!$G$2:$G$840,IF($B$5="Todos","*",$B$5)) | G18: =IF(F18=0,NA(),E18/F18) | H18: =IFERROR(SUMIFS(Ordenes!$V$2:$V$840,Ordenes!$C$2:$C$840,$A18,Ordenes!$T$2:$T$840,"Válida",Ordenes!$F$2:$F$840,IF($B$4="Todos","*",$B$4),Ordenes!$G$2:$G$840,IF($B$5="Todos","*",$B$5))/F18,NA()) | I18: =IFERROR((G18-H18)*100,"") | J18: =IFERROR(ABS(G18-G17),"") | K18: =$G$7 | L18: =$G$10 | M18: =$G$11 | N18: =IF(ISNA(G18),"Sin producción",IF(L18="","Sin límites",IF(G18>L18,"▲ Sobre LCS",IF(G18<M18,"▼ Bajo LCI","En control")))) | O18: =COUNTIFS(Ordenes!$C$2:$C$840,$A18,Ordenes!$T$2:$T$840,"A corregir",Ordenes!$F$2:$F$840,IF($B$4="Todos","*",$B$4),Ordenes!$G$2:$G$840,IF($B$5="Todos","*",$B$5))
A19: 46028 | B19: =YEAR(A19) | C19: =MONTH(A19) | D19: =COUNTIFS(Ordenes!$C$2:$C$840,$A19,Ordenes!$T$2:$T$840,"Válida",Ordenes!$F$2:$F$840,IF($B$4="Todos","*",$B$4),Ordenes!$G$2:$G$840,IF($B$5="Todos","*",$B$5)) | E19: =SUMIFS(Ordenes!$P$2:$P$840,Ordenes!$C$2:$C$840,$A19,Ordenes!$T$2:$T$840,"Válida",Ordenes!$F$2:$F$840,IF($B$4="Todos","*",$B$4),Ordenes!$G$2:$G$840,IF($B$5="Todos","*",$B$5)) | F19: =SUMIFS(Ordenes!$Q$2:$Q$840,Ordenes!$C$2:$C$840,$A19,Ordenes!$T$2:$T$840,"Válida",Ordenes!$F$2:$F$840,IF($B$4="Todos","*",$B$4),Ordenes!$G$2:$G$840,IF($B$5="Todos","*",$B$5)) | G19: =IF(F19=0,NA(),E19/F19) | H19: =IFERROR(SUMIFS(Ordenes!$V$2:$V$840,Ordenes!$C$2:$C$840,$A19,Ordenes!$T$2:$T$840,"Válida",Ordenes!$F$2:$F$840,IF($B$4="Todos","*",$B$4),Ordenes!$G$2:$G$840,IF($B$5="Todos","*",$B$5))/F19,NA()) | I19: =IFERROR((G19-H19)*100,"") | J19: =IFERROR(ABS(G19-G18),"") | K19: =$G$7 | L19: =$G$10 | M19: =$G$11 | N19: =IF(ISNA(G19),"Sin producción",IF(L19="","Sin límites",IF(G19>L19,"▲ Sobre LCS",IF(G19<M19,"▼ Bajo LCI","En control")))) | O19: =COUNTIFS(Ordenes!$C$2:$C$840,$A19,Ordenes!$T$2:$T$840,"A corregir",Ordenes!$F$2:$F$840,IF($B$4="Todos","*",$B$4),Ordenes!$G$2:$G$840,IF($B$5="Todos","*",$B$5))
A20: 46029 | B20: =YEAR(A20) | C20: =MONTH(A20) | D20: =COUNTIFS(Ordenes!$C$2:$C$840,$A20,Ordenes!$T$2:$T$840,"Válida",Ordenes!$F$2:$F$840,IF($B$4="Todos","*",$B$4),Ordenes!$G$2:$G$840,IF($B$5="Todos","*",$B$5)) | E20: =SUMIFS(Ordenes!$P$2:$P$840,Ordenes!$C$2:$C$840,$A20,Ordenes!$T$2:$T$840,"Válida",Ordenes!$F$2:$F$840,IF($B$4="Todos","*",$B$4),Ordenes!$G$2:$G$840,IF($B$5="Todos","*",$B$5)) | F20: =SUMIFS(Ordenes!$Q$2:$Q$840,Ordenes!$C$2:$C$840,$A20,Ordenes!$T$2:$T$840,"Válida",Ordenes!$F$2:$F$840,IF($B$4="Todos","*",$B$4),Ordenes!$G$2:$G$840,IF($B$5="Todos","*",$B$5)) | G20: =IF(F20=0,NA(),E20/F20) | H20: =IFERROR(SUMIFS(Ordenes!$V$2:$V$840,Ordenes!$C$2:$C$840,$A20,Ordenes!$T$2:$T$840,"Válida",Ordenes!$F$2:$F$840,IF($B$4="Todos","*",$B$4),Ordenes!$G$2:$G$840,IF($B$5="Todos","*",$B$5))/F20,NA()) | I20: =IFERROR((G20-H20)*100,"") | J20: =IFERROR(ABS(G20-G19),"") | K20: =$G$7 | L20: =$G$10 | M20: =$G$11 | N20: =IF(ISNA(G20),"Sin producción",IF(L20="","Sin límites",IF(G20>L20,"▲ Sobre LCS",IF(G20<M20,"▼ Bajo LCI","En control")))) | O20: =COUNTIFS(Ordenes!$C$2:$C$840,$A20,Ordenes!$T$2:$T$840,"A corregir",Ordenes!$F$2:$F$840,IF($B$4="Todos","*",$B$4),Ordenes!$G$2:$G$840,IF($B$5="Todos","*",$B$5))
A21: 46030 | B21: =YEAR(A21) | C21: =MONTH(A21) | D21: =COUNTIFS(Ordenes!$C$2:$C$840,$A21,Ordenes!$T$2:$T$840,"Válida",Ordenes!$F$2:$F$840,IF($B$4="Todos","*",$B$4),Ordenes!$G$2:$G$840,IF($B$5="Todos","*",$B$5)) | E21: =SUMIFS(Ordenes!$P$2:$P$840,Ordenes!$C$2:$C$840,$A21,Ordenes!$T$2:$T$840,"Válida",Ordenes!$F$2:$F$840,IF($B$4="Todos","*",$B$4),Ordenes!$G$2:$G$840,IF($B$5="Todos","*",$B$5)) | F21: =SUMIFS(Ordenes!$Q$2:$Q$840,Ordenes!$C$2:$C$840,$A21,Ordenes!$T$2:$T$840,"Válida",Ordenes!$F$2:$F$840,IF($B$4="Todos","*",$B$4),Ordenes!$G$2:$G$840,IF($B$5="Todos","*",$B$5)) | G21: =IF(F21=0,NA(),E21/F21) | H21: =IFERROR(SUMIFS(Ordenes!$V$2:$V$840,Ordenes!$C$2:$C$840,$A21,Ordenes!$T$2:$T$840,"Válida",Ordenes!$F$2:$F$840,IF($B$4="Todos","*",$B$4),Ordenes!$G$2:$G$840,IF($B$5="Todos","*",$B$5))/F21,NA()) | I21: =IFERROR((G21-H21)*100,"") | J21: =IFERROR(ABS(G21-G20),"") | K21: =$G$7 | L21: =$G$10 | M21: =$G$11 | N21: =IF(ISNA(G21),"Sin producción",IF(L21="","Sin límites",IF(G21>L21,"▲ Sobre LCS",IF(G21<M21,"▼ Bajo LCI","En control")))) | O21: =COUNTIFS(Ordenes!$C$2:$C$840,$A21,Ordenes!$T$2:$T$840,"A corregir",Ordenes!$F$2:$F$840,IF($B$4="Todos","*",$B$4),Ordenes!$G$2:$G$840,IF($B$5="Todos","*",$B$5))
A22: 46031 | B22: =YEAR(A22) | C22: =MONTH(A22) | D22: =COUNTIFS(Ordenes!$C$2:$C$840,$A22,Ordenes!$T$2:$T$840,"Válida",Ordenes!$F$2:$F$840,IF($B$4="Todos","*",$B$4),Ordenes!$G$2:$G$840,IF($B$5="Todos","*",$B$5)) | E22: =SUMIFS(Ordenes!$P$2:$P$840,Ordenes!$C$2:$C$840,$A22,Ordenes!$T$2:$T$840,"Válida",Ordenes!$F$2:$F$840,IF($B$4="Todos","*",$B$4),Ordenes!$G$2:$G$840,IF($B$5="Todos","*",$B$5)) | F22: =SUMIFS(Ordenes!$Q$2:$Q$840,Ordenes!$C$2:$C$840,$A22,Ordenes!$T$2:$T$840,"Válida",Ordenes!$F$2:$F$840,IF($B$4="Todos","*",$B$4),Ordenes!$G$2:$G$840,IF($B$5="Todos","*",$B$5)) | G22: =IF(F22=0,NA(),E22/F22) | H22: =IFERROR(SUMIFS(Ordenes!$V$2:$V$840,Ordenes!$C$2:$C$840,$A22,Ordenes!$T$2:$T$840,"Válida",Ordenes!$F$2:$F$840,IF($B$4="Todos","*",$B$4),Ordenes!$G$2:$G$840,IF($B$5="Todos","*",$B$5))/F22,NA()) | I22: =IFERROR((G22-H22)*100,"") | J22: =IFERROR(ABS(G22-G21),"") | K22: =$G$7 | L22: =$G$10 | M22: =$G$11 | N22: =IF(ISNA(G22),"Sin producción",IF(L22="","Sin límites",IF(G22>L22,"▲ Sobre LCS",IF(G22<M22,"▼ Bajo LCI","En control")))) | O22: =COUNTIFS(Ordenes!$C$2:$C$840,$A22,Ordenes!$T$2:$T$840,"A corregir",Ordenes!$F$2:$F$840,IF($B$4="Todos","*",$B$4),Ordenes!$G$2:$G$840,IF($B$5="Todos","*",$B$5))
A23: 46032 | B23: =YEAR(A23) | C23: =MONTH(A23) | D23: =COUNTIFS(Ordenes!$C$2:$C$840,$A23,Ordenes!$T$2:$T$840,"Válida",Ordenes!$F$2:$F$840,IF($B$4="Todos","*",$B$4),Ordenes!$G$2:$G$840,IF($B$5="Todos","*",$B$5)) | E23: =SUMIFS(Ordenes!$P$2:$P$840,Ordenes!$C$2:$C$840,$A23,Ordenes!$T$2:$T$840,"Válida",Ordenes!$F$2:$F$840,IF($B$4="Todos","*",$B$4),Ordenes!$G$2:$G$840,IF($B$5="Todos","*",$B$5)) | F23: =SUMIFS(Ordenes!$Q$2:$Q$840,Ordenes!$C$2:$C$840,$A23,Ordenes!$T$2:$T$840,"Válida",Ordenes!$F$2:$F$840,IF($B$4="Todos","*",$B$4),Ordenes!$G$2:$G$840,IF($B$5="Todos","*",$B$5)) | G23: =IF(F23=0,NA(),E23/F23) | H23: =IFERROR(SUMIFS(Ordenes!$V$2:$V$840,Ordenes!$C$2:$C$840,$A23,Ordenes!$T$2:$T$840,"Válida",Ordenes!$F$2:$F$840,IF($B$4="Todos","*",$B$4),Ordenes!$G$2:$G$840,IF($B$5="Todos","*",$B$5))/F23,NA()) | I23: =IFERROR((G23-H23)*100,"") | J23: =IFERROR(ABS(G23-G22),"") | K23: =$G$7 | L23: =$G$10 | M23: =$G$11 | N23: =IF(ISNA(G23),"Sin producción",IF(L23="","Sin límites",IF(G23>L23,"▲ Sobre LCS",IF(G23<M23,"▼ Bajo LCI","En control")))) | O23: =COUNTIFS(Ordenes!$C$2:$C$840,$A23,Ordenes!$T$2:$T$840,"A corregir",Ordenes!$F$2:$F$840,IF($B$4="Todos","*",$B$4),Ordenes!$G$2:$G$840,IF($B$5="Todos","*",$B$5))
A24: 46034 | B24: =YEAR(A24) | C24: =MONTH(A24) | D24: =COUNTIFS(Ordenes!$C$2:$C$840,$A24,Ordenes!$T$2:$T$840,"Válida",Ordenes!$F$2:$F$840,IF($B$4="Todos","*",$B$4),Ordenes!$G$2:$G$840,IF($B$5="Todos","*",$B$5)) | E24: =SUMIFS(Ordenes!$P$2:$P$840,Ordenes!$C$2:$C$840,$A24,Ordenes!$T$2:$T$840,"Válida",Ordenes!$F$2:$F$840,IF($B$4="Todos","*",$B$4),Ordenes!$G$2:$G$840,IF($B$5="Todos","*",$B$5)) | F24: =SUMIFS(Ordenes!$Q$2:$Q$840,Ordenes!$C$2:$C$840,$A24,Ordenes!$T$2:$T$840,"Válida",Ordenes!$F$2:$F$840,IF($B$4="Todos","*",$B$4),Ordenes!$G$2:$G$840,IF($B$5="Todos","*",$B$5)) | G24: =IF(F24=0,NA(),E24/F24) | H24: =IFERROR(SUMIFS(Ordenes!$V$2:$V$840,Ordenes!$C$2:$C$840,$A24,Ordenes!$T$2:$T$840,"Válida",Ordenes!$F$2:$F$840,IF($B$4="Todos","*",$B$4),Ordenes!$G$2:$G$840,IF($B$5="Todos","*",$B$5))/F24,NA()) | I24: =IFERROR((G24-H24)*100,"") | J24: =IFERROR(ABS(G24-G23),"") | K24: =$G$7 | L24: =$G$10 | M24: =$G$11 | N24: =IF(ISNA(G24),"Sin producción",IF(L24="","Sin límites",IF(G24>L24,"▲ Sobre LCS",IF(G24<M24,"▼ Bajo LCI","En control")))) | O24: =COUNTIFS(Ordenes!$C$2:$C$840,$A24,Ordenes!$T$2:$T$840,"A corregir",Ordenes!$F$2:$F$840,IF($B$4="Todos","*",$B$4),Ordenes!$G$2:$G$840,IF($B$5="Todos","*",$B$5))
A25: 46035 | B25: =YEAR(A25) | C25: =MONTH(A25) | D25: =COUNTIFS(Ordenes!$C$2:$C$840,$A25,Ordenes!$T$2:$T$840,"Válida",Ordenes!$F$2:$F$840,IF($B$4="Todos","*",$B$4),Ordenes!$G$2:$G$840,IF($B$5="Todos","*",$B$5)) | E25: =SUMIFS(Ordenes!$P$2:$P$840,Ordenes!$C$2:$C$840,$A25,Ordenes!$T$2:$T$840,"Válida",Ordenes!$F$2:$F$840,IF($B$4="Todos","*",$B$4),Ordenes!$G$2:$G$840,IF($B$5="Todos","*",$B$5)) | F25: =SUMIFS(Ordenes!$Q$2:$Q$840,Ordenes!$C$2:$C$840,$A25,Ordenes!$T$2:$T$840,"Válida",Ordenes!$F$2:$F$840,IF($B$4="Todos","*",$B$4),Ordenes!$G$2:$G$840,IF($B$5="Todos","*",$B$5)) | G25: =IF(F25=0,NA(),E25/F25) | H25: =IFERROR(SUMIFS(Ordenes!$V$2:$V$840,Ordenes!$C$2:$C$840,$A25,Ordenes!$T$2:$T$840,"Válida",Ordenes!$F$2:$F$840,IF($B$4="Todos","*",$B$4),Ordenes!$G$2:$G$840,IF($B$5="Todos","*",$B$5))/F25,NA()) | I25: =IFERROR((G25-H25)*100,"") | J25: =IFERROR(ABS(G25-G24),"") | K25: =$G$7 | L25: =$G$10 | M25: =$G$11 | N25: =IF(ISNA(G25),"Sin producción",IF(L25="","Sin límites",IF(G25>L25,"▲ Sobre LCS",IF(G25<M25,"▼ Bajo LCI","En control")))) | O25: =COUNTIFS(Ordenes!$C$2:$C$840,$A25,Ordenes!$T$2:$T$840,"A corregir",Ordenes!$F$2:$F$840,IF($B$4="Todos","*",$B$4),Ordenes!$G$2:$G$840,IF($B$5="Todos","*",$B$5))
A26: 46036 | B26: =YEAR(A26) | C26: =MONTH(A26) | D26: =COUNTIFS(Ordenes!$C$2:$C$840,$A26,Ordenes!$T$2:$T$840,"Válida",Ordenes!$F$2:$F$840,IF($B$4="Todos","*",$B$4),Ordenes!$G$2:$G$840,IF($B$5="Todos","*",$B$5)) | E26: =SUMIFS(Ordenes!$P$2:$P$840,Ordenes!$C$2:$C$840,$A26,Ordenes!$T$2:$T$840,"Válida",Ordenes!$F$2:$F$840,IF($B$4="Todos","*",$B$4),Ordenes!$G$2:$G$840,IF($B$5="Todos","*",$B$5)) | F26: =SUMIFS(Ordenes!$Q$2:$Q$840,Ordenes!$C$2:$C$840,$A26,Ordenes!$T$2:$T$840,"Válida",Ordenes!$F$2:$F$840,IF($B$4="Todos","*",$B$4),Ordenes!$G$2:$G$840,IF($B$5="Todos","*",$B$5)) | G26: =IF(F26=0,NA(),E26/F26) | H26: =IFERROR(SUMIFS(Ordenes!$V$2:$V$840,Ordenes!$C$2:$C$840,$A26,Ordenes!$T$2:$T$840,"Válida",Ordenes!$F$2:$F$840,IF($B$4="Todos","*",$B$4),Ordenes!$G$2:$G$840,IF($B$5="Todos","*",$B$5))/F26,NA()) | I26: =IFERROR((G26-H26)*100,"") | J26: =IFERROR(ABS(G26-G25),"") | K26: =$G$7 | L26: =$G$10 | M26: =$G$11 | N26: =IF(ISNA(G26),"Sin producción",IF(L26="","Sin límites",IF(G26>L26,"▲ Sobre LCS",IF(G26<M26,"▼ Bajo LCI","En control")))) | O26: =COUNTIFS(Ordenes!$C$2:$C$840,$A26,Ordenes!$T$2:$T$840,"A corregir",Ordenes!$F$2:$F$840,IF($B$4="Todos","*",$B$4),Ordenes!$G$2:$G$840,IF($B$5="Todos","*",$B$5))
A27: 46037 | B27: =YEAR(A27) | C27: =MONTH(A27) | D27: =COUNTIFS(Ordenes!$C$2:$C$840,$A27,Ordenes!$T$2:$T$840,"Válida",Ordenes!$F$2:$F$840,IF($B$4="Todos","*",$B$4),Ordenes!$G$2:$G$840,IF($B$5="Todos","*",$B$5)) | E27: =SUMIFS(Ordenes!$P$2:$P$840,Ordenes!$C$2:$C$840,$A27,Ordenes!$T$2:$T$840,"Válida",Ordenes!$F$2:$F$840,IF($B$4="Todos","*",$B$4),Ordenes!$G$2:$G$840,IF($B$5="Todos","*",$B$5)) | F27: =SUMIFS(Ordenes!$Q$2:$Q$840,Ordenes!$C$2:$C$840,$A27,Ordenes!$T$2:$T$840,"Válida",Ordenes!$F$2:$F$840,IF($B$4="Todos","*",$B$4),Ordenes!$G$2:$G$840,IF($B$5="Todos","*",$B$5)) | G27: =IF(F27=0,NA(),E27/F27) | H27: =IFERROR(SUMIFS(Ordenes!$V$2:$V$840,Ordenes!$C$2:$C$840,$A27,Ordenes!$T$2:$T$840,"Válida",Ordenes!$F$2:$F$840,IF($B$4="Todos","*",$B$4),Ordenes!$G$2:$G$840,IF($B$5="Todos","*",$B$5))/F27,NA()) | I27: =IFERROR((G27-H27)*100,"") | J27: =IFERROR(ABS(G27-G26),"") | K27: =$G$7 | L27: =$G$10 | M27: =$G$11 | N27: =IF(ISNA(G27),"Sin producción",IF(L27="","Sin límites",IF(G27>L27,"▲ Sobre LCS",IF(G27<M27,"▼ Bajo LCI","En control")))) | O27: =COUNTIFS(Ordenes!$C$2:$C$840,$A27,Ordenes!$T$2:$T$840,"A corregir",Ordenes!$F$2:$F$840,IF($B$4="Todos","*",$B$4),Ordenes!$G$2:$G$840,IF($B$5="Todos","*",$B$5))
A28: 46038 | B28: =YEAR(A28) | C28: =MONTH(A28) | D28: =COUNTIFS(Ordenes!$C$2:$C$840,$A28,Ordenes!$T$2:$T$840,"Válida",Ordenes!$F$2:$F$840,IF($B$4="Todos","*",$B$4),Ordenes!$G$2:$G$840,IF($B$5="Todos","*",$B$5)) | E28: =SUMIFS(Ordenes!$P$2:$P$840,Ordenes!$C$2:$C$840,$A28,Ordenes!$T$2:$T$840,"Válida",Ordenes!$F$2:$F$840,IF($B$4="Todos","*",$B$4),Ordenes!$G$2:$G$840,IF($B$5="Todos","*",$B$5)) | F28: =SUMIFS(Ordenes!$Q$2:$Q$840,Ordenes!$C$2:$C$840,$A28,Ordenes!$T$2:$T$840,"Válida",Ordenes!$F$2:$F$840,IF($B$4="Todos","*",$B$4),Ordenes!$G$2:$G$840,IF($B$5="Todos","*",$B$5)) | G28: =IF(F28=0,NA(),E28/F28) | H28: =IFERROR(SUMIFS(Ordenes!$V$2:$V$840,Ordenes!$C$2:$C$840,$A28,Ordenes!$T$2:$T$840,"Válida",Ordenes!$F$2:$F$840,IF($B$4="Todos","*",$B$4),Ordenes!$G$2:$G$840,IF($B$5="Todos","*",$B$5))/F28,NA()) | I28: =IFERROR((G28-H28)*100,"") | J28: =IFERROR(ABS(G28-G27),"") | K28: =$G$7 | L28: =$G$10 | M28: =$G$11 | N28: =IF(ISNA(G28),"Sin producción",IF(L28="","Sin límites",IF(G28>L28,"▲ Sobre LCS",IF(G28<M28,"▼ Bajo LCI","En control")))) | O28: =COUNTIFS(Ordenes!$C$2:$C$840,$A28,Ordenes!$T$2:$T$840,"A corregir",Ordenes!$F$2:$F$840,IF($B$4="Todos","*",$B$4),Ordenes!$G$2:$G$840,IF($B$5="Todos","*",$B$5))
... A232: 46287 | B232: =YEAR(A232) | C232: =MONTH(A232) | D232: =COUNTIFS(Ordenes!$C$2:$C$840,$A232,Ordenes!$T$2:$T$840,"Válida",Ordenes!$F$2:$F$840,IF($B$4="Todos","*",$B$4),Ordenes!$G$2:$G$840,IF($B$5="Todos","*",$B$5)) | E232: =SUMIFS(Ordenes!$P$2:$P$840,Ordenes!$C$2:$C$840,$A232,Ordenes!$T$2:$T$840,"Válida",Ordenes!$F$2:$F$840,IF($B$4="Todos","*",$B$4),Ordenes!$G$2:$G$840,IF($B$5="Todos","*",$B$5)) | F232: =SUMIFS(Ordenes!$Q$2:$Q$840,Ordenes!$C$2:$C$840,$A232,Ordenes!$T$2:$T$840,"Válida",Ordenes!$F$2:$F$840,IF($B$4="Todos","*",$B$4),Ordenes!$G$2:$G$840,IF($B$5="Todos","*",$B$5)) | G232: =IF(F232=0,NA(),E232/F232) | H232: =IFERROR(SUMIFS(Ordenes!$V$2:$V$840,Ordenes!$C$2:$C$840,$A232,Ordenes!$T$2:$T$840,"Válida",Ordenes!$F$2:$F$840,IF($B$4="Todos","*",$B$4),Ordenes!$G$2:$G$840,IF($B$5="Todos","*",$B$5))/F232,NA()) | I232: =IFERROR((G232-H232)*100,"") | J232: =IFERROR(ABS(G232-G231),"") | K232: =$G$7 | L232: =$G$10 | M232: =$G$11 | N232: =IF(ISNA(G232),"Sin producción",IF(L232="","Sin límites",IF(G232>L232,"▲ Sobre LCS",IF(G232<M232,"▼ Bajo LCI","En control")))) | O232: =COUNTIFS(Ordenes!$C$2:$C$840,$A232,Ordenes!$T$2:$T$840,"A corregir",Ordenes!$F$2:$F$840,IF($B$4="Todos","*",$B$4),Ordenes!$G$2:$G$840,IF($B$5="Todos","*",$B$5))

Sheet Grupo x mes
A1: Rendimiento metálico por grupo y mes
A2: Órdenes válidas. Rend. = Σ kg producidos / Σ kg consumidos.
A4: Rendimiento metálico
A5: Grupo | B5: Ene 2026 | C5: Feb 2026 | D5: Mar 2026 | E5: Abr 2026 | F5: May 2026 | G5: Jun 2026 | H5: Jul 2026 | I5: Ago 2026 | J5: Sep 2026 | K5: Total
A6: B Hormigón | B6: =IFERROR(SUMIFS(Ordenes!$P$2:$P$840,Ordenes!$D$2:$D$840,2026,Ordenes!$E$2:$E$840,1,Ordenes!$F$2:$F$840,$A6,Ordenes!$T$2:$T$840,"Válida")/SUMIFS(Ordenes!$Q$2:$Q$840,Ordenes!$D$2:$D$840,2026,Ordenes!$E$2:$E$840,1,Ordenes!$F$2:$F$840,$A6,Ordenes!$T$2:$T$840,"Válida"),"") | C6: =IFERROR(SUMIFS(Ordenes!$P$2:$P$840,Ordenes!$D$2:$D$840,2026,Ordenes!$E$2:$E$840,2,Ordenes!$F$2:$F$840,$A6,Ordenes!$T$2:$T$840,"Válida")/SUMIFS(Ordenes!$Q$2:$Q$840,Ordenes!$D$2:$D$840,2026,Ordenes!$E$2:$E$840,2,Ordenes!$F$2:$F$840,$A6,Ordenes!$T$2:$T$840,"Válida"),"") | D6: =IFERROR(SUMIFS(Ordenes!$P$2:$P$840,Ordenes!$D$2:$D$840,2026,Ordenes!$E$2:$E$840,3,Ordenes!$F$2:$F$840,$A6,Ordenes!$T$2:$T$840,"Válida")/SUMIFS(Ordenes!$Q$2:$Q$840,Ordenes!$D$2:$D$840,2026,Ordenes!$E$2:$E$840,3,Ordenes!$F$2:$F$840,$A6,Ordenes!$T$2:$T$840,"Válida"),"") | E6: =IFERROR(SUMIFS(Ordenes!$P$2:$P$840,Ordenes!$D$2:$D$840,2026,Ordenes!$E$2:$E$840,4,Ordenes!$F$2:$F$840,$A6,Ordenes!$T$2:$T$840,"Válida")/SUMIFS(Ordenes!$Q$2:$Q$840,Ordenes!$D$2:$D$840,2026,Ordenes!$E$2:$E$840,4,Ordenes!$F$2:$F$840,$A6,Ordenes!$T$2:$T$840,"Válida"),"") | F6: =IFERROR(SUMIFS(Ordenes!$P$2:$P$840,Ordenes!$D$2:$D$840,2026,Ordenes!$E$2:$E$840,5,Ordenes!$F$2:$F$840,$A6,Ordenes!$T$2:$T$840,"Válida")/SUMIFS(Ordenes!$Q$2:$Q$840,Ordenes!$D$2:$D$840,2026,Ordenes!$E$2:$E$840,5,Ordenes!$F$2:$F$840,$A6,Ordenes!$T$2:$T$840,"Válida"),"") | G6: =IFERROR(SUMIFS(Ordenes!$P$2:$P$840,Ordenes!$D$2:$D$840,2026,Ordenes!$E$2:$E$840,6,Ordenes!$F$2:$F$840,$A6,Ordenes!$T$2:$T$840,"Válida")/SUMIFS(Ordenes!$Q$2:$Q$840,Ordenes!$D$2:$D$840,2026,Ordenes!$E$2:$E$840,6,Ordenes!$F$2:$F$840,$A6,Ordenes!$T$2:$T$840,"Válida"),"") | H6: =IFERROR(SUMIFS(Ordenes!$P$2:$P$840,Ordenes!$D$2:$D$840,2026,Ordenes!$E$2:$E$840,7,Ordenes!$F$2:$F$840,$A6,Ordenes!$T$2:$T$840,"Válida")/SUMIFS(Ordenes!$Q$2:$Q$840,Ordenes!$D$2:$D$840,2026,Ordenes!$E$2:$E$840,7,Ordenes!$F$2:$F$840,$A6,Ordenes!$T$2:$T$840,"Válida"),"") | I6: =IFERROR(SUMIFS(Ordenes!$P$2:$P$840,Ordenes!$D$2:$D$840,2026,Ordenes!$E$2:$E$840,8,Ordenes!$F$2:$F$840,$A6,Ordenes!$T$2:$T$840,"Válida")/SUMIFS(Ordenes!$Q$2:$Q$840,Ordenes!$D$2:$D$840,2026,Ordenes!$E$2:$E$840,8,Ordenes!$F$2:$F$840,$A6,Ordenes!$T$2:$T$840,"Válida"),"") | J6: =IFERROR(SUMIFS(Ordenes!$P$2:$P$840,Ordenes!$D$2:$D$840,2026,Ordenes!$E$2:$E$840,9,Ordenes!$F$2:$F$840,$A6,Ordenes!$T$2:$T$840,"Válida")/SUMIFS(Ordenes!$Q$2:$Q$840,Ordenes!$D$2:$D$840,2026,Ordenes!$E$2:$E$840,9,Ordenes!$F$2:$F$840,$A6,Ordenes!$T$2:$T$840,"Válida"),"") | K6: =IFERROR(SUMIFS(Ordenes!$P$2:$P$840,Ordenes!$D$2:$D$840,">=2026",Ordenes!$F$2:$F$840,$A6,Ordenes!$T$2:$T$840,"Válida")/SUMIFS(Ordenes!$Q$2:$Q$840,Ordenes!$D$2:$D$840,">=2026",Ordenes!$F$2:$F$840,$A6,Ordenes!$T$2:$T$840,"Válida"),"")
A7: Redondo liso | B7: =IFERROR(SUMIFS(Ordenes!$P$2:$P$840,Ordenes!$D$2:$D$840,2026,Ordenes!$E$2:$E$840,1,Ordenes!$F$2:$F$840,$A7,Ordenes!$T$2:$T$840,"Válida")/SUMIFS(Ordenes!$Q$2:$Q$840,Ordenes!$D$2:$D$840,2026,Ordenes!$E$2:$E$840,1,Ordenes!$F$2:$F$840,$A7,Ordenes!$T$2:$T$840,"Válida"),"") | C7: =IFERROR(SUMIFS(Ordenes!$P$2:$P$840,Ordenes!$D$2:$D$840,2026,Ordenes!$E$2:$E$840,2,Ordenes!$F$2:$F$840,$A7,Ordenes!$T$2:$T$840,"Válida")/SUMIFS(Ordenes!$Q$2:$Q$840,Ordenes!$D$2:$D$840,2026,Ordenes!$E$2:$E$840,2,Ordenes!$F$2:$F$840,$A7,Ordenes!$T$2:$T$840,"Válida"),"") | D7: =IFERROR(SUMIFS(Ordenes!$P$2:$P$840,Ordenes!$D$2:$D$840,2026,Ordenes!$E$2:$E$840,3,Ordenes!$F$2:$F$840,$A7,Ordenes!$T$2:$T$840,"Válida")/SUMIFS(Ordenes!$Q$2:$Q$840,Ordenes!$D$2:$D$840,2026,Ordenes!$E$2:$E$840,3,Ordenes!$F$2:$F$840,$A7,Ordenes!$T$2:$T$840,"Válida"),"") | E7: =IFERROR(SUMIFS(Ordenes!$P$2:$P$840,Ordenes!$D$2:$D$840,2026,Ordenes!$E$2:$E$840,4,Ordenes!$F$2:$F$840,$A7,Ordenes!$T$2:$T$840,"Válida")/SUMIFS(Ordenes!$Q$2:$Q$840,Ordenes!$D$2:$D$840,2026,Ordenes!$E$2:$E$840,4,Ordenes!$F$2:$F$840,$A7,Ordenes!$T$2:$T$840,"Válida"),"") | F7: =IFERROR(SUMIFS(Ordenes!$P$2:$P$840,Ordenes!$D$2:$D$840,2026,Ordenes!$E$2:$E$840,5,Ordenes!$F$2:$F$840,$A7,Ordenes!$T$2:$T$840,"Válida")/SUMIFS(Ordenes!$Q$2:$Q$840,Ordenes!$D$2:$D$840,2026,Ordenes!$E$2:$E$840,5,Ordenes!$F$2:$F$840,$A7,Ordenes!$T$2:$T$840,"Válida"),"") | G7: =IFERROR(SUMIFS(Ordenes!$P$2:$P$840,Ordenes!$D$2:$D$840,2026,Ordenes!$E$2:$E$840,6,Ordenes!$F$2:$F$840,$A7,Ordenes!$T$2:$T$840,"Válida")/SUMIFS(Ordenes!$Q$2:$Q$840,Ordenes!$D$2:$D$840,2026,Ordenes!$E$2:$E$840,6,Ordenes!$F$2:$F$840,$A7,Ordenes!$T$2:$T$840,"Válida"),"") | H7: =IFERROR(SUMIFS(Ordenes!$P$2:$P$840,Ordenes!$D$2:$D$840,2026,Ordenes!$E$2:$E$840,7,Ordenes!$F$2:$F$840,$A7,Ordenes!$T$2:$T$840,"Válida")/SUMIFS(Ordenes!$Q$2:$Q$840,Ordenes!$D$2:$D$840,2026,Ordenes!$E$2:$E$840,7,Ordenes!$F$2:$F$840,$A7,Ordenes!$T$2:$T$840,"Válida"),"") | I7: =IFERROR(SUMIFS(Ordenes!$P$2:$P$840,Ordenes!$D$2:$D$840,2026,Ordenes!$E$2:$E$840,8,Ordenes!$F$2:$F$840,$A7,Ordenes!$T$2:$T$840,"Válida")/SUMIFS(Ordenes!$Q$2:$Q$840,Ordenes!$D$2:$D$840,2026,Ordenes!$E$2:$E$840,8,Ordenes!$F$2:$F$840,$A7,Ordenes!$T$2:$T$840,"Válida"),"") | J7: =IFERROR(SUMIFS(Ordenes!$P$2:$P$840,Ordenes!$D$2:$D$840,2026,Ordenes!$E$2:$E$840,9,Ordenes!$F$2:$F$840,$A7,Ordenes!$T$2:$T$840,"Válida")/SUMIFS(Ordenes!$Q$2:$Q$840,Ordenes!$D$2:$D$840,2026,Ordenes!$E$2:$E$840,9,Ordenes!$F$2:$F$840,$A7,Ordenes!$T$2:$T$840,"Válida"),"") | K7: =IFERROR(SUMIFS(Ordenes!$P$2:$P$840,Ordenes!$D$2:$D$840,">=2026",Ordenes!$F$2:$F$840,$A7,Ordenes!$T$2:$T$840,"Válida")/SUMIFS(Ordenes!$Q$2:$Q$840,Ordenes!$D$2:$D$840,">=2026",Ordenes!$F$2:$F$840,$A7,Ordenes!$T$2:$T$840,"Válida"),"")
A8: Plana | B8: =IFERROR(SUMIFS(Ordenes!$P$2:$P$840,Ordenes!$D$2:$D$840,2026,Ordenes!$E$2:$E$840,1,Ordenes!$F$2:$F$840,$A8,Ordenes!$T$2:$T$840,"Válida")/SUMIFS(Ordenes!$Q$2:$Q$840,Ordenes!$D$2:$D$840,2026,Ordenes!$E$2:$E$840,1,Ordenes!$F$2:$F$840,$A8,Ordenes!$T$2:$T$840,"Válida"),"") | C8: =IFERROR(SUMIFS(Ordenes!$P$2:$P$840,Ordenes!$D$2:$D$840,2026,Ordenes!$E$2:$E$840,2,Ordenes!$F$2:$F$840,$A8,Ordenes!$T$2:$T$840,"Válida")/SUMIFS(Ordenes!$Q$2:$Q$840,Ordenes!$D$2:$D$840,2026,Ordenes!$E$2:$E$840,2,Ordenes!$F$2:$F$840,$A8,Ordenes!$T$2:$T$840,"Válida"),"") | D8: =IFERROR(SUMIFS(Ordenes!$P$2:$P$840,Ordenes!$D$2:$D$840,2026,Ordenes!$E$2:$E$840,3,Ordenes!$F$2:$F$840,$A8,Ordenes!$T$2:$T$840,"Válida")/SUMIFS(Ordenes!$Q$2:$Q$840,Ordenes!$D$2:$D$840,2026,Ordenes!$E$2:$E$840,3,Ordenes!$F$2:$F$840,$A8,Ordenes!$T$2:$T$840,"Válida"),"") | E8: =IFERROR(SUMIFS(Ordenes!$P$2:$P$840,Ordenes!$D$2:$D$840,2026,Ordenes!$E$2:$E$840,4,Ordenes!$F$2:$F$840,$A8,Ordenes!$T$2:$T$840,"Válida")/SUMIFS(Ordenes!$Q$2:$Q$840,Ordenes!$D$2:$D$840,2026,Ordenes!$E$2:$E$840,4,Ordenes!$F$2:$F$840,$A8,Ordenes!$T$2:$T$840,"Válida"),"") | F8: =IFERROR(SUMIFS(Ordenes!$P$2:$P$840,Ordenes!$D$2:$D$840,2026,Ordenes!$E$2:$E$840,5,Ordenes!$F$2:$F$840,$A8,Ordenes!$T$2:$T$840,"Válida")/SUMIFS(Ordenes!$Q$2:$Q$840,Ordenes!$D$2:$D$840,2026,Ordenes!$E$2:$E$840,5,Ordenes!$F$2:$F$840,$A8,Ordenes!$T$2:$T$840,"Válida"),"") | G8: =IFERROR(SUMIFS(Ordenes!$P$2:$P$840,Ordenes!$D$2:$D$840,2026,Ordenes!$E$2:$E$840,6,Ordenes!$F$2:$F$840,$A8,Ordenes!$T$2:$T$840,"Válida")/SUMIFS(Ordenes!$Q$2:$Q$840,Ordenes!$D$2:$D$840,2026,Ordenes!$E$2:$E$840,6,Ordenes!$F$2:$F$840,$A8,Ordenes!$T$2:$T$840,"Válida"),"") | H8: =IFERROR(SUMIFS(Ordenes!$P$2:$P$840,Ordenes!$D$2:$D$840,2026,Ordenes!$E$2:$E$840,7,Ordenes!$F$2:$F$840,$A8,Ordenes!$T$2:$T$840,"Válida")/SUMIFS(Ordenes!$Q$2:$Q$840,Ordenes!$D$2:$D$840,2026,Ordenes!$E$2:$E$840,7,Ordenes!$F$2:$F$840,$A8,Ordenes!$T$2:$T$840,"Válida"),"") | I8: =IFERROR(SUMIFS(Ordenes!$P$2:$P$840,Ordenes!$D$2:$D$840,2026,Ordenes!$E$2:$E$840,8,Ordenes!$F$2:$F$840,$A8,Ordenes!$T$2:$T$840,"Válida")/SUMIFS(Ordenes!$Q$2:$Q$840,Ordenes!$D$2:$D$840,2026,Ordenes!$E$2:$E$840,8,Ordenes!$F$2:$F$840,$A8,Ordenes!$T$2:$T$840,"Válida"),"") | J8: =IFERROR(SUMIFS(Ordenes!$P$2:$P$840,Ordenes!$D$2:$D$840,2026,Ordenes!$E$2:$E$840,9,Ordenes!$F$2:$F$840,$A8,Ordenes!$T$2:$T$840,"Válida")/SUMIFS(Ordenes!$Q$2:$Q$840,Ordenes!$D$2:$D$840,2026,Ordenes!$E$2:$E$840,9,Ordenes!$F$2:$F$840,$A8,Ordenes!$T$2:$T$840,"Válida"),"") | K8: =IFERROR(SUMIFS(Ordenes!$P$2:$P$840,Ordenes!$D$2:$D$840,">=2026",Ordenes!$F$2:$F$840,$A8,Ordenes!$T$2:$T$840,"Válida")/SUMIFS(Ordenes!$Q$2:$Q$840,Ordenes!$D$2:$D$840,">=2026",Ordenes!$F$2:$F$840,$A8,Ordenes!$T$2:$T$840,"Válida"),"")
A9: Ángulo | B9: =IFERROR(SUMIFS(Ordenes!$P$2:$P$840,Ordenes!$D$2:$D$840,2026,Ordenes!$E$2:$E$840,1,Ordenes!$F$2:$F$840,$A9,Ordenes!$T$2:$T$840,"Válida")/SUMIFS(Ordenes!$Q$2:$Q$840,Ordenes!$D$2:$D$840,2026,Ordenes!$E$2:$E$840,1,Ordenes!$F$2:$F$840,$A9,Ordenes!$T$2:$T$840,"Válida"),"") | C9: =IFERROR(SUMIFS(Ordenes!$P$2:$P$840,Ordenes!$D$2:$D$840,2026,Ordenes!$E$2:$E$840,2,Ordenes!$F$2:$F$840,$A9,Ordenes!$T$2:$T$840,"Válida")/SUMIFS(Ordenes!$Q$2:$Q$840,Ordenes!$D$2:$D$840,2026,Ordenes!$E$2:$E$840,2,Ordenes!$F$2:$F$840,$A9,Ordenes!$T$2:$T$840,"Válida"),"") | D9: =IFERROR(SUMIFS(Ordenes!$P$2:$P$840,Ordenes!$D$2:$D$840,2026,Ordenes!$E$2:$E$840,3,Ordenes!$F$2:$F$840,$A9,Ordenes!$T$2:$T$840,"Válida")/SUMIFS(Ordenes!$Q$2:$Q$840,Ordenes!$D$2:$D$840,2026,Ordenes!$E$2:$E$840,3,Ordenes!$F$2:$F$840,$A9,Ordenes!$T$2:$T$840,"Válida"),"") | E9: =IFERROR(SUMIFS(Ordenes!$P$2:$P$840,Ordenes!$D$2:$D$840,2026,Ordenes!$E$2:$E$840,4,Ordenes!$F$2:$F$840,$A9,Ordenes!$T$2:$T$840,"Válida")/SUMIFS(Ordenes!$Q$2:$Q$840,Ordenes!$D$2:$D$840,2026,Ordenes!$E$2:$E$840,4,Ordenes!$F$2:$F$840,$A9,Ordenes!$T$2:$T$840,"Válida"),"") | F9: =IFERROR(SUMIFS(Ordenes!$P$2:$P$840,Ordenes!$D$2:$D$840,2026,Ordenes!$E$2:$E$840,5,Ordenes!$F$2:$F$840,$A9,Ordenes!$T$2:$T$840,"Válida")/SUMIFS(Ordenes!$Q$2:$Q$840,Ordenes!$D$2:$D$840,2026,Ordenes!$E$2:$E$840,5,Ordenes!$F$2:$F$840,$A9,Ordenes!$T$2:$T$840,"Válida"),"") | G9: =IFERROR(SUMIFS(Ordenes!$P$2:$P$840,Ordenes!$D$2:$D$840,2026,Ordenes!$E$2:$E$840,6,Ordenes!$F$2:$F$840,$A9,Ordenes!$T$2:$T$840,"Válida")/SUMIFS(Ordenes!$Q$2:$Q$840,Ordenes!$D$2:$D$840,2026,Ordenes!$E$2:$E$840,6,Ordenes!$F$2:$F$840,$A9,Ordenes!$T$2:$T$840,"Válida"),"") | H9: =IFERROR(SUMIFS(Ordenes!$P$2:$P$840,Ordenes!$D$2:$D$840,2026,Ordenes!$E$2:$E$840,7,Ordenes!$F$2:$F$840,$A9,Ordenes!$T$2:$T$840,"Válida")/SUMIFS(Ordenes!$Q$2:$Q$840,Ordenes!$D$2:$D$840,2026,Ordenes!$E$2:$E$840,7,Ordenes!$F$2:$F$840,$A9,Ordenes!$T$2:$T$840,"Válida"),"") | I9: =IFERROR(SUMIFS(Ordenes!$P$2:$P$840,Ordenes!$D$2:$D$840,2026,Ordenes!$E$2:$E$840,8,Ordenes!$F$2:$F$840,$A9,Ordenes!$T$2:$T$840,"Válida")/SUMIFS(Ordenes!$Q$2:$Q$840,Ordenes!$D$2:$D$840,2026,Ordenes!$E$2:$E$840,8,Ordenes!$F$2:$F$840,$A9,Ordenes!$T$2:$T$840,"Válida"),"") | J9: =IFERROR(SUMIFS(Ordenes!$P$2:$P$840,Ordenes!$D$2:$D$840,2026,Ordenes!$E$2:$E$840,9,Ordenes!$F$2:$F$840,$A9,Ordenes!$T$2:$T$840,"Válida")/SUMIFS(Ordenes!$Q$2:$Q$840,Ordenes!$D$2:$D$840,2026,Ordenes!$E$2:$E$840,9,Ordenes!$F$2:$F$840,$A9,Ordenes!$T$2:$T$840,"Válida"),"") | K9: =IFERROR(SUMIFS(Ordenes!$P$2:$P$840,Ordenes!$D$2:$D$840,">=2026",Ordenes!$F$2:$F$840,$A9,Ordenes!$T$2:$T$840,"Válida")/SUMIFS(Ordenes!$Q$2:$Q$840,Ordenes!$D$2:$D$840,">=2026",Ordenes!$F$2:$F$840,$A9,Ordenes!$T$2:$T$840,"Válida"),"")
A10: Cuadrado | B10: =IFERROR(SUMIFS(Ordenes!$P$2:$P$840,Ordenes!$D$2:$D$840,2026,Ordenes!$E$2:$E$840,1,Ordenes!$F$2:$F$840,$A10,Ordenes!$T$2:$T$840,"Válida")/SUMIFS(Ordenes!$Q$2:$Q$840,Ordenes!$D$2:$D$840,2026,Ordenes!$E$2:$E$840,1,Ordenes!$F$2:$F$840,$A10,Ordenes!$T$2:$T$840,"Válida"),"") | C10: =IFERROR(SUMIFS(Ordenes!$P$2:$P$840,Ordenes!$D$2:$D$840,2026,Ordenes!$E$2:$E$840,2,Ordenes!$F$2:$F$840,$A10,Ordenes!$T$2:$T$840,"Válida")/SUMIFS(Ordenes!$Q$2:$Q$840,Ordenes!$D$2:$D$840,2026,Ordenes!$E$2:$E$840,2,Ordenes!$F$2:$F$840,$A10,Ordenes!$T$2:$T$840,"Válida"),"") | D10: =IFERROR(SUMIFS(Ordenes!$P$2:$P$840,Ordenes!$D$2:$D$840,2026,Ordenes!$E$2:$E$840,3,Ordenes!$F$2:$F$840,$A10,Ordenes!$T$2:$T$840,"Válida")/SUMIFS(Ordenes!$Q$2:$Q$840,Ordenes!$D$2:$D$840,2026,Ordenes!$E$2:$E$840,3,Ordenes!$F$2:$F$840,$A10,Ordenes!$T$2:$T$840,"Válida"),"") | E10: =IFERROR(SUMIFS(Ordenes!$P$2:$P$840,Ordenes!$D$2:$D$840,2026,Ordenes!$E$2:$E$840,4,Ordenes!$F$2:$F$840,$A10,Ordenes!$T$2:$T$840,"Válida")/SUMIFS(Ordenes!$Q$2:$Q$840,Ordenes!$D$2:$D$840,2026,Ordenes!$E$2:$E$840,4,Ordenes!$F$2:$F$840,$A10,Ordenes!$T$2:$T$840,"Válida"),"") | F10: =IFERROR(SUMIFS(Ordenes!$P$2:$P$840,Ordenes!$D$2:$D$840,2026,Ordenes!$E$2:$E$840,5,Ordenes!$F$2:$F$840,$A10,Ordenes!$T$2:$T$840,"Válida")/SUMIFS(Ordenes!$Q$2:$Q$840,Ordenes!$D$2:$D$840,2026,Ordenes!$E$2:$E$840,5,Ordenes!$F$2:$F$840,$A10,Ordenes!$T$2:$T$840,"Válida"),"") | G10: =IFERROR(SUMIFS(Ordenes!$P$2:$P$840,Ordenes!$D$2:$D$840,2026,Ordenes!$E$2:$E$840,6,Ordenes!$F$2:$F$840,$A10,Ordenes!$T$2:$T$840,"Válida")/SUMIFS(Ordenes!$Q$2:$Q$840,Ordenes!$D$2:$D$840,2026,Ordenes!$E$2:$E$840,6,Ordenes!$F$2:$F$840,$A10,Ordenes!$T$2:$T$840,"Válida"),"") | H10: =IFERROR(SUMIFS(Ordenes!$P$2:$P$840,Ordenes!$D$2:$D$840,2026,Ordenes!$E$2:$E$840,7,Ordenes!$F$2:$F$840,$A10,Ordenes!$T$2:$T$840,"Válida")/SUMIFS(Ordenes!$Q$2:$Q$840,Ordenes!$D$2:$D$840,2026,Ordenes!$E$2:$E$840,7,Ordenes!$F$2:$F$840,$A10,Ordenes!$T$2:$T$840,"Válida"),"") | I10: =IFERROR(SUMIFS(Ordenes!$P$2:$P$840,Ordenes!$D$2:$D$840,2026,Ordenes!$E$2:$E$840,8,Ordenes!$F$2:$F$840,$A10,Ordenes!$T$2:$T$840,"Válida")/SUMIFS(Ordenes!$Q$2:$Q$840,Ordenes!$D$2:$D$840,2026,Ordenes!$E$2:$E$840,8,Ordenes!$F$2:$F$840,$A10,Ordenes!$T$2:$T$840,"Válida"),"") | J10: =IFERROR(SUMIFS(Ordenes!$P$2:$P$840,Ordenes!$D$2:$D$840,2026,Ordenes!$E$2:$E$840,9,Ordenes!$F$2:$F$840,$A10,Ordenes!$T$2:$T$840,"Válida")/SUMIFS(Ordenes!$Q$2:$Q$840,Ordenes!$D$2:$D$840,2026,Ordenes!$E$2:$E$840,9,Ordenes!$F$2:$F$840,$A10,Ordenes!$T$2:$T$840,"Válida"),"") | K10: =IFERROR(SUMIFS(Ordenes!$P$2:$P$840,Ordenes!$D$2:$D$840,">=2026",Ordenes!$F$2:$F$840,$A10,Ordenes!$T$2:$T$840,"Válida")/SUMIFS(Ordenes!$Q$2:$Q$840,Ordenes!$D$2:$D$840,">=2026",Ordenes!$F$2:$F$840,$A10,Ordenes!$T$2:$T$840,"Válida"),"")
A11: Estrella | B11: =IFERROR(SUMIFS(Ordenes!$P$2:$P$840,Ordenes!$D$2:$D$840,2026,Ordenes!$E$2:$E$840,1,Ordenes!$F$2:$F$840,$A11,Ordenes!$T$2:$T$840,"Válida")/SUMIFS(Ordenes!$Q$2:$Q$840,Ordenes!$D$2:$D$840,2026,Ordenes!$E$2:$E$840,1,Ordenes!$F$2:$F$840,$A11,Ordenes!$T$2:$T$840,"Válida"),"") | C11: =IFERROR(SUMIFS(Ordenes!$P$2:$P$840,Ordenes!$D$2:$D$840,2026,Ordenes!$E$2:$E$840,2,Ordenes!$F$2:$F$840,$A11,Ordenes!$T$2:$T$840,"Válida")/SUMIFS(Ordenes!$Q$2:$Q$840,Ordenes!$D$2:$D$840,2026,Ordenes!$E$2:$E$840,2,Ordenes!$F$2:$F$840,$A11,Ordenes!$T$2:$T$840,"Válida"),"") | D11: =IFERROR(SUMIFS(Ordenes!$P$2:$P$840,Ordenes!$D$2:$D$840,2026,Ordenes!$E$2:$E$840,3,Ordenes!$F$2:$F$840,$A11,Ordenes!$T$2:$T$840,"Válida")/SUMIFS(Ordenes!$Q$2:$Q$840,Ordenes!$D$2:$D$840,2026,Ordenes!$E$2:$E$840,3,Ordenes!$F$2:$F$840,$A11,Ordenes!$T$2:$T$840,"Válida"),"") | E11: =IFERROR(SUMIFS(Ordenes!$P$2:$P$840,Ordenes!$D$2:$D$840,2026,Ordenes!$E$2:$E$840,4,Ordenes!$F$2:$F$840,$A11,Ordenes!$T$2:$T$840,"Válida")/SUMIFS(Ordenes!$Q$2:$Q$840,Ordenes!$D$2:$D$840,2026,Ordenes!$E$2:$E$840,4,Ordenes!$F$2:$F$840,$A11,Ordenes!$T$2:$T$840,"Válida"),"") | F11: =IFERROR(SUMIFS(Ordenes!$P$2:$P$840,Ordenes!$D$2:$D$840,2026,Ordenes!$E$2:$E$840,5,Ordenes!$F$2:$F$840,$A11,Ordenes!$T$2:$T$840,"Válida")/SUMIFS(Ordenes!$Q$2:$Q$840,Ordenes!$D$2:$D$840,2026,Ordenes!$E$2:$E$840,5,Ordenes!$F$2:$F$840,$A11,Ordenes!$T$2:$T$840,"Válida"),"") | G11: =IFERROR(SUMIFS(Ordenes!$P$2:$P$840,Ordenes!$D$2:$D$840,2026,Ordenes!$E$2:$E$840,6,Ordenes!$F$2:$F$840,$A11,Ordenes!$T$2:$T$840,"Válida")/SUMIFS(Ordenes!$Q$2:$Q$840,Ordenes!$D$2:$D$840,2026,Ordenes!$E$2:$E$840,6,Ordenes!$F$2:$F$840,$A11,Ordenes!$T$2:$T$840,"Válida"),"") | H11: =IFERROR(SUMIFS(Ordenes!$P$2:$P$840,Ordenes!$D$2:$D$840,2026,Ordenes!$E$2:$E$840,7,Ordenes!$F$2:$F$840,$A11,Ordenes!$T$2:$T$840,"Válida")/SUMIFS(Ordenes!$Q$2:$Q$840,Ordenes!$D$2:$D$840,2026,Ordenes!$E$2:$E$840,7,Ordenes!$F$2:$F$840,$A11,Ordenes!$T$2:$T$840,"Válida"),"") | I11: =IFERROR(SUMIFS(Ordenes!$P$2:$P$840,Ordenes!$D$2:$D$840,2026,Ordenes!$E$2:$E$840,8,Ordenes!$F$2:$F$840,$A11,Ordenes!$T$2:$T$840,"Válida")/SUMIFS(Ordenes!$Q$2:$Q$840,Ordenes!$D$2:$D$840,2026,Ordenes!$E$2:$E$840,8,Ordenes!$F$2:$F$840,$A11,Ordenes!$T$2:$T$840,"Válida"),"") | J11: =IFERROR(SUMIFS(Ordenes!$P$2:$P$840,Ordenes!$D$2:$D$840,2026,Ordenes!$E$2:$E$840,9,Ordenes!$F$2:$F$840,$A11,Ordenes!$T$2:$T$840,"Válida")/SUMIFS(Ordenes!$Q$2:$Q$840,Ordenes!$D$2:$D$840,2026,Ordenes!$E$2:$E$840,9,Ordenes!$F$2:$F$840,$A11,Ordenes!$T$2:$T$840,"Válida"),"") | K11: =IFERROR(SUMIFS(Ordenes!$P$2:$P$840,Ordenes!$D$2:$D$840,">=2026",Ordenes!$F$2:$F$840,$A11,Ordenes!$T$2:$T$840,"Válida")/SUMIFS(Ordenes!$Q$2:$Q$840,Ordenes!$D$2:$D$840,">=2026",Ordenes!$F$2:$F$840,$A11,Ordenes!$T$2:$T$840,"Válida"),"")
A12: Saferock | B12: =IFERROR(SUMIFS(Ordenes!$P$2:$P$840,Ordenes!$D$2:$D$840,2026,Ordenes!$E$2:$E$840,1,Ordenes!$F$2:$F$840,$A12,Ordenes!$T$2:$T$840,"Válida")/SUMIFS(Ordenes!$Q$2:$Q$840,Ordenes!$D$2:$D$840,2026,Ordenes!$E$2:$E$840,1,Ordenes!$F$2:$F$840,$A12,Ordenes!$T$2:$T$840,"Válida"),"") | C12: =IFERROR(SUMIFS(Ordenes!$P$2:$P$840,Ordenes!$D$2:$D$840,2026,Ordenes!$E$2:$E$840,2,Ordenes!$F$2:$F$840,$A12,Ordenes!$T$2:$T$840,"Válida")/SUMIFS(Ordenes!$Q$2:$Q$840,Ordenes!$D$2:$D$840,2026,Ordenes!$E$2:$E$840,2,Ordenes!$F$2:$F$840,$A12,Ordenes!$T$2:$T$840,"Válida"),"") | D12: =IFERROR(SUMIFS(Ordenes!$P$2:$P$840,Ordenes!$D$2:$D$840,2026,Ordenes!$E$2:$E$840,3,Ordenes!$F$2:$F$840,$A12,Ordenes!$T$2:$T$840,"Válida")/SUMIFS(Ordenes!$Q$2:$Q$840,Ordenes!$D$2:$D$840,2026,Ordenes!$E$2:$E$840,3,Ordenes!$F$2:$F$840,$A12,Ordenes!$T$2:$T$840,"Válida"),"") | E12: =IFERROR(SUMIFS(Ordenes!$P$2:$P$840,Ordenes!$D$2:$D$840,2026,Ordenes!$E$2:$E$840,4,Ordenes!$F$2:$F$840,$A12,Ordenes!$T$2:$T$840,"Válida")/SUMIFS(Ordenes!$Q$2:$Q$840,Ordenes!$D$2:$D$840,2026,Ordenes!$E$2:$E$840,4,Ordenes!$F$2:$F$840,$A12,Ordenes!$T$2:$T$840,"Válida"),"") | F12: =IFERROR(SUMIFS(Ordenes!$P$2:$P$840,Ordenes!$D$2:$D$840,2026,Ordenes!$E$2:$E$840,5,Ordenes!$F$2:$F$840,$A12,Ordenes!$T$2:$T$840,"Válida")/SUMIFS(Ordenes!$Q$2:$Q$840,Ordenes!$D$2:$D$840,2026,Ordenes!$E$2:$E$840,5,Ordenes!$F$2:$F$840,$A12,Ordenes!$T$2:$T$840,"Válida"),"") | G12: =IFERROR(SUMIFS(Ordenes!$P$2:$P$840,Ordenes!$D$2:$D$840,2026,Ordenes!$E$2:$E$840,6,Ordenes!$F$2:$F$840,$A12,Ordenes!$T$2:$T$840,"Válida")/SUMIFS(Ordenes!$Q$2:$Q$840,Ordenes!$D$2:$D$840,2026,Ordenes!$E$2:$E$840,6,Ordenes!$F$2:$F$840,$A12,Ordenes!$T$2:$T$840,"Válida"),"") | H12: =IFERROR(SUMIFS(Ordenes!$P$2:$P$840,Ordenes!$D$2:$D$840,2026,Ordenes!$E$2:$E$840,7,Ordenes!$F$2:$F$840,$A12,Ordenes!$T$2:$T$840,"Válida")/SUMIFS(Ordenes!$Q$2:$Q$840,Ordenes!$D$2:$D$840,2026,Ordenes!$E$2:$E$840,7,Ordenes!$F$2:$F$840,$A12,Ordenes!$T$2:$T$840,"Válida"),"") | I12: =IFERROR(SUMIFS(Ordenes!$P$2:$P$840,Ordenes!$D$2:$D$840,2026,Ordenes!$E$2:$E$840,8,Ordenes!$F$2:$F$840,$A12,Ordenes!$T$2:$T$840,"Válida")/SUMIFS(Ordenes!$Q$2:$Q$840,Ordenes!$D$2:$D$840,2026,Ordenes!$E$2:$E$840,8,Ordenes!$F$2:$F$840,$A12,Ordenes!$T$2:$T$840,"Válida"),"") | J12: =IFERROR(SUMIFS(Ordenes!$P$2:$P$840,Ordenes!$D$2:$D$840,2026,Ordenes!$E$2:$E$840,9,Ordenes!$F$2:$F$840,$A12,Ordenes!$T$2:$T$840,"Válida")/SUMIFS(Ordenes!$Q$2:$Q$840,Ordenes!$D$2:$D$840,2026,Ordenes!$E$2:$E$840,9,Ordenes!$F$2:$F$840,$A12,Ordenes!$T$2:$T$840,"Válida"),"") | K12: =IFERROR(SUMIFS(Ordenes!$P$2:$P$840,Ordenes!$D$2:$D$840,">=2026",Ordenes!$F$2:$F$840,$A12,Ordenes!$T$2:$T$840,"Válida")/SUMIFS(Ordenes!$Q$2:$Q$840,Ordenes!$D$2:$D$840,">=2026",Ordenes!$F$2:$F$840,$A12,Ordenes!$T$2:$T$840,"Válida"),"")
A13: Hexágono | B13: =IFERROR(SUMIFS(Ordenes!$P$2:$P$840,Ordenes!$D$2:$D$840,2026,Ordenes!$E$2:$E$840,1,Ordenes!$F$2:$F$840,$A13,Ordenes!$T$2:$T$840,"Válida")/SUMIFS(Ordenes!$Q$2:$Q$840,Ordenes!$D$2:$D$840,2026,Ordenes!$E$2:$E$840,1,Ordenes!$F$2:$F$840,$A13,Ordenes!$T$2:$T$840,"Válida"),"") | C13: =IFERROR(SUMIFS(Ordenes!$P$2:$P$840,Ordenes!$D$2:$D$840,2026,Ordenes!$E$2:$E$840,2,Ordenes!$F$2:$F$840,$A13,Ordenes!$T$2:$T$840,"Válida")/SUMIFS(Ordenes!$Q$2:$Q$840,Ordenes!$D$2:$D$840,2026,Ordenes!$E$2:$E$840,2,Ordenes!$F$2:$F$840,$A13,Ordenes!$T$2:$T$840,"Válida"),"") | D13: =IFERROR(SUMIFS(Ordenes!$P$2:$P$840,Ordenes!$D$2:$D$840,2026,Ordenes!$E$2:$E$840,3,Ordenes!$F$2:$F$840,$A13,Ordenes!$T$2:$T$840,"Válida")/SUMIFS(Ordenes!$Q$2:$Q$840,Ordenes!$D$2:$D$840,2026,Ordenes!$E$2:$E$840,3,Ordenes!$F$2:$F$840,$A13,Ordenes!$T$2:$T$840,"Válida"),"") | E13: =IFERROR(SUMIFS(Ordenes!$P$2:$P$840,Ordenes!$D$2:$D$840,2026,Ordenes!$E$2:$E$840,4,Ordenes!$F$2:$F$840,$A13,Ordenes!$T$2:$T$840,"Válida")/SUMIFS(Ordenes!$Q$2:$Q$840,Ordenes!$D$2:$D$840,2026,Ordenes!$E$2:$E$840,4,Ordenes!$F$2:$F$840,$A13,Ordenes!$T$2:$T$840,"Válida"),"") | F13: =IFERROR(SUMIFS(Ordenes!$P$2:$P$840,Ordenes!$D$2:$D$840,2026,Ordenes!$E$2:$E$840,5,Ordenes!$F$2:$F$840,$A13,Ordenes!$T$2:$T$840,"Válida")/SUMIFS(Ordenes!$Q$2:$Q$840,Ordenes!$D$2:$D$840,2026,Ordenes!$E$2:$E$840,5,Ordenes!$F$2:$F$840,$A13,Ordenes!$T$2:$T$840,"Válida"),"") | G13: =IFERROR(SUMIFS(Ordenes!$P$2:$P$840,Ordenes!$D$2:$D$840,2026,Ordenes!$E$2:$E$840,6,Ordenes!$F$2:$F$840,$A13,Ordenes!$T$2:$T$840,"Válida")/SUMIFS(Ordenes!$Q$2:$Q$840,Ordenes!$D$2:$D$840,2026,Ordenes!$E$2:$E$840,6,Ordenes!$F$2:$F$840,$A13,Ordenes!$T$2:$T$840,"Válida"),"") | H13: =IFERROR(SUMIFS(Ordenes!$P$2:$P$840,Ordenes!$D$2:$D$840,2026,Ordenes!$E$2:$E$840,7,Ordenes!$F$2:$F$840,$A13,Ordenes!$T$2:$T$840,"Válida")/SUMIFS(Ordenes!$Q$2:$Q$840,Ordenes!$D$2:$D$840,2026,Ordenes!$E$2:$E$840,7,Ordenes!$F$2:$F$840,$A13,Ordenes!$T$2:$T$840,"Válida"),"") | I13: =IFERROR(SUMIFS(Ordenes!$P$2:$P$840,Ordenes!$D$2:$D$840,2026,Ordenes!$E$2:$E$840,8,Ordenes!$F$2:$F$840,$A13,Ordenes!$T$2:$T$840,"Válida")/SUMIFS(Ordenes!$Q$2:$Q$840,Ordenes!$D$2:$D$840,2026,Ordenes!$E$2:$E$840,8,Ordenes!$F$2:$F$840,$A13,Ordenes!$T$2:$T$840,"Válida"),"") | J13: =IFERROR(SUMIFS(Ordenes!$P$2:$P$840,Ordenes!$D$2:$D$840,2026,Ordenes!$E$2:$E$840,9,Ordenes!$F$2:$F$840,$A13,Ordenes!$T$2:$T$840,"Válida")/SUMIFS(Ordenes!$Q$2:$Q$840,Ordenes!$D$2:$D$840,2026,Ordenes!$E$2:$E$840,9,Ordenes!$F$2:$F$840,$A13,Ordenes!$T$2:$T$840,"Válida"),"") | K13: =IFERROR(SUMIFS(Ordenes!$P$2:$P$840,Ordenes!$D$2:$D$840,">=2026",Ordenes!$F$2:$F$840,$A13,Ordenes!$T$2:$T$840,"Válida")/SUMIFS(Ordenes!$Q$2:$Q$840,Ordenes!$D$2:$D$840,">=2026",Ordenes!$F$2:$F$840,$A13,Ordenes!$T$2:$T$840,"Válida"),"")
A14: Total | B14: =IFERROR(SUMIFS(Ordenes!$P$2:$P$840,Ordenes!$D$2:$D$840,2026,Ordenes!$E$2:$E$840,1,Ordenes!$F$2:$F$840,"*",Ordenes!$T$2:$T$840,"Válida")/SUMIFS(Ordenes!$Q$2:$Q$840,Ordenes!$D$2:$D$840,2026,Ordenes!$E$2:$E$840,1,Ordenes!$F$2:$F$840,"*",Ordenes!$T$2:$T$840,"Válida"),"") | C14: =IFERROR(SUMIFS(Ordenes!$P$2:$P$840,Ordenes!$D$2:$D$840,2026,Ordenes!$E$2:$E$840,2,Ordenes!$F$2:$F$840,"*",Ordenes!$T$2:$T$840,"Válida")/SUMIFS(Ordenes!$Q$2:$Q$840,Ordenes!$D$2:$D$840,2026,Ordenes!$E$2:$E$840,2,Ordenes!$F$2:$F$840,"*",Ordenes!$T$2:$T$840,"Válida"),"") | D14: =IFERROR(SUMIFS(Ordenes!$P$2:$P$840,Ordenes!$D$2:$D$840,2026,Ordenes!$E$2:$E$840,3,Ordenes!$F$2:$F$840,"*",Ordenes!$T$2:$T$840,"Válida")/SUMIFS(Ordenes!$Q$2:$Q$840,Ordenes!$D$2:$D$840,2026,Ordenes!$E$2:$E$840,3,Ordenes!$F$2:$F$840,"*",Ordenes!$T$2:$T$840,"Válida"),"") | E14: =IFERROR(SUMIFS(Ordenes!$P$2:$P$840,Ordenes!$D$2:$D$840,2026,Ordenes!$E$2:$E$840,4,Ordenes!$F$2:$F$840,"*",Ordenes!$T$2:$T$840,"Válida")/SUMIFS(Ordenes!$Q$2:$Q$840,Ordenes!$D$2:$D$840,2026,Ordenes!$E$2:$E$840,4,Ordenes!$F$2:$F$840,"*",Ordenes!$T$2:$T$840,"Válida"),"") | F14: =IFERROR(SUMIFS(Ordenes!$P$2:$P$840,Ordenes!$D$2:$D$840,2026,Ordenes!$E$2:$E$840,5,Ordenes!$F$2:$F$840,"*",Ordenes!$T$2:$T$840,"Válida")/SUMIFS(Ordenes!$Q$2:$Q$840,Ordenes!$D$2:$D$840,2026,Ordenes!$E$2:$E$840,5,Ordenes!$F$2:$F$840,"*",Ordenes!$T$2:$T$840,"Válida"),"") | G14: =IFERROR(SUMIFS(Ordenes!$P$2:$P$840,Ordenes!$D$2:$D$840,2026,Ordenes!$E$2:$E$840,6,Ordenes!$F$2:$F$840,"*",Ordenes!$T$2:$T$840,"Válida")/SUMIFS(Ordenes!$Q$2:$Q$840,Ordenes!$D$2:$D$840,2026,Ordenes!$E$2:$E$840,6,Ordenes!$F$2:$F$840,"*",Ordenes!$T$2:$T$840,"Válida"),"") | H14: =IFERROR(SUMIFS(Ordenes!$P$2:$P$840,Ordenes!$D$2:$D$840,2026,Ordenes!$E$2:$E$840,7,Ordenes!$F$2:$F$840,"*",Ordenes!$T$2:$T$840,"Válida")/SUMIFS(Ordenes!$Q$2:$Q$840,Ordenes!$D$2:$D$840,2026,Ordenes!$E$2:$E$840,7,Ordenes!$F$2:$F$840,"*",Ordenes!$T$2:$T$840,"Válida"),"") | I14: =IFERROR(SUMIFS(Ordenes!$P$2:$P$840,Ordenes!$D$2:$D$840,2026,Ordenes!$E$2:$E$840,8,Ordenes!$F$2:$F$840,"*",Ordenes!$T$2:$T$840,"Válida")/SUMIFS(Ordenes!$Q$2:$Q$840,Ordenes!$D$2:$D$840,2026,Ordenes!$E$2:$E$840,8,Ordenes!$F$2:$F$840,"*",Ordenes!$T$2:$T$840,"Válida"),"") | J14: =IFERROR(SUMIFS(Ordenes!$P$2:$P$840,Ordenes!$D$2:$D$840,2026,Ordenes!$E$2:$E$840,9,Ordenes!$F$2:$F$840,"*",Ordenes!$T$2:$T$840,"Válida")/SUMIFS(Ordenes!$Q$2:$Q$840,Ordenes!$D$2:$D$840,2026,Ordenes!$E$2:$E$840,9,Ordenes!$F$2:$F$840,"*",Ordenes!$T$2:$T$840,"Válida"),"") | K14: =IFERROR(SUMIFS(Ordenes!$P$2:$P$840,Ordenes!$D$2:$D$840,">=2026",Ordenes!$F$2:$F$840,"*",Ordenes!$T$2:$T$840,"Válida")/SUMIFS(Ordenes!$Q$2:$Q$840,Ordenes!$D$2:$D$840,">=2026",Ordenes!$F$2:$F$840,"*",Ordenes!$T$2:$T$840,"Válida"),"")
A15: Escala de color: rojo ≤ 90 %, gris 94,5 %, azul ≥ 97 %.
A17: Kg producidos
A18: Grupo | B18: Ene 2026 | C18: Feb 2026 | D18: Mar 2026 | E18: Abr 2026 | F18: May 2026 | G18: Jun 2026 | H18: Jul 2026 | I18: Ago 2026 | J18: Sep 2026 | K18: Total
A19: B Hormigón | B19: =SUMIFS(Ordenes!$P$2:$P$840,Ordenes!$D$2:$D$840,2026,Ordenes!$E$2:$E$840,1,Ordenes!$F$2:$F$840,$A19,Ordenes!$T$2:$T$840,"Válida") | C19: =SUMIFS(Ordenes!$P$2:$P$840,Ordenes!$D$2:$D$840,2026,Ordenes!$E$2:$E$840,2,Ordenes!$F$2:$F$840,$A19,Ordenes!$T$2:$T$840,"Válida") | D19: =SUMIFS(Ordenes!$P$2:$P$840,Ordenes!$D$2:$D$840,2026,Ordenes!$E$2:$E$840,3,Ordenes!$F$2:$F$840,$A19,Ordenes!$T$2:$T$840,"Válida") | E19: =SUMIFS(Ordenes!$P$2:$P$840,Ordenes!$D$2:$D$840,2026,Ordenes!$E$2:$E$840,4,Ordenes!$F$2:$F$840,$A19,Ordenes!$T$2:$T$840,"Válida") | F19: =SUMIFS(Ordenes!$P$2:$P$840,Ordenes!$D$2:$D$840,2026,Ordenes!$E$2:$E$840,5,Ordenes!$F$2:$F$840,$A19,Ordenes!$T$2:$T$840,"Válida") | G19: =SUMIFS(Ordenes!$P$2:$P$840,Ordenes!$D$2:$D$840,2026,Ordenes!$E$2:$E$840,6,Ordenes!$F$2:$F$840,$A19,Ordenes!$T$2:$T$840,"Válida") | H19: =SUMIFS(Ordenes!$P$2:$P$840,Ordenes!$D$2:$D$840,2026,Ordenes!$E$2:$E$840,7,Ordenes!$F$2:$F$840,$A19,Ordenes!$T$2:$T$840,"Válida") | I19: =SUMIFS(Ordenes!$P$2:$P$840,Ordenes!$D$2:$D$840,2026,Ordenes!$E$2:$E$840,8,Ordenes!$F$2:$F$840,$A19,Ordenes!$T$2:$T$840,"Válida") | J19: =SUMIFS(Ordenes!$P$2:$P$840,Ordenes!$D$2:$D$840,2026,Ordenes!$E$2:$E$840,9,Ordenes!$F$2:$F$840,$A19,Ordenes!$T$2:$T$840,"Válida") | K19: =SUMIFS(Ordenes!$P$2:$P$840,Ordenes!$D$2:$D$840,">=2026",Ordenes!$F$2:$F$840,$A19,Ordenes!$T$2:$T$840,"Válida")
A20: Redondo liso | B20: =SUMIFS(Ordenes!$P$2:$P$840,Ordenes!$D$2:$D$840,2026,Ordenes!$E$2:$E$840,1,Ordenes!$F$2:$F$840,$A20,Ordenes!$T$2:$T$840,"Válida") | C20: =SUMIFS(Ordenes!$P$2:$P$840,Ordenes!$D$2:$D$840,2026,Ordenes!$E$2:$E$840,2,Ordenes!$F$2:$F$840,$A20,Ordenes!$T$2:$T$840,"Válida") | D20: =SUMIFS(Ordenes!$P$2:$P$840,Ordenes!$D$2:$D$840,2026,Ordenes!$E$2:$E$840,3,Ordenes!$F$2:$F$840,$A20,Ordenes!$T$2:$T$840,"Válida") | E20: =SUMIFS(Ordenes!$P$2:$P$840,Ordenes!$D$2:$D$840,2026,Ordenes!$E$2:$E$840,4,Ordenes!$F$2:$F$840,$A20,Ordenes!$T$2:$T$840,"Válida") | F20: =SUMIFS(Ordenes!$P$2:$P$840,Ordenes!$D$2:$D$840,2026,Ordenes!$E$2:$E$840,5,Ordenes!$F$2:$F$840,$A20,Ordenes!$T$2:$T$840,"Válida") | G20: =SUMIFS(Ordenes!$P$2:$P$840,Ordenes!$D$2:$D$840,2026,Ordenes!$E$2:$E$840,6,Ordenes!$F$2:$F$840,$A20,Ordenes!$T$2:$T$840,"Válida") | H20: =SUMIFS(Ordenes!$P$2:$P$840,Ordenes!$D$2:$D$840,2026,Ordenes!$E$2:$E$840,7,Ordenes!$F$2:$F$840,$A20,Ordenes!$T$2:$T$840,"Válida") | I20: =SUMIFS(Ordenes!$P$2:$P$840,Ordenes!$D$2:$D$840,2026,Ordenes!$E$2:$E$840,8,Ordenes!$F$2:$F$840,$A20,Ordenes!$T$2:$T$840,"Válida") | J20: =SUMIFS(Ordenes!$P$2:$P$840,Ordenes!$D$2:$D$840,2026,Ordenes!$E$2:$E$840,9,Ordenes!$F$2:$F$840,$A20,Ordenes!$T$2:$T$840,"Válida") | K20: =SUMIFS(Ordenes!$P$2:$P$840,Ordenes!$D$2:$D$840,">=2026",Ordenes!$F$2:$F$840,$A20,Ordenes!$T$2:$T$840,"Válida")
A21: Plana | B21: =SUMIFS(Ordenes!$P$2:$P$840,Ordenes!$D$2:$D$840,2026,Ordenes!$E$2:$E$840,1,Ordenes!$F$2:$F$840,$A21,Ordenes!$T$2:$T$840,"Válida") | C21: =SUMIFS(Ordenes!$P$2:$P$840,Ordenes!$D$2:$D$840,2026,Ordenes!$E$2:$E$840,2,Ordenes!$F$2:$F$840,$A21,Ordenes!$T$2:$T$840,"Válida") | D21: =SUMIFS(Ordenes!$P$2:$P$840,Ordenes!$D$2:$D$840,2026,Ordenes!$E$2:$E$840,3,Ordenes!$F$2:$F$840,$A21,Ordenes!$T$2:$T$840,"Válida") | E21: =SUMIFS(Ordenes!$P$2:$P$840,Ordenes!$D$2:$D$840,2026,Ordenes!$E$2:$E$840,4,Ordenes!$F$2:$F$840,$A21,Ordenes!$T$2:$T$840,"Válida") | F21: =SUMIFS(Ordenes!$P$2:$P$840,Ordenes!$D$2:$D$840,2026,Ordenes!$E$2:$E$840,5,Ordenes!$F$2:$F$840,$A21,Ordenes!$T$2:$T$840,"Válida") | G21: =SUMIFS(Ordenes!$P$2:$P$840,Ordenes!$D$2:$D$840,2026,Ordenes!$E$2:$E$840,6,Ordenes!$F$2:$F$840,$A21,Ordenes!$T$2:$T$840,"Válida") | H21: =SUMIFS(Ordenes!$P$2:$P$840,Ordenes!$D$2:$D$840,2026,Ordenes!$E$2:$E$840,7,Ordenes!$F$2:$F$840,$A21,Ordenes!$T$2:$T$840,"Válida") | I21: =SUMIFS(Ordenes!$P$2:$P$840,Ordenes!$D$2:$D$840,2026,Ordenes!$E$2:$E$840,8,Ordenes!$F$2:$F$840,$A21,Ordenes!$T$2:$T$840,"Válida") | J21: =SUMIFS(Ordenes!$P$2:$P$840,Ordenes!$D$2:$D$840,2026,Ordenes!$E$2:$E$840,9,Ordenes!$F$2:$F$840,$A21,Ordenes!$T$2:$T$840,"Válida") | K21: =SUMIFS(Ordenes!$P$2:$P$840,Ordenes!$D$2:$D$840,">=2026",Ordenes!$F$2:$F$840,$A21,Ordenes!$T$2:$T$840,"Válida")
A22: Ángulo | B22: =SUMIFS(Ordenes!$P$2:$P$840,Ordenes!$D$2:$D$840,2026,Ordenes!$E$2:$E$840,1,Ordenes!$F$2:$F$840,$A22,Ordenes!$T$2:$T$840,"Válida") | C22: =SUMIFS(Ordenes!$P$2:$P$840,Ordenes!$D$2:$D$840,2026,Ordenes!$E$2:$E$840,2,Ordenes!$F$2:$F$840,$A22,Ordenes!$T$2:$T$840,"Válida") | D22: =SUMIFS(Ordenes!$P$2:$P$840,Ordenes!$D$2:$D$840,2026,Ordenes!$E$2:$E$840,3,Ordenes!$F$2:$F$840,$A22,Ordenes!$T$2:$T$840,"Válida") | E22: =SUMIFS(Ordenes!$P$2:$P$840,Ordenes!$D$2:$D$840,2026,Ordenes!$E$2:$E$840,4,Ordenes!$F$2:$F$840,$A22,Ordenes!$T$2:$T$840,"Válida") | F22: =SUMIFS(Ordenes!$P$2:$P$840,Ordenes!$D$2:$D$840,2026,Ordenes!$E$2:$E$840,5,Ordenes!$F$2:$F$840,$A22,Ordenes!$T$2:$T$840,"Válida") | G22: =SUMIFS(Ordenes!$P$2:$P$840,Ordenes!$D$2:$D$840,2026,Ordenes!$E$2:$E$840,6,Ordenes!$F$2:$F$840,$A22,Ordenes!$T$2:$T$840,"Válida") | H22: =SUMIFS(Ordenes!$P$2:$P$840,Ordenes!$D$2:$D$840,2026,Ordenes!$E$2:$E$840,7,Ordenes!$F$2:$F$840,$A22,Ordenes!$T$2:$T$840,"Válida") | I22: =SUMIFS(Ordenes!$P$2:$P$840,Ordenes!$D$2:$D$840,2026,Ordenes!$E$2:$E$840,8,Ordenes!$F$2:$F$840,$A22,Ordenes!$T$2:$T$840,"Válida") | J22: =SUMIFS(Ordenes!$P$2:$P$840,Ordenes!$D$2:$D$840,2026,Ordenes!$E$2:$E$840,9,Ordenes!$F$2:$F$840,$A22,Ordenes!$T$2:$T$840,"Válida") | K22: =SUMIFS(Ordenes!$P$2:$P$840,Ordenes!$D$2:$D$840,">=2026",Ordenes!$F$2:$F$840,$A22,Ordenes!$T$2:$T$840,"Válida")
A23: Cuadrado | B23: =SUMIFS(Ordenes!$P$2:$P$840,Ordenes!$D$2:$D$840,2026,Ordenes!$E$2:$E$840,1,Ordenes!$F$2:$F$840,$A23,Ordenes!$T$2:$T$840,"Válida") | C23: =SUMIFS(Ordenes!$P$2:$P$840,Ordenes!$D$2:$D$840,2026,Ordenes!$E$2:$E$840,2,Ordenes!$F$2:$F$840,$A23,Ordenes!$T$2:$T$840,"Válida") | D23: =SUMIFS(Ordenes!$P$2:$P$840,Ordenes!$D$2:$D$840,2026,Ordenes!$E$2:$E$840,3,Ordenes!$F$2:$F$840,$A23,Ordenes!$T$2:$T$840,"Válida") | E23: =SUMIFS(Ordenes!$P$2:$P$840,Ordenes!$D$2:$D$840,2026,Ordenes!$E$2:$E$840,4,Ordenes!$F$2:$F$840,$A23,Ordenes!$T$2:$T$840,"Válida") | F23: =SUMIFS(Ordenes!$P$2:$P$840,Ordenes!$D$2:$D$840,2026,Ordenes!$E$2:$E$840,5,Ordenes!$F$2:$F$840,$A23,Ordenes!$T$2:$T$840,"Válida") | G23: =SUMIFS(Ordenes!$P$2:$P$840,Ordenes!$D$2:$D$840,2026,Ordenes!$E$2:$E$840,6,Ordenes!$F$2:$F$840,$A23,Ordenes!$T$2:$T$840,"Válida") | H23: =SUMIFS(Ordenes!$P$2:$P$840,Ordenes!$D$2:$D$840,2026,Ordenes!$E$2:$E$840,7,Ordenes!$F$2:$F$840,$A23,Ordenes!$T$2:$T$840,"Válida") | I23: =SUMIFS(Ordenes!$P$2:$P$840,Ordenes!$D$2:$D$840,2026,Ordenes!$E$2:$E$840,8,Ordenes!$F$2:$F$840,$A23,Ordenes!$T$2:$T$840,"Válida") | J23: =SUMIFS(Ordenes!$P$2:$P$840,Ordenes!$D$2:$D$840,2026,Ordenes!$E$2:$E$840,9,Ordenes!$F$2:$F$840,$A23,Ordenes!$T$2:$T$840,"Válida") | K23: =SUMIFS(Ordenes!$P$2:$P$840,Ordenes!$D$2:$D$840,">=2026",Ordenes!$F$2:$F$840,$A23,Ordenes!$T$2:$T$840,"Válida")
A24: Estrella | B24: =SUMIFS(Ordenes!$P$2:$P$840,Ordenes!$D$2:$D$840,2026,Ordenes!$E$2:$E$840,1,Ordenes!$F$2:$F$840,$A24,Ordenes!$T$2:$T$840,"Válida") | C24: =SUMIFS(Ordenes!$P$2:$P$840,Ordenes!$D$2:$D$840,2026,Ordenes!$E$2:$E$840,2,Ordenes!$F$2:$F$840,$A24,Ordenes!$T$2:$T$840,"Válida") | D24: =SUMIFS(Ordenes!$P$2:$P$840,Ordenes!$D$2:$D$840,2026,Ordenes!$E$2:$E$840,3,Ordenes!$F$2:$F$840,$A24,Ordenes!$T$2:$T$840,"Válida") | E24: =SUMIFS(Ordenes!$P$2:$P$840,Ordenes!$D$2:$D$840,2026,Ordenes!$E$2:$E$840,4,Ordenes!$F$2:$F$840,$A24,Ordenes!$T$2:$T$840,"Válida") | F24: =SUMIFS(Ordenes!$P$2:$P$840,Ordenes!$D$2:$D$840,2026,Ordenes!$E$2:$E$840,5,Ordenes!$F$2:$F$840,$A24,Ordenes!$T$2:$T$840,"Válida") | G24: =SUMIFS(Ordenes!$P$2:$P$840,Ordenes!$D$2:$D$840,2026,Ordenes!$E$2:$E$840,6,Ordenes!$F$2:$F$840,$A24,Ordenes!$T$2:$T$840,"Válida") | H24: =SUMIFS(Ordenes!$P$2:$P$840,Ordenes!$D$2:$D$840,2026,Ordenes!$E$2:$E$840,7,Ordenes!$F$2:$F$840,$A24,Ordenes!$T$2:$T$840,"Válida") | I24: =SUMIFS(Ordenes!$P$2:$P$840,Ordenes!$D$2:$D$840,2026,Ordenes!$E$2:$E$840,8,Ordenes!$F$2:$F$840,$A24,Ordenes!$T$2:$T$840,"Válida") | J24: =SUMIFS(Ordenes!$P$2:$P$840,Ordenes!$D$2:$D$840,2026,Ordenes!$E$2:$E$840,9,Ordenes!$F$2:$F$840,$A24,Ordenes!$T$2:$T$840,"Válida") | K24: =SUMIFS(Ordenes!$P$2:$P$840,Ordenes!$D$2:$D$840,">=2026",Ordenes!$F$2:$F$840,$A24,Ordenes!$T$2:$T$840,"Válida")
A25: Saferock | B25: =SUMIFS(Ordenes!$P$2:$P$840,Ordenes!$D$2:$D$840,2026,Ordenes!$E$2:$E$840,1,Ordenes!$F$2:$F$840,$A25,Ordenes!$T$2:$T$840,"Válida") | C25: =SUMIFS(Ordenes!$P$2:$P$840,Ordenes!$D$2:$D$840,2026,Ordenes!$E$2:$E$840,2,Ordenes!$F$2:$F$840,$A25,Ordenes!$T$2:$T$840,"Válida") | D25: =SUMIFS(Ordenes!$P$2:$P$840,Ordenes!$D$2:$D$840,2026,Ordenes!$E$2:$E$840,3,Ordenes!$F$2:$F$840,$A25,Ordenes!$T$2:$T$840,"Válida") | E25: =SUMIFS(Ordenes!$P$2:$P$840,Ordenes!$D$2:$D$840,2026,Ordenes!$E$2:$E$840,4,Ordenes!$F$2:$F$840,$A25,Ordenes!$T$2:$T$840,"Válida") | F25: =SUMIFS(Ordenes!$P$2:$P$840,Ordenes!$D$2:$D$840,2026,Ordenes!$E$2:$E$840,5,Ordenes!$F$2:$F$840,$A25,Ordenes!$T$2:$T$840,"Válida") | G25: =SUMIFS(Ordenes!$P$2:$P$840,Ordenes!$D$2:$D$840,2026,Ordenes!$E$2:$E$840,6,Ordenes!$F$2:$F$840,$A25,Ordenes!$T$2:$T$840,"Válida") | H25: =SUMIFS(Ordenes!$P$2:$P$840,Ordenes!$D$2:$D$840,2026,Ordenes!$E$2:$E$840,7,Ordenes!$F$2:$F$840,$A25,Ordenes!$T$2:$T$840,"Válida") | I25: =SUMIFS(Ordenes!$P$2:$P$840,Ordenes!$D$2:$D$840,2026,Ordenes!$E$2:$E$840,8,Ordenes!$F$2:$F$840,$A25,Ordenes!$T$2:$T$840,"Válida") | J25: =SUMIFS(Ordenes!$P$2:$P$840,Ordenes!$D$2:$D$840,2026,Ordenes!$E$2:$E$840,9,Ordenes!$F$2:$F$840,$A25,Ordenes!$T$2:$T$840,"Válida") | K25: =SUMIFS(Ordenes!$P$2:$P$840,Ordenes!$D$2:$D$840,">=2026",Ordenes!$F$2:$F$840,$A25,Ordenes!$T$2:$T$840,"Válida")
A26: Hexágono | B26: =SUMIFS(Ordenes!$P$2:$P$840,Ordenes!$D$2:$D$840,2026,Ordenes!$E$2:$E$840,1,Ordenes!$F$2:$F$840,$A26,Ordenes!$T$2:$T$840,"Válida") | C26: =SUMIFS(Ordenes!$P$2:$P$840,Ordenes!$D$2:$D$840,2026,Ordenes!$E$2:$E$840,2,Ordenes!$F$2:$F$840,$A26,Ordenes!$T$2:$T$840,"Válida") | D26: =SUMIFS(Ordenes!$P$2:$P$840,Ordenes!$D$2:$D$840,2026,Ordenes!$E$2:$E$840,3,Ordenes!$F$2:$F$840,$A26,Ordenes!$T$2:$T$840,"Válida") | E26: =SUMIFS(Ordenes!$P$2:$P$840,Ordenes!$D$2:$D$840,2026,Ordenes!$E$2:$E$840,4,Ordenes!$F$2:$F$840,$A26,Ordenes!$T$2:$T$840,"Válida") | F26: =SUMIFS(Ordenes!$P$2:$P$840,Ordenes!$D$2:$D$840,2026,Ordenes!$E$2:$E$840,5,Ordenes!$F$2:$F$840,$A26,Ordenes!$T$2:$T$840,"Válida") | G26: =SUMIFS(Ordenes!$P$2:$P$840,Ordenes!$D$2:$D$840,2026,Ordenes!$E$2:$E$840,6,Ordenes!$F$2:$F$840,$A26,Ordenes!$T$2:$T$840,"Válida") | H26: =SUMIFS(Ordenes!$P$2:$P$840,Ordenes!$D$2:$D$840,2026,Ordenes!$E$2:$E$840,7,Ordenes!$F$2:$F$840,$A26,Ordenes!$T$2:$T$840,"Válida") | I26: =SUMIFS(Ordenes!$P$2:$P$840,Ordenes!$D$2:$D$840,2026,Ordenes!$E$2:$E$840,8,Ordenes!$F$2:$F$840,$A26,Ordenes!$T$2:$T$840,"Válida") | J26: =SUMIFS(Ordenes!$P$2:$P$840,Ordenes!$D$2:$D$840,2026,Ordenes!$E$2:$E$840,9,Ordenes!$F$2:$F$840,$A26,Ordenes!$T$2:$T$840,"Válida") | K26: =SUMIFS(Ordenes!$P$2:$P$840,Ordenes!$D$2:$D$840,">=2026",Ordenes!$F$2:$F$840,$A26,Ordenes!$T$2:$T$840,"Válida")
A27: Total | B27: =SUMIFS(Ordenes!$P$2:$P$840,Ordenes!$D$2:$D$840,2026,Ordenes!$E$2:$E$840,1,Ordenes!$F$2:$F$840,"*",Ordenes!$T$2:$T$840,"Válida") | C27: =SUMIFS(Ordenes!$P$2:$P$840,Ordenes!$D$2:$D$840,2026,Ordenes!$E$2:$E$840,2,Ordenes!$F$2:$F$840,"*",Ordenes!$T$2:$T$840,"Válida") | D27: =SUMIFS(Ordenes!$P$2:$P$840,Ordenes!$D$2:$D$840,2026,Ordenes!$E$2:$E$840,3,Ordenes!$F$2:$F$840,"*",Ordenes!$T$2:$T$840,"Válida") | E27: =SUMIFS(Ordenes!$P$2:$P$840,Ordenes!$D$2:$D$840,2026,Ordenes!$E$2:$E$840,4,Ordenes!$F$2:$F$840,"*",Ordenes!$T$2:$T$840,"Válida") | F27: =SUMIFS(Ordenes!$P$2:$P$840,Ordenes!$D$2:$D$840,2026,Ordenes!$E$2:$E$840,5,Ordenes!$F$2:$F$840,"*",Ordenes!$T$2:$T$840,"Válida") | G27: =SUMIFS(Ordenes!$P$2:$P$840,Ordenes!$D$2:$D$840,2026,Ordenes!$E$2:$E$840,6,Ordenes!$F$2:$F$840,"*",Ordenes!$T$2:$T$840,"Válida") | H27: =SUMIFS(Ordenes!$P$2:$P$840,Ordenes!$D$2:$D$840,2026,Ordenes!$E$2:$E$840,7,Ordenes!$F$2:$F$840,"*",Ordenes!$T$2:$T$840,"Válida") | I27: =SUMIFS(Ordenes!$P$2:$P$840,Ordenes!$D$2:$D$840,2026,Ordenes!$E$2:$E$840,8,Ordenes!$F$2:$F$840,"*",Ordenes!$T$2:$T$840,"Válida") | J27: =SUMIFS(Ordenes!$P$2:$P$840,Ordenes!$D$2:$D$840,2026,Ordenes!$E$2:$E$840,9,Ordenes!$F$2:$F$840,"*",Ordenes!$T$2:$T$840,"Válida") | K27: =SUMIFS(Ordenes!$P$2:$P$840,Ordenes!$D$2:$D$840,">=2026",Ordenes!$F$2:$F$840,"*",Ordenes!$T$2:$T$840,"Válida")
A30: Meta ponderada (Rend_Met × kg consumidos)
A31: Grupo | B31: Ene 2026 | C31: Feb 2026 | D31: Mar 2026 | E31: Abr 2026 | F31: May 2026 | G31: Jun 2026 | H31: Jul 2026 | I31: Ago 2026 | J31: Sep 2026 | K31: Total
A32: B Hormigón | B32: =IFERROR(SUMIFS(Ordenes!$V$2:$V$840,Ordenes!$D$2:$D$840,2026,Ordenes!$E$2:$E$840,1,Ordenes!$F$2:$F$840,$A32,Ordenes!$T$2:$T$840,"Válida")/SUMIFS(Ordenes!$Q$2:$Q$840,Ordenes!$D$2:$D$840,2026,Ordenes!$E$2:$E$840,1,Ordenes!$F$2:$F$840,$A32,Ordenes!$T$2:$T$840,"Válida"),"") | C32: =IFERROR(SUMIFS(Ordenes!$V$2:$V$840,Ordenes!$D$2:$D$840,2026,Ordenes!$E$2:$E$840,2,Ordenes!$F$2:$F$840,$A32,Ordenes!$T$2:$T$840,"Válida")/SUMIFS(Ordenes!$Q$2:$Q$840,Ordenes!$D$2:$D$840,2026,Ordenes!$E$2:$E$840,2,Ordenes!$F$2:$F$840,$A32,Ordenes!$T$2:$T$840,"Válida"),"") | D32: =IFERROR(SUMIFS(Ordenes!$V$2:$V$840,Ordenes!$D$2:$D$840,2026,Ordenes!$E$2:$E$840,3,Ordenes!$F$2:$F$840,$A32,Ordenes!$T$2:$T$840,"Válida")/SUMIFS(Ordenes!$Q$2:$Q$840,Ordenes!$D$2:$D$840,2026,Ordenes!$E$2:$E$840,3,Ordenes!$F$2:$F$840,$A32,Ordenes!$T$2:$T$840,"Válida"),"") | E32: =IFERROR(SUMIFS(Ordenes!$V$2:$V$840,Ordenes!$D$2:$D$840,2026,Ordenes!$E$2:$E$840,4,Ordenes!$F$2:$F$840,$A32,Ordenes!$T$2:$T$840,"Válida")/SUMIFS(Ordenes!$Q$2:$Q$840,Ordenes!$D$2:$D$840,2026,Ordenes!$E$2:$E$840,4,Ordenes!$F$2:$F$840,$A32,Ordenes!$T$2:$T$840,"Válida"),"") | F32: =IFERROR(SUMIFS(Ordenes!$V$2:$V$840,Ordenes!$D$2:$D$840,2026,Ordenes!$E$2:$E$840,5,Ordenes!$F$2:$F$840,$A32,Ordenes!$T$2:$T$840,"Válida")/SUMIFS(Ordenes!$Q$2:$Q$840,Ordenes!$D$2:$D$840,2026,Ordenes!$E$2:$E$840,5,Ordenes!$F$2:$F$840,$A32,Ordenes!$T$2:$T$840,"Válida"),"") | G32: =IFERROR(SUMIFS(Ordenes!$V$2:$V$840,Ordenes!$D$2:$D$840,2026,Ordenes!$E$2:$E$840,6,Ordenes!$F$2:$F$840,$A32,Ordenes!$T$2:$T$840,"Válida")/SUMIFS(Ordenes!$Q$2:$Q$840,Ordenes!$D$2:$D$840,2026,Ordenes!$E$2:$E$840,6,Ordenes!$F$2:$F$840,$A32,Ordenes!$T$2:$T$840,"Válida"),"") | H32: =IFERROR(SUMIFS(Ordenes!$V$2:$V$840,Ordenes!$D$2:$D$840,2026,Ordenes!$E$2:$E$840,7,Ordenes!$F$2:$F$840,$A32,Ordenes!$T$2:$T$840,"Válida")/SUMIFS(Ordenes!$Q$2:$Q$840,Ordenes!$D$2:$D$840,2026,Ordenes!$E$2:$E$840,7,Ordenes!$F$2:$F$840,$A32,Ordenes!$T$2:$T$840,"Válida"),"") | I32: =IFERROR(SUMIFS(Ordenes!$V$2:$V$840,Ordenes!$D$2:$D$840,2026,Ordenes!$E$2:$E$840,8,Ordenes!$F$2:$F$840,$A32,Ordenes!$T$2:$T$840,"Válida")/SUMIFS(Ordenes!$Q$2:$Q$840,Ordenes!$D$2:$D$840,2026,Ordenes!$E$2:$E$840,8,Ordenes!$F$2:$F$840,$A32,Ordenes!$T$2:$T$840,"Válida"),"") | J32: =IFERROR(SUMIFS(Ordenes!$V$2:$V$840,Ordenes!$D$2:$D$840,2026,Ordenes!$E$2:$E$840,9,Ordenes!$F$2:$F$840,$A32,Ordenes!$T$2:$T$840,"Válida")/SUMIFS(Ordenes!$Q$2:$Q$840,Ordenes!$D$2:$D$840,2026,Ordenes!$E$2:$E$840,9,Ordenes!$F$2:$F$840,$A32,Ordenes!$T$2:$T$840,"Válida"),"") | K32: =IFERROR(SUMIFS(Ordenes!$V$2:$V$840,Ordenes!$D$2:$D$840,">=2026",Ordenes!$F$2:$F$840,$A32,Ordenes!$T$2:$T$840,"Válida")/SUMIFS(Ordenes!$Q$2:$Q$840,Ordenes!$D$2:$D$840,">=2026",Ordenes!$F$2:$F$840,$A32,Ordenes!$T$2:$T$840,"Válida"),"")
A33: Redondo liso | B33: =IFERROR(SUMIFS(Ordenes!$V$2:$V$840,Ordenes!$D$2:$D$840,2026,Ordenes!$E$2:$E$840,1,Ordenes!$F$2:$F$840,$A33,Ordenes!$T$2:$T$840,"Válida")/SUMIFS(Ordenes!$Q$2:$Q$840,Ordenes!$D$2:$D$840,2026,Ordenes!$E$2:$E$840,1,Ordenes!$F$2:$F$840,$A33,Ordenes!$T$2:$T$840,"Válida"),"") | C33: =IFERROR(SUMIFS(Ordenes!$V$2:$V$840,Ordenes!$D$2:$D$840,2026,Ordenes!$E$2:$E$840,2,Ordenes!$F$2:$F$840,$A33,Ordenes!$T$2:$T$840,"Válida")/SUMIFS(Ordenes!$Q$2:$Q$840,Ordenes!$D$2:$D$840,2026,Ordenes!$E$2:$E$840,2,Ordenes!$F$2:$F$840,$A33,Ordenes!$T$2:$T$840,"Válida"),"") | D33: =IFERROR(SUMIFS(Ordenes!$V$2:$V$840,Ordenes!$D$2:$D$840,2026,Ordenes!$E$2:$E$840,3,Ordenes!$F$2:$F$840,$A33,Ordenes!$T$2:$T$840,"Válida")/SUMIFS(Ordenes!$Q$2:$Q$840,Ordenes!$D$2:$D$840,2026,Ordenes!$E$2:$E$840,3,Ordenes!$F$2:$F$840,$A33,Ordenes!$T$2:$T$840,"Válida"),"") | E33: =IFERROR(SUMIFS(Ordenes!$V$2:$V$840,Ordenes!$D$2:$D$840,2026,Ordenes!$E$2:$E$840,4,Ordenes!$F$2:$F$840,$A33,Ordenes!$T$2:$T$840,"Válida")/SUMIFS(Ordenes!$Q$2:$Q$840,Ordenes!$D$2:$D$840,2026,Ordenes!$E$2:$E$840,4,Ordenes!$F$2:$F$840,$A33,Ordenes!$T$2:$T$840,"Válida"),"") | F33: =IFERROR(SUMIFS(Ordenes!$V$2:$V$840,Ordenes!$D$2:$D$840,2026,Ordenes!$E$2:$E$840,5,Ordenes!$F$2:$F$840,$A33,Ordenes!$T$2:$T$840,"Válida")/SUMIFS(Ordenes!$Q$2:$Q$840,Ordenes!$D$2:$D$840,2026,Ordenes!$E$2:$E$840,5,Ordenes!$F$2:$F$840,$A33,Ordenes!$T$2:$T$840,"Válida"),"") | G33: =IFERROR(SUMIFS(Ordenes!$V$2:$V$840,Ordenes!$D$2:$D$840,2026,Ordenes!$E$2:$E$840,6,Ordenes!$F$2:$F$840,$A33,Ordenes!$T$2:$T$840,"Válida")/SUMIFS(Ordenes!$Q$2:$Q$840,Ordenes!$D$2:$D$840,2026,Ordenes!$E$2:$E$840,6,Ordenes!$F$2:$F$840,$A33,Ordenes!$T$2:$T$840,"Válida"),"") | H33: =IFERROR(SUMIFS(Ordenes!$V$2:$V$840,Ordenes!$D$2:$D$840,2026,Ordenes!$E$2:$E$840,7,Ordenes!$F$2:$F$840,$A33,Ordenes!$T$2:$T$840,"Válida")/SUMIFS(Ordenes!$Q$2:$Q$840,Ordenes!$D$2:$D$840,2026,Ordenes!$E$2:$E$840,7,Ordenes!$F$2:$F$840,$A33,Ordenes!$T$2:$T$840,"Válida"),"") | I33: =IFERROR(SUMIFS(Ordenes!$V$2:$V$840,Ordenes!$D$2:$D$840,2026,Ordenes!$E$2:$E$840,8,Ordenes!$F$2:$F$840,$A33,Ordenes!$T$2:$T$840,"Válida")/SUMIFS(Ordenes!$Q$2:$Q$840,Ordenes!$D$2:$D$840,2026,Ordenes!$E$2:$E$840,8,Ordenes!$F$2:$F$840,$A33,Ordenes!$T$2:$T$840,"Válida"),"") | J33: =IFERROR(SUMIFS(Ordenes!$V$2:$V$840,Ordenes!$D$2:$D$840,2026,Ordenes!$E$2:$E$840,9,Ordenes!$F$2:$F$840,$A33,Ordenes!$T$2:$T$840,"Válida")/SUMIFS(Ordenes!$Q$2:$Q$840,Ordenes!$D$2:$D$840,2026,Ordenes!$E$2:$E$840,9,Ordenes!$F$2:$F$840,$A33,Ordenes!$T$2:$T$840,"Válida"),"") | K33: =IFERROR(SUMIFS(Ordenes!$V$2:$V$840,Ordenes!$D$2:$D$840,">=2026",Ordenes!$F$2:$F$840,$A33,Ordenes!$T$2:$T$840,"Válida")/SUMIFS(Ordenes!$Q$2:$Q$840,Ordenes!$D$2:$D$840,">=2026",Ordenes!$F$2:$F$840,$A33,Ordenes!$T$2:$T$840,"Válida"),"")
A34: Plana | B34: =IFERROR(SUMIFS(Ordenes!$V$2:$V$840,Ordenes!$D$2:$D$840,2026,Ordenes!$E$2:$E$840,1,Ordenes!$F$2:$F$840,$A34,Ordenes!$T$2:$T$840,"Válida")/SUMIFS(Ordenes!$Q$2:$Q$840,Ordenes!$D$2:$D$840,2026,Ordenes!$E$2:$E$840,1,Ordenes!$F$2:$F$840,$A34,Ordenes!$T$2:$T$840,"Válida"),"") | C34: =IFERROR(SUMIFS(Ordenes!$V$2:$V$840,Ordenes!$D$2:$D$840,2026,Ordenes!$E$2:$E$840,2,Ordenes!$F$2:$F$840,$A34,Ordenes!$T$2:$T$840,"Válida")/SUMIFS(Ordenes!$Q$2:$Q$840,Ordenes!$D$2:$D$840,2026,Ordenes!$E$2:$E$840,2,Ordenes!$F$2:$F$840,$A34,Ordenes!$T$2:$T$840,"Válida"),"") | D34: =IFERROR(SUMIFS(Ordenes!$V$2:$V$840,Ordenes!$D$2:$D$840,2026,Ordenes!$E$2:$E$840,3,Ordenes!$F$2:$F$840,$A34,Ordenes!$T$2:$T$840,"Válida")/SUMIFS(Ordenes!$Q$2:$Q$840,Ordenes!$D$2:$D$840,2026,Ordenes!$E$2:$E$840,3,Ordenes!$F$2:$F$840,$A34,Ordenes!$T$2:$T$840,"Válida"),"") | E34: =IFERROR(SUMIFS(Ordenes!$V$2:$V$840,Ordenes!$D$2:$D$840,2026,Ordenes!$E$2:$E$840,4,Ordenes!$F$2:$F$840,$A34,Ordenes!$T$2:$T$840,"Válida")/SUMIFS(Ordenes!$Q$2:$Q$840,Ordenes!$D$2:$D$840,2026,Ordenes!$E$2:$E$840,4,Ordenes!$F$2:$F$840,$A34,Ordenes!$T$2:$T$840,"Válida"),"") | F34: =IFERROR(SUMIFS(Ordenes!$V$2:$V$840,Ordenes!$D$2:$D$840,2026,Ordenes!$E$2:$E$840,5,Ordenes!$F$2:$F$840,$A34,Ordenes!$T$2:$T$840,"Válida")/SUMIFS(Ordenes!$Q$2:$Q$840,Ordenes!$D$2:$D$840,2026,Ordenes!$E$2:$E$840,5,Ordenes!$F$2:$F$840,$A34,Ordenes!$T$2:$T$840,"Válida"),"") | G34: =IFERROR(SUMIFS(Ordenes!$V$2:$V$840,Ordenes!$D$2:$D$840,2026,Ordenes!$E$2:$E$840,6,Ordenes!$F$2:$F$840,$A34,Ordenes!$T$2:$T$840,"Válida")/SUMIFS(Ordenes!$Q$2:$Q$840,Ordenes!$D$2:$D$840,2026,Ordenes!$E$2:$E$840,6,Ordenes!$F$2:$F$840,$A34,Ordenes!$T$2:$T$840,"Válida"),"") | H34: =IFERROR(SUMIFS(Ordenes!$V$2:$V$840,Ordenes!$D$2:$D$840,2026,Ordenes!$E$2:$E$840,7,Ordenes!$F$2:$F$840,$A34,Ordenes!$T$2:$T$840,"Válida")/SUMIFS(Ordenes!$Q$2:$Q$840,Ordenes!$D$2:$D$840,2026,Ordenes!$E$2:$E$840,7,Ordenes!$F$2:$F$840,$A34,Ordenes!$T$2:$T$840,"Válida"),"") | I34: =IFERROR(SUMIFS(Ordenes!$V$2:$V$840,Ordenes!$D$2:$D$840,2026,Ordenes!$E$2:$E$840,8,Ordenes!$F$2:$F$840,$A34,Ordenes!$T$2:$T$840,"Válida")/SUMIFS(Ordenes!$Q$2:$Q$840,Ordenes!$D$2:$D$840,2026,Ordenes!$E$2:$E$840,8,Ordenes!$F$2:$F$840,$A34,Ordenes!$T$2:$T$840,"Válida"),"") | J34: =IFERROR(SUMIFS(Ordenes!$V$2:$V$840,Ordenes!$D$2:$D$840,2026,Ordenes!$E$2:$E$840,9,Ordenes!$F$2:$F$840,$A34,Ordenes!$T$2:$T$840,"Válida")/SUMIFS(Ordenes!$Q$2:$Q$840,Ordenes!$D$2:$D$840,2026,Ordenes!$E$2:$E$840,9,Ordenes!$F$2:$F$840,$A34,Ordenes!$T$2:$T$840,"Válida"),"") | K34: =IFERROR(SUMIFS(Ordenes!$V$2:$V$840,Ordenes!$D$2:$D$840,">=2026",Ordenes!$F$2:$F$840,$A34,Ordenes!$T$2:$T$840,"Válida")/SUMIFS(Ordenes!$Q$2:$Q$840,Ordenes!$D$2:$D$840,">=2026",Ordenes!$F$2:$F$840,$A34,Ordenes!$T$2:$T$840,"Válida"),"")
A35: Ángulo | B35: =IFERROR(SUMIFS(Ordenes!$V$2:$V$840,Ordenes!$D$2:$D$840,2026,Ordenes!$E$2:$E$840,1,Ordenes!$F$2:$F$840,$A35,Ordenes!$T$2:$T$840,"Válida")/SUMIFS(Ordenes!$Q$2:$Q$840,Ordenes!$D$2:$D$840,2026,Ordenes!$E$2:$E$840,1,Ordenes!$F$2:$F$840,$A35,Ordenes!$T$2:$T$840,"Válida"),"") | C35: =IFERROR(SUMIFS(Ordenes!$V$2:$V$840,Ordenes!$D$2:$D$840,2026,Ordenes!$E$2:$E$840,2,Ordenes!$F$2:$F$840,$A35,Ordenes!$T$2:$T$840,"Válida")/SUMIFS(Ordenes!$Q$2:$Q$840,Ordenes!$D$2:$D$840,2026,Ordenes!$E$2:$E$840,2,Ordenes!$F$2:$F$840,$A35,Ordenes!$T$2:$T$840,"Válida"),"") | D35: =IFERROR(SUMIFS(Ordenes!$V$2:$V$840,Ordenes!$D$2:$D$840,2026,Ordenes!$E$2:$E$840,3,Ordenes!$F$2:$F$840,$A35,Ordenes!$T$2:$T$840,"Válida")/SUMIFS(Ordenes!$Q$2:$Q$840,Ordenes!$D$2:$D$840,2026,Ordenes!$E$2:$E$840,3,Ordenes!$F$2:$F$840,$A35,Ordenes!$T$2:$T$840,"Válida"),"") | E35: =IFERROR(SUMIFS(Ordenes!$V$2:$V$840,Ordenes!$D$2:$D$840,2026,Ordenes!$E$2:$E$840,4,Ordenes!$F$2:$F$840,$A35,Ordenes!$T$2:$T$840,"Válida")/SUMIFS(Ordenes!$Q$2:$Q$840,Ordenes!$D$2:$D$840,2026,Ordenes!$E$2:$E$840,4,Ordenes!$F$2:$F$840,$A35,Ordenes!$T$2:$T$840,"Válida"),"") | F35: =IFERROR(SUMIFS(Ordenes!$V$2:$V$840,Ordenes!$D$2:$D$840,2026,Ordenes!$E$2:$E$840,5,Ordenes!$F$2:$F$840,$A35,Ordenes!$T$2:$T$840,"Válida")/SUMIFS(Ordenes!$Q$2:$Q$840,Ordenes!$D$2:$D$840,2026,Ordenes!$E$2:$E$840,5,Ordenes!$F$2:$F$840,$A35,Ordenes!$T$2:$T$840,"Válida"),"") | G35: =IFERROR(SUMIFS(Ordenes!$V$2:$V$840,Ordenes!$D$2:$D$840,2026,Ordenes!$E$2:$E$840,6,Ordenes!$F$2:$F$840,$A35,Ordenes!$T$2:$T$840,"Válida")/SUMIFS(Ordenes!$Q$2:$Q$840,Ordenes!$D$2:$D$840,2026,Ordenes!$E$2:$E$840,6,Ordenes!$F$2:$F$840,$A35,Ordenes!$T$2:$T$840,"Válida"),"") | H35: =IFERROR(SUMIFS(Ordenes!$V$2:$V$840,Ordenes!$D$2:$D$840,2026,Ordenes!$E$2:$E$840,7,Ordenes!$F$2:$F$840,$A35,Ordenes!$T$2:$T$840,"Válida")/SUMIFS(Ordenes!$Q$2:$Q$840,Ordenes!$D$2:$D$840,2026,Ordenes!$E$2:$E$840,7,Ordenes!$F$2:$F$840,$A35,Ordenes!$T$2:$T$840,"Válida"),"") | I35: =IFERROR(SUMIFS(Ordenes!$V$2:$V$840,Ordenes!$D$2:$D$840,2026,Ordenes!$E$2:$E$840,8,Ordenes!$F$2:$F$840,$A35,Ordenes!$T$2:$T$840,"Válida")/SUMIFS(Ordenes!$Q$2:$Q$840,Ordenes!$D$2:$D$840,2026,Ordenes!$E$2:$E$840,8,Ordenes!$F$2:$F$840,$A35,Ordenes!$T$2:$T$840,"Válida"),"") | J35: =IFERROR(SUMIFS(Ordenes!$V$2:$V$840,Ordenes!$D$2:$D$840,2026,Ordenes!$E$2:$E$840,9,Ordenes!$F$2:$F$840,$A35,Ordenes!$T$2:$T$840,"Válida")/SUMIFS(Ordenes!$Q$2:$Q$840,Ordenes!$D$2:$D$840,2026,Ordenes!$E$2:$E$840,9,Ordenes!$F$2:$F$840,$A35,Ordenes!$T$2:$T$840,"Válida"),"") | K35: =IFERROR(SUMIFS(Ordenes!$V$2:$V$840,Ordenes!$D$2:$D$840,">=2026",Ordenes!$F$2:$F$840,$A35,Ordenes!$T$2:$T$840,"Válida")/SUMIFS(Ordenes!$Q$2:$Q$840,Ordenes!$D$2:$D$840,">=2026",Ordenes!$F$2:$F$840,$A35,Ordenes!$T$2:$T$840,"Válida"),"")
A36: Cuadrado | B36: =IFERROR(SUMIFS(Ordenes!$V$2:$V$840,Ordenes!$D$2:$D$840,2026,Ordenes!$E$2:$E$840,1,Ordenes!$F$2:$F$840,$A36,Ordenes!$T$2:$T$840,"Válida")/SUMIFS(Ordenes!$Q$2:$Q$840,Ordenes!$D$2:$D$840,2026,Ordenes!$E$2:$E$840,1,Ordenes!$F$2:$F$840,$A36,Ordenes!$T$2:$T$840,"Válida"),"") | C36: =IFERROR(SUMIFS(Ordenes!$V$2:$V$840,Ordenes!$D$2:$D$840,2026,Ordenes!$E$2:$E$840,2,Ordenes!$F$2:$F$840,$A36,Ordenes!$T$2:$T$840,"Válida")/SUMIFS(Ordenes!$Q$2:$Q$840,Ordenes!$D$2:$D$840,2026,Ordenes!$E$2:$E$840,2,Ordenes!$F$2:$F$840,$A36,Ordenes!$T$2:$T$840,"Válida"),"") | D36: =IFERROR(SUMIFS(Ordenes!$V$2:$V$840,Ordenes!$D$2:$D$840,2026,Ordenes!$E$2:$E$840,3,Ordenes!$F$2:$F$840,$A36,Ordenes!$T$2:$T$840,"Válida")/SUMIFS(Ordenes!$Q$2:$Q$840,Ordenes!$D$2:$D$840,2026,Ordenes!$E$2:$E$840,3,Ordenes!$F$2:$F$840,$A36,Ordenes!$T$2:$T$840,"Válida"),"") | E36: =IFERROR(SUMIFS(Ordenes!$V$2:$V$840,Ordenes!$D$2:$D$840,2026,Ordenes!$E$2:$E$840,4,Ordenes!$F$2:$F$840,$A36,Ordenes!$T$2:$T$840,"Válida")/SUMIFS(Ordenes!$Q$2:$Q$840,Ordenes!$D$2:$D$840,2026,Ordenes!$E$2:$E$840,4,Ordenes!$F$2:$F$840,$A36,Ordenes!$T$2:$T$840,"Válida"),"") | F36: =IFERROR(SUMIFS(Ordenes!$V$2:$V$840,Ordenes!$D$2:$D$840,2026,Ordenes!$E$2:$E$840,5,Ordenes!$F$2:$F$840,$A36,Ordenes!$T$2:$T$840,"Válida")/SUMIFS(Ordenes!$Q$2:$Q$840,Ordenes!$D$2:$D$840,2026,Ordenes!$E$2:$E$840,5,Ordenes!$F$2:$F$840,$A36,Ordenes!$T$2:$T$840,"Válida"),"") | G36: =IFERROR(SUMIFS(Ordenes!$V$2:$V$840,Ordenes!$D$2:$D$840,2026,Ordenes!$E$2:$E$840,6,Ordenes!$F$2:$F$840,$A36,Ordenes!$T$2:$T$840,"Válida")/SUMIFS(Ordenes!$Q$2:$Q$840,Ordenes!$D$2:$D$840,2026,Ordenes!$E$2:$E$840,6,Ordenes!$F$2:$F$840,$A36,Ordenes!$T$2:$T$840,"Válida"),"") | H36: =IFERROR(SUMIFS(Ordenes!$V$2:$V$840,Ordenes!$D$2:$D$840,2026,Ordenes!$E$2:$E$840,7,Ordenes!$F$2:$F$840,$A36,Ordenes!$T$2:$T$840,"Válida")/SUMIFS(Ordenes!$Q$2:$Q$840,Ordenes!$D$2:$D$840,2026,Ordenes!$E$2:$E$840,7,Ordenes!$F$2:$F$840,$A36,Ordenes!$T$2:$T$840,"Válida"),"") | I36: =IFERROR(SUMIFS(Ordenes!$V$2:$V$840,Ordenes!$D$2:$D$840,2026,Ordenes!$E$2:$E$840,8,Ordenes!$F$2:$F$840,$A36,Ordenes!$T$2:$T$840,"Válida")/SUMIFS(Ordenes!$Q$2:$Q$840,Ordenes!$D$2:$D$840,2026,Ordenes!$E$2:$E$840,8,Ordenes!$F$2:$F$840,$A36,Ordenes!$T$2:$T$840,"Válida"),"") | J36: =IFERROR(SUMIFS(Ordenes!$V$2:$V$840,Ordenes!$D$2:$D$840,2026,Ordenes!$E$2:$E$840,9,Ordenes!$F$2:$F$840,$A36,Ordenes!$T$2:$T$840,"Válida")/SUMIFS(Ordenes!$Q$2:$Q$840,Ordenes!$D$2:$D$840,2026,Ordenes!$E$2:$E$840,9,Ordenes!$F$2:$F$840,$A36,Ordenes!$T$2:$T$840,"Válida"),"") | K36: =IFERROR(SUMIFS(Ordenes!$V$2:$V$840,Ordenes!$D$2:$D$840,">=2026",Ordenes!$F$2:$F$840,$A36,Ordenes!$T$2:$T$840,"Válida")/SUMIFS(Ordenes!$Q$2:$Q$840,Ordenes!$D$2:$D$840,">=2026",Ordenes!$F$2:$F$840,$A36,Ordenes!$T$2:$T$840,"Válida"),"")
A37: Estrella | B37: =IFERROR(SUMIFS(Ordenes!$V$2:$V$840,Ordenes!$D$2:$D$840,2026,Ordenes!$E$2:$E$840,1,Ordenes!$F$2:$F$840,$A37,Ordenes!$T$2:$T$840,"Válida")/SUMIFS(Ordenes!$Q$2:$Q$840,Ordenes!$D$2:$D$840,2026,Ordenes!$E$2:$E$840,1,Ordenes!$F$2:$F$840,$A37,Ordenes!$T$2:$T$840,"Válida"),"") | C37: =IFERROR(SUMIFS(Ordenes!$V$2:$V$840,Ordenes!$D$2:$D$840,2026,Ordenes!$E$2:$E$840,2,Ordenes!$F$2:$F$840,$A37,Ordenes!$T$2:$T$840,"Válida")/SUMIFS(Ordenes!$Q$2:$Q$840,Ordenes!$D$2:$D$840,2026,Ordenes!$E$2:$E$840,2,Ordenes!$F$2:$F$840,$A37,Ordenes!$T$2:$T$840,"Válida"),"") | D37: =IFERROR(SUMIFS(Ordenes!$V$2:$V$840,Ordenes!$D$2:$D$840,2026,Ordenes!$E$2:$E$840,3,Ordenes!$F$2:$F$840,$A37,Ordenes!$T$2:$T$840,"Válida")/SUMIFS(Ordenes!$Q$2:$Q$840,Ordenes!$D$2:$D$840,2026,Ordenes!$E$2:$E$840,3,Ordenes!$F$2:$F$840,$A37,Ordenes!$T$2:$T$840,"Válida"),"") | E37: =IFERROR(SUMIFS(Ordenes!$V$2:$V$840,Ordenes!$D$2:$D$840,2026,Ordenes!$E$2:$E$840,4,Ordenes!$F$2:$F$840,$A37,Ordenes!$T$2:$T$840,"Válida")/SUMIFS(Ordenes!$Q$2:$Q$840,Ordenes!$D$2:$D$840,2026,Ordenes!$E$2:$E$840,4,Ordenes!$F$2:$F$840,$A37,Ordenes!$T$2:$T$840,"Válida"),"") | F37: =IFERROR(SUMIFS(Ordenes!$V$2:$V$840,Ordenes!$D$2:$D$840,2026,Ordenes!$E$2:$E$840,5,Ordenes!$F$2:$F$840,$A37,Ordenes!$T$2:$T$840,"Válida")/SUMIFS(Ordenes!$Q$2:$Q$840,Ordenes!$D$2:$D$840,2026,Ordenes!$E$2:$E$840,5,Ordenes!$F$2:$F$840,$A37,Ordenes!$T$2:$T$840,"Válida"),"") | G37: =IFERROR(SUMIFS(Ordenes!$V$2:$V$840,Ordenes!$D$2:$D$840,2026,Ordenes!$E$2:$E$840,6,Ordenes!$F$2:$F$840,$A37,Ordenes!$T$2:$T$840,"Válida")/SUMIFS(Ordenes!$Q$2:$Q$840,Ordenes!$D$2:$D$840,2026,Ordenes!$E$2:$E$840,6,Ordenes!$F$2:$F$840,$A37,Ordenes!$T$2:$T$840,"Válida"),"") | H37: =IFERROR(SUMIFS(Ordenes!$V$2:$V$840,Ordenes!$D$2:$D$840,2026,Ordenes!$E$2:$E$840,7,Ordenes!$F$2:$F$840,$A37,Ordenes!$T$2:$T$840,"Válida")/SUMIFS(Ordenes!$Q$2:$Q$840,Ordenes!$D$2:$D$840,2026,Ordenes!$E$2:$E$840,7,Ordenes!$F$2:$F$840,$A37,Ordenes!$T$2:$T$840,"Válida"),"") | I37: =IFERROR(SUMIFS(Ordenes!$V$2:$V$840,Ordenes!$D$2:$D$840,2026,Ordenes!$E$2:$E$840,8,Ordenes!$F$2:$F$840,$A37,Ordenes!$T$2:$T$840,"Válida")/SUMIFS(Ordenes!$Q$2:$Q$840,Ordenes!$D$2:$D$840,2026,Ordenes!$E$2:$E$840,8,Ordenes!$F$2:$F$840,$A37,Ordenes!$T$2:$T$840,"Válida"),"") | J37: =IFERROR(SUMIFS(Ordenes!$V$2:$V$840,Ordenes!$D$2:$D$840,2026,Ordenes!$E$2:$E$840,9,Ordenes!$F$2:$F$840,$A37,Ordenes!$T$2:$T$840,"Válida")/SUMIFS(Ordenes!$Q$2:$Q$840,Ordenes!$D$2:$D$840,2026,Ordenes!$E$2:$E$840,9,Ordenes!$F$2:$F$840,$A37,Ordenes!$T$2:$T$840,"Válida"),"") | K37: =IFERROR(SUMIFS(Ordenes!$V$2:$V$840,Ordenes!$D$2:$D$840,">=2026",Ordenes!$F$2:$F$840,$A37,Ordenes!$T$2:$T$840,"Válida")/SUMIFS(Ordenes!$Q$2:$Q$840,Ordenes!$D$2:$D$840,">=2026",Ordenes!$F$2:$F$840,$A37,Ordenes!$T$2:$T$840,"Válida"),"")
A38: Saferock | B38: =IFERROR(SUMIFS(Ordenes!$V$2:$V$840,Ordenes!$D$2:$D$840,2026,Ordenes!$E$2:$E$840,1,Ordenes!$F$2:$F$840,$A38,Ordenes!$T$2:$T$840,"Válida")/SUMIFS(Ordenes!$Q$2:$Q$840,Ordenes!$D$2:$D$840,2026,Ordenes!$E$2:$E$840,1,Ordenes!$F$2:$F$840,$A38,Ordenes!$T$2:$T$840,"Válida"),"") | C38: =IFERROR(SUMIFS(Ordenes!$V$2:$V$840,Ordenes!$D$2:$D$840,2026,Ordenes!$E$2:$E$840,2,Ordenes!$F$2:$F$840,$A38,Ordenes!$T$2:$T$840,"Válida")/SUMIFS(Ordenes!$Q$2:$Q$840,Ordenes!$D$2:$D$840,2026,Ordenes!$E$2:$E$840,2,Ordenes!$F$2:$F$840,$A38,Ordenes!$T$2:$T$840,"Válida"),"") | D38: =IFERROR(SUMIFS(Ordenes!$V$2:$V$840,Ordenes!$D$2:$D$840,2026,Ordenes!$E$2:$E$840,3,Ordenes!$F$2:$F$840,$A38,Ordenes!$T$2:$T$840,"Válida")/SUMIFS(Ordenes!$Q$2:$Q$840,Ordenes!$D$2:$D$840,2026,Ordenes!$E$2:$E$840,3,Ordenes!$F$2:$F$840,$A38,Ordenes!$T$2:$T$840,"Válida"),"") | E38: =IFERROR(SUMIFS(Ordenes!$V$2:$V$840,Ordenes!$D$2:$D$840,2026,Ordenes!$E$2:$E$840,4,Ordenes!$F$2:$F$840,$A38,Ordenes!$T$2:$T$840,"Válida")/SUMIFS(Ordenes!$Q$2:$Q$840,Ordenes!$D$2:$D$840,2026,Ordenes!$E$2:$E$840,4,Ordenes!$F$2:$F$840,$A38,Ordenes!$T$2:$T$840,"Válida"),"") | F38: =IFERROR(SUMIFS(Ordenes!$V$2:$V$840,Ordenes!$D$2:$D$840,2026,Ordenes!$E$2:$E$840,5,Ordenes!$F$2:$F$840,$A38,Ordenes!$T$2:$T$840,"Válida")/SUMIFS(Ordenes!$Q$2:$Q$840,Ordenes!$D$2:$D$840,2026,Ordenes!$E$2:$E$840,5,Ordenes!$F$2:$F$840,$A38,Ordenes!$T$2:$T$840,"Válida"),"") | G38: =IFERROR(SUMIFS(Ordenes!$V$2:$V$840,Ordenes!$D$2:$D$840,2026,Ordenes!$E$2:$E$840,6,Ordenes!$F$2:$F$840,$A38,Ordenes!$T$2:$T$840,"Válida")/SUMIFS(Ordenes!$Q$2:$Q$840,Ordenes!$D$2:$D$840,2026,Ordenes!$E$2:$E$840,6,Ordenes!$F$2:$F$840,$A38,Ordenes!$T$2:$T$840,"Válida"),"") | H38: =IFERROR(SUMIFS(Ordenes!$V$2:$V$840,Ordenes!$D$2:$D$840,2026,Ordenes!$E$2:$E$840,7,Ordenes!$F$2:$F$840,$A38,Ordenes!$T$2:$T$840,"Válida")/SUMIFS(Ordenes!$Q$2:$Q$840,Ordenes!$D$2:$D$840,2026,Ordenes!$E$2:$E$840,7,Ordenes!$F$2:$F$840,$A38,Ordenes!$T$2:$T$840,"Válida"),"") | I38: =IFERROR(SUMIFS(Ordenes!$V$2:$V$840,Ordenes!$D$2:$D$840,2026,Ordenes!$E$2:$E$840,8,Ordenes!$F$2:$F$840,$A38,Ordenes!$T$2:$T$840,"Válida")/SUMIFS(Ordenes!$Q$2:$Q$840,Ordenes!$D$2:$D$840,2026,Ordenes!$E$2:$E$840,8,Ordenes!$F$2:$F$840,$A38,Ordenes!$T$2:$T$840,"Válida"),"") | J38: =IFERROR(SUMIFS(Ordenes!$V$2:$V$840,Ordenes!$D$2:$D$840,2026,Ordenes!$E$2:$E$840,9,Ordenes!$F$2:$F$840,$A38,Ordenes!$T$2:$T$840,"Válida")/SUMIFS(Ordenes!$Q$2:$Q$840,Ordenes!$D$2:$D$840,2026,Ordenes!$E$2:$E$840,9,Ordenes!$F$2:$F$840,$A38,Ordenes!$T$2:$T$840,"Válida"),"") | K38: =IFERROR(SUMIFS(Ordenes!$V$2:$V$840,Ordenes!$D$2:$D$840,">=2026",Ordenes!$F$2:$F$840,$A38,Ordenes!$T$2:$T$840,"Válida")/SUMIFS(Ordenes!$Q$2:$Q$840,Ordenes!$D$2:$D$840,">=2026",Ordenes!$F$2:$F$840,$A38,Ordenes!$T$2:$T$840,"Válida"),"")
A39: Hexágono | B39: =IFERROR(SUMIFS(Ordenes!$V$2:$V$840,Ordenes!$D$2:$D$840,2026,Ordenes!$E$2:$E$840,1,Ordenes!$F$2:$F$840,$A39,Ordenes!$T$2:$T$840,"Válida")/SUMIFS(Ordenes!$Q$2:$Q$840,Ordenes!$D$2:$D$840,2026,Ordenes!$E$2:$E$840,1,Ordenes!$F$2:$F$840,$A39,Ordenes!$T$2:$T$840,"Válida"),"") | C39: =IFERROR(SUMIFS(Ordenes!$V$2:$V$840,Ordenes!$D$2:$D$840,2026,Ordenes!$E$2:$E$840,2,Ordenes!$F$2:$F$840,$A39,Ordenes!$T$2:$T$840,"Válida")/SUMIFS(Ordenes!$Q$2:$Q$840,Ordenes!$D$2:$D$840,2026,Ordenes!$E$2:$E$840,2,Ordenes!$F$2:$F$840,$A39,Ordenes!$T$2:$T$840,"Válida"),"") | D39: =IFERROR(SUMIFS(Ordenes!$V$2:$V$840,Ordenes!$D$2:$D$840,2026,Ordenes!$E$2:$E$840,3,Ordenes!$F$2:$F$840,$A39,Ordenes!$T$2:$T$840,"Válida")/SUMIFS(Ordenes!$Q$2:$Q$840,Ordenes!$D$2:$D$840,2026,Ordenes!$E$2:$E$840,3,Ordenes!$F$2:$F$840,$A39,Ordenes!$T$2:$T$840,"Válida"),"") | E39: =IFERROR(SUMIFS(Ordenes!$V$2:$V$840,Ordenes!$D$2:$D$840,2026,Ordenes!$E$2:$E$840,4,Ordenes!$F$2:$F$840,$A39,Ordenes!$T$2:$T$840,"Válida")/SUMIFS(Ordenes!$Q$2:$Q$840,Ordenes!$D$2:$D$840,2026,Ordenes!$E$2:$E$840,4,Ordenes!$F$2:$F$840,$A39,Ordenes!$T$2:$T$840,"Válida"),"") | F39: =IFERROR(SUMIFS(Ordenes!$V$2:$V$840,Ordenes!$D$2:$D$840,2026,Ordenes!$E$2:$E$840,5,Ordenes!$F$2:$F$840,$A39,Ordenes!$T$2:$T$840,"Válida")/SUMIFS(Ordenes!$Q$2:$Q$840,Ordenes!$D$2:$D$840,2026,Ordenes!$E$2:$E$840,5,Ordenes!$F$2:$F$840,$A39,Ordenes!$T$2:$T$840,"Válida"),"") | G39: =IFERROR(SUMIFS(Ordenes!$V$2:$V$840,Ordenes!$D$2:$D$840,2026,Ordenes!$E$2:$E$840,6,Ordenes!$F$2:$F$840,$A39,Ordenes!$T$2:$T$840,"Válida")/SUMIFS(Ordenes!$Q$2:$Q$840,Ordenes!$D$2:$D$840,2026,Ordenes!$E$2:$E$840,6,Ordenes!$F$2:$F$840,$A39,Ordenes!$T$2:$T$840,"Válida"),"") | H39: =IFERROR(SUMIFS(Ordenes!$V$2:$V$840,Ordenes!$D$2:$D$840,2026,Ordenes!$E$2:$E$840,7,Ordenes!$F$2:$F$840,$A39,Ordenes!$T$2:$T$840,"Válida")/SUMIFS(Ordenes!$Q$2:$Q$840,Ordenes!$D$2:$D$840,2026,Ordenes!$E$2:$E$840,7,Ordenes!$F$2:$F$840,$A39,Ordenes!$T$2:$T$840,"Válida"),"") | I39: =IFERROR(SUMIFS(Ordenes!$V$2:$V$840,Ordenes!$D$2:$D$840,2026,Ordenes!$E$2:$E$840,8,Ordenes!$F$2:$F$840,$A39,Ordenes!$T$2:$T$840,"Válida")/SUMIFS(Ordenes!$Q$2:$Q$840,Ordenes!$D$2:$D$840,2026,Ordenes!$E$2:$E$840,8,Ordenes!$F$2:$F$840,$A39,Ordenes!$T$2:$T$840,"Válida"),"") | J39: =IFERROR(SUMIFS(Ordenes!$V$2:$V$840,Ordenes!$D$2:$D$840,2026,Ordenes!$E$2:$E$840,9,Ordenes!$F$2:$F$840,$A39,Ordenes!$T$2:$T$840,"Válida")/SUMIFS(Ordenes!$Q$2:$Q$840,Ordenes!$D$2:$D$840,2026,Ordenes!$E$2:$E$840,9,Ordenes!$F$2:$F$840,$A39,Ordenes!$T$2:$T$840,"Válida"),"") | K39: =IFERROR(SUMIFS(Ordenes!$V$2:$V$840,Ordenes!$D$2:$D$840,">=2026",Ordenes!$F$2:$F$840,$A39,Ordenes!$T$2:$T$840,"Válida")/SUMIFS(Ordenes!$Q$2:$Q$840,Ordenes!$D$2:$D$840,">=2026",Ordenes!$F$2:$F$840,$A39,Ordenes!$T$2:$T$840,"Válida"),"")
A40: Total | B40: =IFERROR(SUMIFS(Ordenes!$V$2:$V$840,Ordenes!$D$2:$D$840,2026,Ordenes!$E$2:$E$840,1,Ordenes!$F$2:$F$840,"*",Ordenes!$T$2:$T$840,"Válida")/SUMIFS(Ordenes!$Q$2:$Q$840,Ordenes!$D$2:$D$840,2026,Ordenes!$E$2:$E$840,1,Ordenes!$F$2:$F$840,"*",Ordenes!$T$2:$T$840,"Válida"),"") | C40: =IFERROR(SUMIFS(Ordenes!$V$2:$V$840,Ordenes!$D$2:$D$840,2026,Ordenes!$E$2:$E$840,2,Ordenes!$F$2:$F$840,"*",Ordenes!$T$2:$T$840,"Válida")/SUMIFS(Ordenes!$Q$2:$Q$840,Ordenes!$D$2:$D$840,2026,Ordenes!$E$2:$E$840,2,Ordenes!$F$2:$F$840,"*",Ordenes!$T$2:$T$840,"Válida"),"") | D40: =IFERROR(SUMIFS(Ordenes!$V$2:$V$840,Ordenes!$D$2:$D$840,2026,Ordenes!$E$2:$E$840,3,Ordenes!$F$2:$F$840,"*",Ordenes!$T$2:$T$840,"Válida")/SUMIFS(Ordenes!$Q$2:$Q$840,Ordenes!$D$2:$D$840,2026,Ordenes!$E$2:$E$840,3,Ordenes!$F$2:$F$840,"*",Ordenes!$T$2:$T$840,"Válida"),"") | E40: =IFERROR(SUMIFS(Ordenes!$V$2:$V$840,Ordenes!$D$2:$D$840,2026,Ordenes!$E$2:$E$840,4,Ordenes!$F$2:$F$840,"*",Ordenes!$T$2:$T$840,"Válida")/SUMIFS(Ordenes!$Q$2:$Q$840,Ordenes!$D$2:$D$840,2026,Ordenes!$E$2:$E$840,4,Ordenes!$F$2:$F$840,"*",Ordenes!$T$2:$T$840,"Válida"),"") | F40: =IFERROR(SUMIFS(Ordenes!$V$2:$V$840,Ordenes!$D$2:$D$840,2026,Ordenes!$E$2:$E$840,5,Ordenes!$F$2:$F$840,"*",Ordenes!$T$2:$T$840,"Válida")/SUMIFS(Ordenes!$Q$2:$Q$840,Ordenes!$D$2:$D$840,2026,Ordenes!$E$2:$E$840,5,Ordenes!$F$2:$F$840,"*",Ordenes!$T$2:$T$840,"Válida"),"") | G40: =IFERROR(SUMIFS(Ordenes!$V$2:$V$840,Ordenes!$D$2:$D$840,2026,Ordenes!$E$2:$E$840,6,Ordenes!$F$2:$F$840,"*",Ordenes!$T$2:$T$840,"Válida")/SUMIFS(Ordenes!$Q$2:$Q$840,Ordenes!$D$2:$D$840,2026,Ordenes!$E$2:$E$840,6,Ordenes!$F$2:$F$840,"*",Ordenes!$T$2:$T$840,"Válida"),"") | H40: =IFERROR(SUMIFS(Ordenes!$V$2:$V$840,Ordenes!$D$2:$D$840,2026,Ordenes!$E$2:$E$840,7,Ordenes!$F$2:$F$840,"*",Ordenes!$T$2:$T$840,"Válida")/SUMIFS(Ordenes!$Q$2:$Q$840,Ordenes!$D$2:$D$840,2026,Ordenes!$E$2:$E$840,7,Ordenes!$F$2:$F$840,"*",Ordenes!$T$2:$T$840,"Válida"),"") | I40: =IFERROR(SUMIFS(Ordenes!$V$2:$V$840,Ordenes!$D$2:$D$840,2026,Ordenes!$E$2:$E$840,8,Ordenes!$F$2:$F$840,"*",Ordenes!$T$2:$T$840,"Válida")/SUMIFS(Ordenes!$Q$2:$Q$840,Ordenes!$D$2:$D$840,2026,Ordenes!$E$2:$E$840,8,Ordenes!$F$2:$F$840,"*",Ordenes!$T$2:$T$840,"Válida"),"") | J40: =IFERROR(SUMIFS(Ordenes!$V$2:$V$840,Ordenes!$D$2:$D$840,2026,Ordenes!$E$2:$E$840,9,Ordenes!$F$2:$F$840,"*",Ordenes!$T$2:$T$840,"Válida")/SUMIFS(Ordenes!$Q$2:$Q$840,Ordenes!$D$2:$D$840,2026,Ordenes!$E$2:$E$840,9,Ordenes!$F$2:$F$840,"*",Ordenes!$T$2:$T$840,"Válida"),"") | K40: =IFERROR(SUMIFS(Ordenes!$V$2:$V$840,Ordenes!$D$2:$D$840,">=2026",Ordenes!$F$2:$F$840,"*",Ordenes!$T$2:$T$840,"Válida")/SUMIFS(Ordenes!$Q$2:$Q$840,Ordenes!$D$2:$D$840,">=2026",Ordenes!$F$2:$F$840,"*",Ordenes!$T$2:$T$840,"Válida"),"")

Sheet Grupo x semana
A1: Rendimiento metálico por grupo y semana ISO
A2: Semana ISO: lunes a domingo, según la fecha de inicio de la orden. Órdenes válidas. Rend. = Σ kg producidos / Σ kg consumidos.
A4: Período | B4: Año ISO | C4: N° semana | D4: Rend. B Hormigón | E4: Rend. Redondo liso | F4: Rend. Plana | G4: Rend. Ángulo | H4: Rend. Cuadrado | I4: Rend. Estrella | J4: Rend. Saferock | K4: Rend. Hexágono | L4: Rend. Total | M4: Meta total | N4: vs meta (pp) | O4: Kg producidos | P4: Kg consumidos | Q4: Órdenes válidas
A5: S01 2026 (29 dic) | B5: 2026 | C5: 1 | D5: =IFERROR(SUMIFS(Ordenes!$P$2:$P$840,Ordenes!$W$2:$W$840,$B5,Ordenes!$X$2:$X$840,$C5,Ordenes!$T$2:$T$840,"Válida",Ordenes!$F$2:$F$840,"B Hormigón")/SUMIFS(Ordenes!$Q$2:$Q$840,Ordenes!$W$2:$W$840,$B5,Ordenes!$X$2:$X$840,$C5,Ordenes!$T$2:$T$840,"Válida",Ordenes!$F$2:$F$840,"B Hormigón"),"") | E5: =IFERROR(SUMIFS(Ordenes!$P$2:$P$840,Ordenes!$W$2:$W$840,$B5,Ordenes!$X$2:$X$840,$C5,Ordenes!$T$2:$T$840,"Válida",Ordenes!$F$2:$F$840,"Redondo liso")/SUMIFS(Ordenes!$Q$2:$Q$840,Ordenes!$W$2:$W$840,$B5,Ordenes!$X$2:$X$840,$C5,Ordenes!$T$2:$T$840,"Válida",Ordenes!$F$2:$F$840,"Redondo liso"),"") | F5: =IFERROR(SUMIFS(Ordenes!$P$2:$P$840,Ordenes!$W$2:$W$840,$B5,Ordenes!$X$2:$X$840,$C5,Ordenes!$T$2:$T$840,"Válida",Ordenes!$F$2:$F$840,"Plana")/SUMIFS(Ordenes!$Q$2:$Q$840,Ordenes!$W$2:$W$840,$B5,Ordenes!$X$2:$X$840,$C5,Ordenes!$T$2:$T$840,"Válida",Ordenes!$F$2:$F$840,"Plana"),"") | G5: =IFERROR(SUMIFS(Ordenes!$P$2:$P$840,Ordenes!$W$2:$W$840,$B5,Ordenes!$X$2:$X$840,$C5,Ordenes!$T$2:$T$840,"Válida",Ordenes!$F$2:$F$840,"Ángulo")/SUMIFS(Ordenes!$Q$2:$Q$840,Ordenes!$W$2:$W$840,$B5,Ordenes!$X$2:$X$840,$C5,Ordenes!$T$2:$T$840,"Válida",Ordenes!$F$2:$F$840,"Ángulo"),"") | H5: =IFERROR(SUMIFS(Ordenes!$P$2:$P$840,Ordenes!$W$2:$W$840,$B5,Ordenes!$X$2:$X$840,$C5,Ordenes!$T$2:$T$840,"Válida",Ordenes!$F$2:$F$840,"Cuadrado")/SUMIFS(Ordenes!$Q$2:$Q$840,Ordenes!$W$2:$W$840,$B5,Ordenes!$X$2:$X$840,$C5,Ordenes!$T$2:$T$840,"Válida",Ordenes!$F$2:$F$840,"Cuadrado"),"") | I5: =IFERROR(SUMIFS(Ordenes!$P$2:$P$840,Ordenes!$W$2:$W$840,$B5,Ordenes!$X$2:$X$840,$C5,Ordenes!$T$2:$T$840,"Válida",Ordenes!$F$2:$F$840,"Estrella")/SUMIFS(Ordenes!$Q$2:$Q$840,Ordenes!$W$2:$W$840,$B5,Ordenes!$X$2:$X$840,$C5,Ordenes!$T$2:$T$840,"Válida",Ordenes!$F$2:$F$840,"Estrella"),"") | J5: =IFERROR(SUMIFS(Ordenes!$P$2:$P$840,Ordenes!$W$2:$W$840,$B5,Ordenes!$X$2:$X$840,$C5,Ordenes!$T$2:$T$840,"Válida",Ordenes!$F$2:$F$840,"Saferock")/SUMIFS(Ordenes!$Q$2:$Q$840,Ordenes!$W$2:$W$840,$B5,Ordenes!$X$2:$X$840,$C5,Ordenes!$T$2:$T$840,"Válida",Ordenes!$F$2:$F$840,"Saferock"),"") | K5: =IFERROR(SUMIFS(Ordenes!$P$2:$P$840,Ordenes!$W$2:$W$840,$B5,Ordenes!$X$2:$X$840,$C5,Ordenes!$T$2:$T$840,"Válida",Ordenes!$F$2:$F$840,"Hexágono")/SUMIFS(Ordenes!$Q$2:$Q$840,Ordenes!$W$2:$W$840,$B5,Ordenes!$X$2:$X$840,$C5,Ordenes!$T$2:$T$840,"Válida",Ordenes!$F$2:$F$840,"Hexágono"),"") | L5: =IFERROR(SUMIFS(Ordenes!$P$2:$P$840,Ordenes!$W$2:$W$840,$B5,Ordenes!$X$2:$X$840,$C5,Ordenes!$T$2:$T$840,"Válida",Ordenes!$F$2:$F$840,"*")/SUMIFS(Ordenes!$Q$2:$Q$840,Ordenes!$W$2:$W$840,$B5,Ordenes!$X$2:$X$840,$C5,Ordenes!$T$2:$T$840,"Válida",Ordenes!$F$2:$F$840,"*"),"") | M5: =IFERROR(SUMIFS(Ordenes!$V$2:$V$840,Ordenes!$W$2:$W$840,$B5,Ordenes!$X$2:$X$840,$C5,Ordenes!$T$2:$T$840,"Válida")/SUMIFS(Ordenes!$Q$2:$Q$840,Ordenes!$W$2:$W$840,$B5,Ordenes!$X$2:$X$840,$C5,Ordenes!$T$2:$T$840,"Válida"),"") | N5: =IFERROR((L5-M5)*100,"") | O5: =SUMIFS(Ordenes!$P$2:$P$840,Ordenes!$W$2:$W$840,$B5,Ordenes!$X$2:$X$840,$C5,Ordenes!$T$2:$T$840,"Válida") | P5: =SUMIFS(Ordenes!$Q$2:$Q$840,Ordenes!$W$2:$W$840,$B5,Ordenes!$X$2:$X$840,$C5,Ordenes!$T$2:$T$840,"Válida") | Q5: =COUNTIFS(Ordenes!$W$2:$W$840,$B5,Ordenes!$X$2:$X$840,$C5,Ordenes!$T$2:$T$840,"Válida")
A6: S02 2026 (5 ene) | B6: 2026 | C6: 2 | D6: =IFERROR(SUMIFS(Ordenes!$P$2:$P$840,Ordenes!$W$2:$W$840,$B6,Ordenes!$X$2:$X$840,$C6,Ordenes!$T$2:$T$840,"Válida",Ordenes!$F$2:$F$840,"B Hormigón")/SUMIFS(Ordenes!$Q$2:$Q$840,Ordenes!$W$2:$W$840,$B6,Ordenes!$X$2:$X$840,$C6,Ordenes!$T$2:$T$840,"Válida",Ordenes!$F$2:$F$840,"B Hormigón"),"") | E6: =IFERROR(SUMIFS(Ordenes!$P$2:$P$840,Ordenes!$W$2:$W$840,$B6,Ordenes!$X$2:$X$840,$C6,Ordenes!$T$2:$T$840,"Válida",Ordenes!$F$2:$F$840,"Redondo liso")/SUMIFS(Ordenes!$Q$2:$Q$840,Ordenes!$W$2:$W$840,$B6,Ordenes!$X$2:$X$840,$C6,Ordenes!$T$2:$T$840,"Válida",Ordenes!$F$2:$F$840,"Redondo liso"),"") | F6: =IFERROR(SUMIFS(Ordenes!$P$2:$P$840,Ordenes!$W$2:$W$840,$B6,Ordenes!$X$2:$X$840,$C6,Ordenes!$T$2:$T$840,"Válida",Ordenes!$F$2:$F$840,"Plana")/SUMIFS(Ordenes!$Q$2:$Q$840,Ordenes!$W$2:$W$840,$B6,Ordenes!$X$2:$X$840,$C6,Ordenes!$T$2:$T$840,"Válida",Ordenes!$F$2:$F$840,"Plana"),"") | G6: =IFERROR(SUMIFS(Ordenes!$P$2:$P$840,Ordenes!$W$2:$W$840,$B6,Ordenes!$X$2:$X$840,$C6,Ordenes!$T$2:$T$840,"Válida",Ordenes!$F$2:$F$840,"Ángulo")/SUMIFS(Ordenes!$Q$2:$Q$840,Ordenes!$W$2:$W$840,$B6,Ordenes!$X$2:$X$840,$C6,Ordenes!$T$2:$T$840,"Válida",Ordenes!$F$2:$F$840,"Ángulo"),"") | H6: =IFERROR(SUMIFS(Ordenes!$P$2:$P$840,Ordenes!$W$2:$W$840,$B6,Ordenes!$X$2:$X$840,$C6,Ordenes!$T$2:$T$840,"Válida",Ordenes!$F$2:$F$840,"Cuadrado")/SUMIFS(Ordenes!$Q$2:$Q$840,Ordenes!$W$2:$W$840,$B6,Ordenes!$X$2:$X$840,$C6,Ordenes!$T$2:$T$840,"Válida",Ordenes!$F$2:$F$840,"Cuadrado"),"") | I6: =IFERROR(SUMIFS(Ordenes!$P$2:$P$840,Ordenes!$W$2:$W$840,$B6,Ordenes!$X$2:$X$840,$C6,Ordenes!$T$2:$T$840,"Válida",Ordenes!$F$2:$F$840,"Estrella")/SUMIFS(Ordenes!$Q$2:$Q$840,Ordenes!$W$2:$W$840,$B6,Ordenes!$X$2:$X$840,$C6,Ordenes!$T$2:$T$840,"Válida",Ordenes!$F$2:$F$840,"Estrella"),"") | J6: =IFERROR(SUMIFS(Ordenes!$P$2:$P$840,Ordenes!$W$2:$W$840,$B6,Ordenes!$X$2:$X$840,$C6,Ordenes!$T$2:$T$840,"Válida",Ordenes!$F$2:$F$840,"Saferock")/SUMIFS(Ordenes!$Q$2:$Q$840,Ordenes!$W$2:$W$840,$B6,Ordenes!$X$2:$X$840,$C6,Ordenes!$T$2:$T$840,"Válida",Ordenes!$F$2:$F$840,"Saferock"),"") | K6: =IFERROR(SUMIFS(Ordenes!$P$2:$P$840,Ordenes!$W$2:$W$840,$B6,Ordenes!$X$2:$X$840,$C6,Ordenes!$T$2:$T$840,"Válida",Ordenes!$F$2:$F$840,"Hexágono")/SUMIFS(Ordenes!$Q$2:$Q$840,Ordenes!$W$2:$W$840,$B6,Ordenes!$X$2:$X$840,$C6,Ordenes!$T$2:$T$840,"Válida",Ordenes!$F$2:$F$840,"Hexágono"),"") | L6: =IFERROR(SUMIFS(Ordenes!$P$2:$P$840,Ordenes!$W$2:$W$840,$B6,Ordenes!$X$2:$X$840,$C6,Ordenes!$T$2:$T$840,"Válida",Ordenes!$F$2:$F$840,"*")/SUMIFS(Ordenes!$Q$2:$Q$840,Ordenes!$W$2:$W$840,$B6,Ordenes!$X$2:$X$840,$C6,Ordenes!$T$2:$T$840,"Válida",Ordenes!$F$2:$F$840,"*"),"") | M6: =IFERROR(SUMIFS(Ordenes!$V$2:$V$840,Ordenes!$W$2:$W$840,$B6,Ordenes!$X$2:$X$840,$C6,Ordenes!$T$2:$T$840,"Válida")/SUMIFS(Ordenes!$Q$2:$Q$840,Ordenes!$W$2:$W$840,$B6,Ordenes!$X$2:$X$840,$C6,Ordenes!$T$2:$T$840,"Válida"),"") | N6: =IFERROR((L6-M6)*100,"") | O6: =SUMIFS(Ordenes!$P$2:$P$840,Ordenes!$W$2:$W$840,$B6,Ordenes!$X$2:$X$840,$C6,Ordenes!$T$2:$T$840,"Válida") | P6: =SUMIFS(Ordenes!$Q$2:$Q$840,Ordenes!$W$2:$W$840,$B6,Ordenes!$X$2:$X$840,$C6,Ordenes!$T$2:$T$840,"Válida") | Q6: =COUNTIFS(Ordenes!$W$2:$W$840,$B6,Ordenes!$X$2:$X$840,$C6,Ordenes!$T$2:$T$840,"Válida")
A7: S03 2026 (12 ene) | B7: 2026 | C7: 3 | D7: =IFERROR(SUMIFS(Ordenes!$P$2:$P$840,Ordenes!$W$2:$W$840,$B7,Ordenes!$X$2:$X$840,$C7,Ordenes!$T$2:$T$840,"Válida",Ordenes!$F$2:$F$840,"B Hormigón")/SUMIFS(Ordenes!$Q$2:$Q$840,Ordenes!$W$2:$W$840,$B7,Ordenes!$X$2:$X$840,$C7,Ordenes!$T$2:$T$840,"Válida",Ordenes!$F$2:$F$840,"B Hormigón"),"") | E7: =IFERROR(SUMIFS(Ordenes!$P$2:$P$840,Ordenes!$W$2:$W$840,$B7,Ordenes!$X$2:$X$840,$C7,Ordenes!$T$2:$T$840,"Válida",Ordenes!$F$2:$F$840,"Redondo liso")/SUMIFS(Ordenes!$Q$2:$Q$840,Ordenes!$W$2:$W$840,$B7,Ordenes!$X$2:$X$840,$C7,Ordenes!$T$2:$T$840,"Válida",Ordenes!$F$2:$F$840,"Redondo liso"),"") | F7: =IFERROR(SUMIFS(Ordenes!$P$2:$P$840,Ordenes!$W$2:$W$840,$B7,Ordenes!$X$2:$X$840,$C7,Ordenes!$T$2:$T$840,"Válida",Ordenes!$F$2:$F$840,"Plana")/SUMIFS(Ordenes!$Q$2:$Q$840,Ordenes!$W$2:$W$840,$B7,Ordenes!$X$2:$X$840,$C7,Ordenes!$T$2:$T$840,"Válida",Ordenes!$F$2:$F$840,"Plana"),"") | G7: =IFERROR(SUMIFS(Ordenes!$P$2:$P$840,Ordenes!$W$2:$W$840,$B7,Ordenes!$X$2:$X$840,$C7,Ordenes!$T$2:$T$840,"Válida",Ordenes!$F$2:$F$840,"Ángulo")/SUMIFS(Ordenes!$Q$2:$Q$840,Ordenes!$W$2:$W$840,$B7,Ordenes!$X$2:$X$840,$C7,Ordenes!$T$2:$T$840,"Válida",Ordenes!$F$2:$F$840,"Ángulo"),"") | H7: =IFERROR(SUMIFS(Ordenes!$P$2:$P$840,Ordenes!$W$2:$W$840,$B7,Ordenes!$X$2:$X$840,$C7,Ordenes!$T$2:$T$840,"Válida",Ordenes!$F$2:$F$840,"Cuadrado")/SUMIFS(Ordenes!$Q$2:$Q$840,Ordenes!$W$2:$W$840,$B7,Ordenes!$X$2:$X$840,$C7,Ordenes!$T$2:$T$840,"Válida",Ordenes!$F$2:$F$840,"Cuadrado"),"") | I7: =IFERROR(SUMIFS(Ordenes!$P$2:$P$840,Ordenes!$W$2:$W$840,$B7,Ordenes!$X$2:$X$840,$C7,Ordenes!$T$2:$T$840,"Válida",Ordenes!$F$2:$F$840,"Estrella")/SUMIFS(Ordenes!$Q$2:$Q$840,Ordenes!$W$2:$W$840,$B7,Ordenes!$X$2:$X$840,$C7,Ordenes!$T$2:$T$840,"Válida",Ordenes!$F$2:$F$840,"Estrella"),"") | J7: =IFERROR(SUMIFS(Ordenes!$P$2:$P$840,Ordenes!$W$2:$W$840,$B7,Ordenes!$X$2:$X$840,$C7,Ordenes!$T$2:$T$840,"Válida",Ordenes!$F$2:$F$840,"Saferock")/SUMIFS(Ordenes!$Q$2:$Q$840,Ordenes!$W$2:$W$840,$B7,Ordenes!$X$2:$X$840,$C7,Ordenes!$T$2:$T$840,"Válida",Ordenes!$F$2:$F$840,"Saferock"),"") | K7: =IFERROR(SUMIFS(Ordenes!$P$2:$P$840,Ordenes!$W$2:$W$840,$B7,Ordenes!$X$2:$X$840,$C7,Ordenes!$T$2:$T$840,"Válida",Ordenes!$F$2:$F$840,"Hexágono")/SUMIFS(Ordenes!$Q$2:$Q$840,Ordenes!$W$2:$W$840,$B7,Ordenes!$X$2:$X$840,$C7,Ordenes!$T$2:$T$840,"Válida",Ordenes!$F$2:$F$840,"Hexágono"),"") | L7: =IFERROR(SUMIFS(Ordenes!$P$2:$P$840,Ordenes!$W$2:$W$840,$B7,Ordenes!$X$2:$X$840,$C7,Ordenes!$T$2:$T$840,"Válida",Ordenes!$F$2:$F$840,"*")/SUMIFS(Ordenes!$Q$2:$Q$840,Ordenes!$W$2:$W$840,$B7,Ordenes!$X$2:$X$840,$C7,Ordenes!$T$2:$T$840,"Válida",Ordenes!$F$2:$F$840,"*"),"") | M7: =IFERROR(SUMIFS(Ordenes!$V$2:$V$840,Ordenes!$W$2:$W$840,$B7,Ordenes!$X$2:$X$840,$C7,Ordenes!$T$2:$T$840,"Válida")/SUMIFS(Ordenes!$Q$2:$Q$840,Ordenes!$W$2:$W$840,$B7,Ordenes!$X$2:$X$840,$C7,Ordenes!$T$2:$T$840,"Válida"),"") | N7: =IFERROR((L7-M7)*100,"") | O7: =SUMIFS(Ordenes!$P$2:$P$840,Ordenes!$W$2:$W$840,$B7,Ordenes!$X$2:$X$840,$C7,Ordenes!$T$2:$T$840,"Válida") | P7: =SUMIFS(Ordenes!$Q$2:$Q$840,Ordenes!$W$2:$W$840,$B7,Ordenes!$X$2:$X$840,$C7,Ordenes!$T$2:$T$840,"Válida") | Q7: =COUNTIFS(Ordenes!$W$2:$W$840,$B7,Ordenes!$X$2:$X$840,$C7,Ordenes!$T$2:$T$840,"Válida")
A8: S04 2026 (19 ene) | B8: 2026 | C8: 4 | D8: =IFERROR(SUMIFS(Ordenes!$P$2:$P$840,Ordenes!$W$2:$W$840,$B8,Ordenes!$X$2:$X$840,$C8,Ordenes!$T$2:$T$840,"Válida",Ordenes!$F$2:$F$840,"B Hormigón")/SUMIFS(Ordenes!$Q$2:$Q$840,Ordenes!$W$2:$W$840,$B8,Ordenes!$X$2:$X$840,$C8,Ordenes!$T$2:$T$840,"Válida",Ordenes!$F$2:$F$840,"B Hormigón"),"") | E8: =IFERROR(SUMIFS(Ordenes!$P$2:$P$840,Ordenes!$W$2:$W$840,$B8,Ordenes!$X$2:$X$840,$C8,Ordenes!$T$2:$T$840,"Válida",Ordenes!$F$2:$F$840,"Redondo liso")/SUMIFS(Ordenes!$Q$2:$Q$840,Ordenes!$W$2:$W$840,$B8,Ordenes!$X$2:$X$840,$C8,Ordenes!$T$2:$T$840,"Válida",Ordenes!$F$2:$F$840,"Redondo liso"),"") | F8: =IFERROR(SUMIFS(Ordenes!$P$2:$P$840,Ordenes!$W$2:$W$840,$B8,Ordenes!$X$2:$X$840,$C8,Ordenes!$T$2:$T$840,"Válida",Ordenes!$F$2:$F$840,"Plana")/SUMIFS(Ordenes!$Q$2:$Q$840,Ordenes!$W$2:$W$840,$B8,Ordenes!$X$2:$X$840,$C8,Ordenes!$T$2:$T$840,"Válida",Ordenes!$F$2:$F$840,"Plana"),"") | G8: =IFERROR(SUMIFS(Ordenes!$P$2:$P$840,Ordenes!$W$2:$W$840,$B8,Ordenes!$X$2:$X$840,$C8,Ordenes!$T$2:$T$840,"Válida",Ordenes!$F$2:$F$840,"Ángulo")/SUMIFS(Ordenes!$Q$2:$Q$840,Ordenes!$W$2:$W$840,$B8,Ordenes!$X$2:$X$840,$C8,Ordenes!$T$2:$T$840,"Válida",Ordenes!$F$2:$F$840,"Ángulo"),"") | H8: =IFERROR(SUMIFS(Ordenes!$P$2:$P$840,Ordenes!$W$2:$W$840,$B8,Ordenes!$X$2:$X$840,$C8,Ordenes!$T$2:$T$840,"Válida",Ordenes!$F$2:$F$840,"Cuadrado")/SUMIFS(Ordenes!$Q$2:$Q$840,Ordenes!$W$2:$W$840,$B8,Ordenes!$X$2:$X$840,$C8,Ordenes!$T$2:$T$840,"Válida",Ordenes!$F$2:$F$840,"Cuadrado"),"") | I8: =IFERROR(SUMIFS(Ordenes!$P$2:$P$840,Ordenes!$W$2:$W$840,$B8,Ordenes!$X$2:$X$840,$C8,Ordenes!$T$2:$T$840,"Válida",Ordenes!$F$2:$F$840,"Estrella")/SUMIFS(Ordenes!$Q$2:$Q$840,Ordenes!$W$2:$W$840,$B8,Ordenes!$X$2:$X$840,$C8,Ordenes!$T$2:$T$840,"Válida",Ordenes!$F$2:$F$840,"Estrella"),"") | J8: =IFERROR(SUMIFS(Ordenes!$P$2:$P$840,Ordenes!$W$2:$W$840,$B8,Ordenes!$X$2:$X$840,$C8,Ordenes!$T$2:$T$840,"Válida",Ordenes!$F$2:$F$840,"Saferock")/SUMIFS(Ordenes!$Q$2:$Q$840,Ordenes!$W$2:$W$840,$B8,Ordenes!$X$2:$X$840,$C8,Ordenes!$T$2:$T$840,"Válida",Ordenes!$F$2:$F$840,"Saferock"),"") | K8: =IFERROR(SUMIFS(Ordenes!$P$2:$P$840,Ordenes!$W$2:$W$840,$B8,Ordenes!$X$2:$X$840,$C8,Ordenes!$T$2:$T$840,"Válida",Ordenes!$F$2:$F$840,"Hexágono")/SUMIFS(Ordenes!$Q$2:$Q$840,Ordenes!$W$2:$W$840,$B8,Ordenes!$X$2:$X$840,$C8,Ordenes!$T$2:$T$840,"Válida",Ordenes!$F$2:$F$840,"Hexágono"),"") | L8: =IFERROR(SUMIFS(Ordenes!$P$2:$P$840,Ordenes!$W$2:$W$840,$B8,Ordenes!$X$2:$X$840,$C8,Ordenes!$T$2:$T$840,"Válida",Ordenes!$F$2:$F$840,"*")/SUMIFS(Ordenes!$Q$2:$Q$840,Ordenes!$W$2:$W$840,$B8,Ordenes!$X$2:$X$840,$C8,Ordenes!$T$2:$T$840,"Válida",Ordenes!$F$2:$F$840,"*"),"") | M8: =IFERROR(SUMIFS(Ordenes!$V$2:$V$840,Ordenes!$W$2:$W$840,$B8,Ordenes!$X$2:$X$840,$C8,Ordenes!$T$2:$T$840,"Válida")/SUMIFS(Ordenes!$Q$2:$Q$840,Ordenes!$W$2:$W$840,$B8,Ordenes!$X$2:$X$840,$C8,Ordenes!$T$2:$T$840,"Válida"),"") | N8: =IFERROR((L8-M8)*100,"") | O8: =SUMIFS(Ordenes!$P$2:$P$840,Ordenes!$W$2:$W$840,$B8,Ordenes!$X$2:$X$840,$C8,Ordenes!$T$2:$T$840,"Válida") | P8: =SUMIFS(Ordenes!$Q$2:$Q$840,Ordenes!$W$2:$W$840,$B8,Ordenes!$X$2:$X$840,$C8,Ordenes!$T$2:$T$840,"Válida") | Q8: =COUNTIFS(Ordenes!$W$2:$W$840,$B8,Ordenes!$X$2:$X$840,$C8,Ordenes!$T$2:$T$840,"Válida")
A9: S05 2026 (26 ene) | B9: 2026 | C9: 5 | D9: =IFERROR(SUMIFS(Ordenes!$P$2:$P$840,Ordenes!$W$2:$W$840,$B9,Ordenes!$X$2:$X$840,$C9,Ordenes!$T$2:$T$840,"Válida",Ordenes!$F$2:$F$840,"B Hormigón")/SUMIFS(Ordenes!$Q$2:$Q$840,Ordenes!$W$2:$W$840,$B9,Ordenes!$X$2:$X$840,$C9,Ordenes!$T$2:$T$840,"Válida",Ordenes!$F$2:$F$840,"B Hormigón"),"") | E9: =IFERROR(SUMIFS(Ordenes!$P$2:$P$840,Ordenes!$W$2:$W$840,$B9,Ordenes!$X$2:$X$840,$C9,Ordenes!$T$2:$T$840,"Válida",Ordenes!$F$2:$F$840,"Redondo liso")/SUMIFS(Ordenes!$Q$2:$Q$840,Ordenes!$W$2:$W$840,$B9,Ordenes!$X$2:$X$840,$C9,Ordenes!$T$2:$T$840,"Válida",Ordenes!$F$2:$F$840,"Redondo liso"),"") | F9: =IFERROR(SUMIFS(Ordenes!$P$2:$P$840,Ordenes!$W$2:$W$840,$B9,Ordenes!$X$2:$X$840,$C9,Ordenes!$T$2:$T$840,"Válida",Ordenes!$F$2:$F$840,"Plana")/SUMIFS(Ordenes!$Q$2:$Q$840,Ordenes!$W$2:$W$840,$B9,Ordenes!$X$2:$X$840,$C9,Ordenes!$T$2:$T$840,"Válida",Ordenes!$F$2:$F$840,"Plana"),"") | G9: =IFERROR(SUMIFS(Ordenes!$P$2:$P$840,Ordenes!$W$2:$W$840,$B9,Ordenes!$X$2:$X$840,$C9,Ordenes!$T$2:$T$840,"Válida",Ordenes!$F$2:$F$840,"Ángulo")/SUMIFS(Ordenes!$Q$2:$Q$840,Ordenes!$W$2:$W$840,$B9,Ordenes!$X$2:$X$840,$C9,Ordenes!$T$2:$T$840,"Válida",Ordenes!$F$2:$F$840,"Ángulo"),"") | H9: =IFERROR(SUMIFS(Ordenes!$P$2:$P$840,Ordenes!$W$2:$W$840,$B9,Ordenes!$X$2:$X$840,$C9,Ordenes!$T$2:$T$840,"Válida",Ordenes!$F$2:$F$840,"Cuadrado")/SUMIFS(Ordenes!$Q$2:$Q$840,Ordenes!$W$2:$W$840,$B9,Ordenes!$X$2:$X$840,$C9,Ordenes!$T$2:$T$840,"Válida",Ordenes!$F$2:$F$840,"Cuadrado"),"") | I9: =IFERROR(SUMIFS(Ordenes!$P$2:$P$840,Ordenes!$W$2:$W$840,$B9,Ordenes!$X$2:$X$840,$C9,Ordenes!$T$2:$T$840,"Válida",Ordenes!$F$2:$F$840,"Estrella")/SUMIFS(Ordenes!$Q$2:$Q$840,Ordenes!$W$2:$W$840,$B9,Ordenes!$X$2:$X$840,$C9,Ordenes!$T$2:$T$840,"Válida",Ordenes!$F$2:$F$840,"Estrella"),"") | J9: =IFERROR(SUMIFS(Ordenes!$P$2:$P$840,Ordenes!$W$2:$W$840,$B9,Ordenes!$X$2:$X$840,$C9,Ordenes!$T$2:$T$840,"Válida",Ordenes!$F$2:$F$840,"Saferock")/SUMIFS(Ordenes!$Q$2:$Q$840,Ordenes!$W$2:$W$840,$B9,Ordenes!$X$2:$X$840,$C9,Ordenes!$T$2:$T$840,"Válida",Ordenes!$F$2:$F$840,"Saferock"),"") | K9: =IFERROR(SUMIFS(Ordenes!$P$2:$P$840,Ordenes!$W$2:$W$840,$B9,Ordenes!$X$2:$X$840,$C9,Ordenes!$T$2:$T$840,"Válida",Ordenes!$F$2:$F$840,"Hexágono")/SUMIFS(Ordenes!$Q$2:$Q$840,Ordenes!$W$2:$W$840,$B9,Ordenes!$X$2:$X$840,$C9,Ordenes!$T$2:$T$840,"Válida",Ordenes!$F$2:$F$840,"Hexágono"),"") | L9: =IFERROR(SUMIFS(Ordenes!$P$2:$P$840,Ordenes!$W$2:$W$840,$B9,Ordenes!$X$2:$X$840,$C9,Ordenes!$T$2:$T$840,"Válida",Ordenes!$F$2:$F$840,"*")/SUMIFS(Ordenes!$Q$2:$Q$840,Ordenes!$W$2:$W$840,$B9,Ordenes!$X$2:$X$840,$C9,Ordenes!$T$2:$T$840,"Válida",Ordenes!$F$2:$F$840,"*"),"") | M9: =IFERROR(SUMIFS(Ordenes!$V$2:$V$840,Ordenes!$W$2:$W$840,$B9,Ordenes!$X$2:$X$840,$C9,Ordenes!$T$2:$T$840,"Válida")/SUMIFS(Ordenes!$Q$2:$Q$840,Ordenes!$W$2:$W$840,$B9,Ordenes!$X$2:$X$840,$C9,Ordenes!$T$2:$T$840,"Válida"),"") | N9: =IFERROR((L9-M9)*100,"") | O9: =SUMIFS(Ordenes!$P$2:$P$840,Ordenes!$W$2:$W$840,$B9,Ordenes!$X$2:$X$840,$C9,Ordenes!$T$2:$T$840,"Válida") | P9: =SUMIFS(Ordenes!$Q$2:$Q$840,Ordenes!$W$2:$W$840,$B9,Ordenes!$X$2:$X$840,$C9,Ordenes!$T$2:$T$840,"Válida") | Q9: =COUNTIFS(Ordenes!$W$2:$W$840,$B9,Ordenes!$X$2:$X$840,$C9,Ordenes!$T$2:$T$840,"Válida")
A10: S06 2026 (2 feb) | B10: 2026 | C10: 6 | D10: =IFERROR(SUMIFS(Ordenes!$P$2:$P$840,Ordenes!$W$2:$W$840,$B10,Ordenes!$X$2:$X$840,$C10,Ordenes!$T$2:$T$840,"Válida",Ordenes!$F$2:$F$840,"B Hormigón")/SUMIFS(Ordenes!$Q$2:$Q$840,Ordenes!$W$2:$W$840,$B10,Ordenes!$X$2:$X$840,$C10,Ordenes!$T$2:$T$840,"Válida",Ordenes!$F$2:$F$840,"B Hormigón"),"") | E10: =IFERROR(SUMIFS(Ordenes!$P$2:$P$840,Ordenes!$W$2:$W$840,$B10,Ordenes!$X$2:$X$840,$C10,Ordenes!$T$2:$T$840,"Válida",Ordenes!$F$2:$F$840,"Redondo liso")/SUMIFS(Ordenes!$Q$2:$Q$840,Ordenes!$W$2:$W$840,$B10,Ordenes!$X$2:$X$840,$C10,Ordenes!$T$2:$T$840,"Válida",Ordenes!$F$2:$F$840,"Redondo liso"),"") | F10: =IFERROR(SUMIFS(Ordenes!$P$2:$P$840,Ordenes!$W$2:$W$840,$B10,Ordenes!$X$2:$X$840,$C10,Ordenes!$T$2:$T$840,"Válida",Ordenes!$F$2:$F$840,"Plana")/SUMIFS(Ordenes!$Q$2:$Q$840,Ordenes!$W$2:$W$840,$B10,Ordenes!$X$2:$X$840,$C10,Ordenes!$T$2:$T$840,"Válida",Ordenes!$F$2:$F$840,"Plana"),"") | G10: =IFERROR(SUMIFS(Ordenes!$P$2:$P$840,Ordenes!$W$2:$W$840,$B10,Ordenes!$X$2:$X$840,$C10,Ordenes!$T$2:$T$840,"Válida",Ordenes!$F$2:$F$840,"Ángulo")/SUMIFS(Ordenes!$Q$2:$Q$840,Ordenes!$W$2:$W$840,$B10,Ordenes!$X$2:$X$840,$C10,Ordenes!$T$2:$T$840,"Válida",Ordenes!$F$2:$F$840,"Ángulo"),"") | H10: =IFERROR(SUMIFS(Ordenes!$P$2:$P$840,Ordenes!$W$2:$W$840,$B10,Ordenes!$X$2:$X$840,$C10,Ordenes!$T$2:$T$840,"Válida",Ordenes!$F$2:$F$840,"Cuadrado")/SUMIFS(Ordenes!$Q$2:$Q$840,Ordenes!$W$2:$W$840,$B10,Ordenes!$X$2:$X$840,$C10,Ordenes!$T$2:$T$840,"Válida",Ordenes!$F$2:$F$840,"Cuadrado"),"") | I10: =IFERROR(SUMIFS(Ordenes!$P$2:$P$840,Ordenes!$W$2:$W$840,$B10,Ordenes!$X$2:$X$840,$C10,Ordenes!$T$2:$T$840,"Válida",Ordenes!$F$2:$F$840,"Estrella")/SUMIFS(Ordenes!$Q$2:$Q$840,Ordenes!$W$2:$W$840,$B10,Ordenes!$X$2:$X$840,$C10,Ordenes!$T$2:$T$840,"Válida",Ordenes!$F$2:$F$840,"Estrella"),"") | J10: =IFERROR(SUMIFS(Ordenes!$P$2:$P$840,Ordenes!$W$2:$W$840,$B10,Ordenes!$X$2:$X$840,$C10,Ordenes!$T$2:$T$840,"Válida",Ordenes!$F$2:$F$840,"Saferock")/SUMIFS(Ordenes!$Q$2:$Q$840,Ordenes!$W$2:$W$840,$B10,Ordenes!$X$2:$X$840,$C10,Ordenes!$T$2:$T$840,"Válida",Ordenes!$F$2:$F$840,"Saferock"),"") | K10: =IFERROR(SUMIFS(Ordenes!$P$2:$P$840,Ordenes!$W$2:$W$840,$B10,Ordenes!$X$2:$X$840,$C10,Ordenes!$T$2:$T$840,"Válida",Ordenes!$F$2:$F$840,"Hexágono")/SUMIFS(Ordenes!$Q$2:$Q$840,Ordenes!$W$2:$W$840,$B10,Ordenes!$X$2:$X$840,$C10,Ordenes!$T$2:$T$840,"Válida",Ordenes!$F$2:$F$840,"Hexágono"),"") | L10: =IFERROR(SUMIFS(Ordenes!$P$2:$P$840,Ordenes!$W$2:$W$840,$B10,Ordenes!$X$2:$X$840,$C10,Ordenes!$T$2:$T$840,"Válida",Ordenes!$F$2:$F$840,"*")/SUMIFS(Ordenes!$Q$2:$Q$840,Ordenes!$W$2:$W$840,$B10,Ordenes!$X$2:$X$840,$C10,Ordenes!$T$2:$T$840,"Válida",Ordenes!$F$2:$F$840,"*"),"") | M10: =IFERROR(SUMIFS(Ordenes!$V$2:$V$840,Ordenes!$W$2:$W$840,$B10,Ordenes!$X$2:$X$840,$C10,Ordenes!$T$2:$T$840,"Válida")/SUMIFS(Ordenes!$Q$2:$Q$840,Ordenes!$W$2:$W$840,$B10,Ordenes!$X$2:$X$840,$C10,Ordenes!$T$2:$T$840,"Válida"),"") | N10: =IFERROR((L10-M10)*100,"") | O10: =SUMIFS(Ordenes!$P$2:$P$840,Ordenes!$W$2:$W$840,$B10,Ordenes!$X$2:$X$840,$C10,Ordenes!$T$2:$T$840,"Válida") | P10: =SUMIFS(Ordenes!$Q$2:$Q$840,Ordenes!$W$2:$W$840,$B10,Ordenes!$X$2:$X$840,$C10,Ordenes!$T$2:$T$840,"Válida") | Q10: =COUNTIFS(Ordenes!$W$2:$W$840,$B10,Ordenes!$X$2:$X$840,$C10,Ordenes!$T$2:$T$840,"Válida")
A11: S07 2026 (9 feb) | B11: 2026 | C11: 7 | D11: =IFERROR(SUMIFS(Ordenes!$P$2:$P$840,Ordenes!$W$2:$W$840,$B11,Ordenes!$X$2:$X$840,$C11,Ordenes!$T$2:$T$840,"Válida",Ordenes!$F$2:$F$840,"B Hormigón")/SUMIFS(Ordenes!$Q$2:$Q$840,Ordenes!$W$2:$W$840,$B11,Ordenes!$X$2:$X$840,$C11,Ordenes!$T$2:$T$840,"Válida",Ordenes!$F$2:$F$840,"B Hormigón"),"") | E11: =IFERROR(SUMIFS(Ordenes!$P$2:$P$840,Ordenes!$W$2:$W$840,$B11,Ordenes!$X$2:$X$840,$C11,Ordenes!$T$2:$T$840,"Válida",Ordenes!$F$2:$F$840,"Redondo liso")/SUMIFS(Ordenes!$Q$2:$Q$840,Ordenes!$W$2:$W$840,$B11,Ordenes!$X$2:$X$840,$C11,Ordenes!$T$2:$T$840,"Válida",Ordenes!$F$2:$F$840,"Redondo liso"),"") | F11: =IFERROR(SUMIFS(Ordenes!$P$2:$P$840,Ordenes!$W$2:$W$840,$B11,Ordenes!$X$2:$X$840,$C11,Ordenes!$T$2:$T$840,"Válida",Ordenes!$F$2:$F$840,"Plana")/SUMIFS(Ordenes!$Q$2:$Q$840,Ordenes!$W$2:$W$840,$B11,Ordenes!$X$2:$X$840,$C11,Ordenes!$T$2:$T$840,"Válida",Ordenes!$F$2:$F$840,"Plana"),"") | G11: =IFERROR(SUMIFS(Ordenes!$P$2:$P$840,Ordenes!$W$2:$W$840,$B11,Ordenes!$X$2:$X$840,$C11,Ordenes!$T$2:$T$840,"Válida",Ordenes!$F$2:$F$840,"Ángulo")/SUMIFS(Ordenes!$Q$2:$Q$840,Ordenes!$W$2:$W$840,$B11,Ordenes!$X$2:$X$840,$C11,Ordenes!$T$2:$T$840,"Válida",Ordenes!$F$2:$F$840,"Ángulo"),"") | H11: =IFERROR(SUMIFS(Ordenes!$P$2:$P$840,Ordenes!$W$2:$W$840,$B11,Ordenes!$X$2:$X$840,$C11,Ordenes!$T$2:$T$840,"Válida",Ordenes!$F$2:$F$840,"Cuadrado")/SUMIFS(Ordenes!$Q$2:$Q$840,Ordenes!$W$2:$W$840,$B11,Ordenes!$X$2:$X$840,$C11,Ordenes!$T$2:$T$840,"Válida",Ordenes!$F$2:$F$840,"Cuadrado"),"") | I11: =IFERROR(SUMIFS(Ordenes!$P$2:$P$840,Ordenes!$W$2:$W$840,$B11,Ordenes!$X$2:$X$840,$C11,Ordenes!$T$2:$T$840,"Válida",Ordenes!$F$2:$F$840,"Estrella")/SUMIFS(Ordenes!$Q$2:$Q$840,Ordenes!$W$2:$W$840,$B11,Ordenes!$X$2:$X$840,$C11,Ordenes!$T$2:$T$840,"Válida",Ordenes!$F$2:$F$840,"Estrella"),"") | J11: =IFERROR(SUMIFS(Ordenes!$P$2:$P$840,Ordenes!$W$2:$W$840,$B11,Ordenes!$X$2:$X$840,$C11,Ordenes!$T$2:$T$840,"Válida",Ordenes!$F$2:$F$840,"Saferock")/SUMIFS(Ordenes!$Q$2:$Q$840,Ordenes!$W$2:$W$840,$B11,Ordenes!$X$2:$X$840,$C11,Ordenes!$T$2:$T$840,"Válida",Ordenes!$F$2:$F$840,"Saferock"),"") | K11: =IFERROR(SUMIFS(Ordenes!$P$2:$P$840,Ordenes!$W$2:$W$840,$B11,Ordenes!$X$2:$X$840,$C11,Ordenes!$T$2:$T$840,"Válida",Ordenes!$F$2:$F$840,"Hexágono")/SUMIFS(Ordenes!$Q$2:$Q$840,Ordenes!$W$2:$W$840,$B11,Ordenes!$X$2:$X$840,$C11,Ordenes!$T$2:$T$840,"Válida",Ordenes!$F$2:$F$840,"Hexágono"),"") | L11: =IFERROR(SUMIFS(Ordenes!$P$2:$P$840,Ordenes!$W$2:$W$840,$B11,Ordenes!$X$2:$X$840,$C11,Ordenes!$T$2:$T$840,"Válida",Ordenes!$F$2:$F$840,"*")/SUMIFS(Ordenes!$Q$2:$Q$840,Ordenes!$W$2:$W$840,$B11,Ordenes!$X$2:$X$840,$C11,Ordenes!$T$2:$T$840,"Válida",Ordenes!$F$2:$F$840,"*"),"") | M11: =IFERROR(SUMIFS(Ordenes!$V$2:$V$840,Ordenes!$W$2:$W$840,$B11,Ordenes!$X$2:$X$840,$C11,Ordenes!$T$2:$T$840,"Válida")/SUMIFS(Ordenes!$Q$2:$Q$840,Ordenes!$W$2:$W$840,$B11,Ordenes!$X$2:$X$840,$C11,Ordenes!$T$2:$T$840,"Válida"),"") | N11: =IFERROR((L11-M11)*100,"") | O11: =SUMIFS(Ordenes!$P$2:$P$840,Ordenes!$W$2:$W$840,$B11,Ordenes!$X$2:$X$840,$C11,Ordenes!$T$2:$T$840,"Válida") | P11: =SUMIFS(Ordenes!$Q$2:$Q$840,Ordenes!$W$2:$W$840,$B11,Ordenes!$X$2:$X$840,$C11,Ordenes!$T$2:$T$840,"Válida") | Q11: =COUNTIFS(Ordenes!$W$2:$W$840,$B11,Ordenes!$X$2:$X$840,$C11,Ordenes!$T$2:$T$840,"Válida")
A12: S08 2026 (16 feb) | B12: 2026 | C12: 8 | D12: =IFERROR(SUMIFS(Ordenes!$P$2:$P$840,Ordenes!$W$2:$W$840,$B12,Ordenes!$X$2:$X$840,$C12,Ordenes!$T$2:$T$840,"Válida",Ordenes!$F$2:$F$840,"B Hormigón")/SUMIFS(Ordenes!$Q$2:$Q$840,Ordenes!$W$2:$W$840,$B12,Ordenes!$X$2:$X$840,$C12,Ordenes!$T$2:$T$840,"Válida",Ordenes!$F$2:$F$840,"B Hormigón"),"") | E12: =IFERROR(SUMIFS(Ordenes!$P$2:$P$840,Ordenes!$W$2:$W$840,$B12,Ordenes!$X$2:$X$840,$C12,Ordenes!$T$2:$T$840,"Válida",Ordenes!$F$2:$F$840,"Redondo liso")/SUMIFS(Ordenes!$Q$2:$Q$840,Ordenes!$W$2:$W$840,$B12,Ordenes!$X$2:$X$840,$C12,Ordenes!$T$2:$T$840,"Válida",Ordenes!$F$2:$F$840,"Redondo liso"),"") | F12: =IFERROR(SUMIFS(Ordenes!$P$2:$P$840,Ordenes!$W$2:$W$840,$B12,Ordenes!$X$2:$X$840,$C12,Ordenes!$T$2:$T$840,"Válida",Ordenes!$F$2:$F$840,"Plana")/SUMIFS(Ordenes!$Q$2:$Q$840,Ordenes!$W$2:$W$840,$B12,Ordenes!$X$2:$X$840,$C12,Ordenes!$T$2:$T$840,"Válida",Ordenes!$F$2:$F$840,"Plana"),"") | G12: =IFERROR(SUMIFS(Ordenes!$P$2:$P$840,Ordenes!$W$2:$W$840,$B12,Ordenes!$X$2:$X$840,$C12,Ordenes!$T$2:$T$840,"Válida",Ordenes!$F$2:$F$840,"Ángulo")/SUMIFS(Ordenes!$Q$2:$Q$840,Ordenes!$W$2:$W$840,$B12,Ordenes!$X$2:$X$840,$C12,Ordenes!$T$2:$T$840,"Válida",Ordenes!$F$2:$F$840,"Ángulo"),"") | H12: =IFERROR(SUMIFS(Ordenes!$P$2:$P$840,Ordenes!$W$2:$W$840,$B12,Ordenes!$X$2:$X$840,$C12,Ordenes!$T$2:$T$840,"Válida",Ordenes!$F$2:$F$840,"Cuadrado")/SUMIFS(Ordenes!$Q$2:$Q$840,Ordenes!$W$2:$W$840,$B12,Ordenes!$X$2:$X$840,$C12,Ordenes!$T$2:$T$840,"Válida",Ordenes!$F$2:$F$840,"Cuadrado"),"") | I12: =IFERROR(SUMIFS(Ordenes!$P$2:$P$840,Ordenes!$W$2:$W$840,$B12,Ordenes!$X$2:$X$840,$C12,Ordenes!$T$2:$T$840,"Válida",Ordenes!$F$2:$F$840,"Estrella")/SUMIFS(Ordenes!$Q$2:$Q$840,Ordenes!$W$2:$W$840,$B12,Ordenes!$X$2:$X$840,$C12,Ordenes!$T$2:$T$840,"Válida",Ordenes!$F$2:$F$840,"Estrella"),"") | J12: =IFERROR(SUMIFS(Ordenes!$P$2:$P$840,Ordenes!$W$2:$W$840,$B12,Ordenes!$X$2:$X$840,$C12,Ordenes!$T$2:$T$840,"Válida",Ordenes!$F$2:$F$840,"Saferock")/SUMIFS(Ordenes!$Q$2:$Q$840,Ordenes!$W$2:$W$840,$B12,Ordenes!$X$2:$X$840,$C12,Ordenes!$T$2:$T$840,"Válida",Ordenes!$F$2:$F$840,"Saferock"),"") | K12: =IFERROR(SUMIFS(Ordenes!$P$2:$P$840,Ordenes!$W$2:$W$840,$B12,Ordenes!$X$2:$X$840,$C12,Ordenes!$T$2:$T$840,"Válida",Ordenes!$F$2:$F$840,"Hexágono")/SUMIFS(Ordenes!$Q$2:$Q$840,Ordenes!$W$2:$W$840,$B12,Ordenes!$X$2:$X$840,$C12,Ordenes!$T$2:$T$840,"Válida",Ordenes!$F$2:$F$840,"Hexágono"),"") | L12: =IFERROR(SUMIFS(Ordenes!$P$2:$P$840,Ordenes!$W$2:$W$840,$B12,Ordenes!$X$2:$X$840,$C12,Ordenes!$T$2:$T$840,"Válida",Ordenes!$F$2:$F$840,"*")/SUMIFS(Ordenes!$Q$2:$Q$840,Ordenes!$W$2:$W$840,$B12,Ordenes!$X$2:$X$840,$C12,Ordenes!$T$2:$T$840,"Válida",Ordenes!$F$2:$F$840,"*"),"") | M12: =IFERROR(SUMIFS(Ordenes!$V$2:$V$840,Ordenes!$W$2:$W$840,$B12,Ordenes!$X$2:$X$840,$C12,Ordenes!$T$2:$T$840,"Válida")/SUMIFS(Ordenes!$Q$2:$Q$840,Ordenes!$W$2:$W$840,$B12,Ordenes!$X$2:$X$840,$C12,Ordenes!$T$2:$T$840,"Válida"),"") | N12: =IFERROR((L12-M12)*100,"") | O12: =SUMIFS(Ordenes!$P$2:$P$840,Ordenes!$W$2:$W$840,$B12,Ordenes!$X$2:$X$840,$C12,Ordenes!$T$2:$T$840,"Válida") | P12: =SUMIFS(Ordenes!$Q$2:$Q$840,Ordenes!$W$2:$W$840,$B12,Ordenes!$X$2:$X$840,$C12,Ordenes!$T$2:$T$840,"Válida") | Q12: =COUNTIFS(Ordenes!$W$2:$W$840,$B12,Ordenes!$X$2:$X$840,$C12,Ordenes!$T$2:$T$840,"Válida")
A13: S09 2026 (23 feb) | B13: 2026 | C13: 9 | D13: =IFERROR(SUMIFS(Ordenes!$P$2:$P$840,Ordenes!$W$2:$W$840,$B13,Ordenes!$X$2:$X$840,$C13,Ordenes!$T$2:$T$840,"Válida",Ordenes!$F$2:$F$840,"B Hormigón")/SUMIFS(Ordenes!$Q$2:$Q$840,Ordenes!$W$2:$W$840,$B13,Ordenes!$X$2:$X$840,$C13,Ordenes!$T$2:$T$840,"Válida",Ordenes!$F$2:$F$840,"B Hormigón"),"") | E13: =IFERROR(SUMIFS(Ordenes!$P$2:$P$840,Ordenes!$W$2:$W$840,$B13,Ordenes!$X$2:$X$840,$C13,Ordenes!$T$2:$T$840,"Válida",Ordenes!$F$2:$F$840,"Redondo liso")/SUMIFS(Ordenes!$Q$2:$Q$840,Ordenes!$W$2:$W$840,$B13,Ordenes!$X$2:$X$840,$C13,Ordenes!$T$2:$T$840,"Válida",Ordenes!$F$2:$F$840,"Redondo liso"),"") | F13: =IFERROR(SUMIFS(Ordenes!$P$2:$P$840,Ordenes!$W$2:$W$840,$B13,Ordenes!$X$2:$X$840,$C13,Ordenes!$T$2:$T$840,"Válida",Ordenes!$F$2:$F$840,"Plana")/SUMIFS(Ordenes!$Q$2:$Q$840,Ordenes!$W$2:$W$840,$B13,Ordenes!$X$2:$X$840,$C13,Ordenes!$T$2:$T$840,"Válida",Ordenes!$F$2:$F$840,"Plana"),"") | G13: =IFERROR(SUMIFS(Ordenes!$P$2:$P$840,Ordenes!$W$2:$W$840,$B13,Ordenes!$X$2:$X$840,$C13,Ordenes!$T$2:$T$840,"Válida",Ordenes!$F$2:$F$840,"Ángulo")/SUMIFS(Ordenes!$Q$2:$Q$840,Ordenes!$W$2:$W$840,$B13,Ordenes!$X$2:$X$840,$C13,Ordenes!$T$2:$T$840,"Válida",Ordenes!$F$2:$F$840,"Ángulo"),"") | H13: =IFERROR(SUMIFS(Ordenes!$P$2:$P$840,Ordenes!$W$2:$W$840,$B13,Ordenes!$X$2:$X$840,$C13,Ordenes!$T$2:$T$840,"Válida",Ordenes!$F$2:$F$840,"Cuadrado")/SUMIFS(Ordenes!$Q$2:$Q$840,Ordenes!$W$2:$W$840,$B13,Ordenes!$X$2:$X$840,$C13,Ordenes!$T$2:$T$840,"Válida",Ordenes!$F$2:$F$840,"Cuadrado"),"") | I13: =IFERROR(SUMIFS(Ordenes!$P$2:$P$840,Ordenes!$W$2:$W$840,$B13,Ordenes!$X$2:$X$840,$C13,Ordenes!$T$2:$T$840,"Válida",Ordenes!$F$2:$F$840,"Estrella")/SUMIFS(Ordenes!$Q$2:$Q$840,Ordenes!$W$2:$W$840,$B13,Ordenes!$X$2:$X$840,$C13,Ordenes!$T$2:$T$840,"Válida",Ordenes!$F$2:$F$840,"Estrella"),"") | J13: =IFERROR(SUMIFS(Ordenes!$P$2:$P$840,Ordenes!$W$2:$W$840,$B13,Ordenes!$X$2:$X$840,$C13,Ordenes!$T$2:$T$840,"Válida",Ordenes!$F$2:$F$840,"Saferock")/SUMIFS(Ordenes!$Q$2:$Q$840,Ordenes!$W$2:$W$840,$B13,Ordenes!$X$2:$X$840,$C13,Ordenes!$T$2:$T$840,"Válida",Ordenes!$F$2:$F$840,"Saferock"),"") | K13: =IFERROR(SUMIFS(Ordenes!$P$2:$P$840,Ordenes!$W$2:$W$840,$B13,Ordenes!$X$2:$X$840,$C13,Ordenes!$T$2:$T$840,"Válida",Ordenes!$F$2:$F$840,"Hexágono")/SUMIFS(Ordenes!$Q$2:$Q$840,Ordenes!$W$2:$W$840,$B13,Ordenes!$X$2:$X$840,$C13,Ordenes!$T$2:$T$840,"Válida",Ordenes!$F$2:$F$840,"Hexágono"),"") | L13: =IFERROR(SUMIFS(Ordenes!$P$2:$P$840,Ordenes!$W$2:$W$840,$B13,Ordenes!$X$2:$X$840,$C13,Ordenes!$T$2:$T$840,"Válida",Ordenes!$F$2:$F$840,"*")/SUMIFS(Ordenes!$Q$2:$Q$840,Ordenes!$W$2:$W$840,$B13,Ordenes!$X$2:$X$840,$C13,Ordenes!$T$2:$T$840,"Válida",Ordenes!$F$2:$F$840,"*"),"") | M13: =IFERROR(SUMIFS(Ordenes!$V$2:$V$840,Ordenes!$W$2:$W$840,$B13,Ordenes!$X$2:$X$840,$C13,Ordenes!$T$2:$T$840,"Válida")/SUMIFS(Ordenes!$Q$2:$Q$840,Ordenes!$W$2:$W$840,$B13,Ordenes!$X$2:$X$840,$C13,Ordenes!$T$2:$T$840,"Válida"),"") | N13: =IFERROR((L13-M13)*100,"") | O13: =SUMIFS(Ordenes!$P$2:$P$840,Ordenes!$W$2:$W$840,$B13,Ordenes!$X$2:$X$840,$C13,Ordenes!$T$2:$T$840,"Válida") | P13: =SUMIFS(Ordenes!$Q$2:$Q$840,Ordenes!$W$2:$W$840,$B13,Ordenes!$X$2:$X$840,$C13,Ordenes!$T$2:$T$840,"Válida") | Q13: =COUNTIFS(Ordenes!$W$2:$W$840,$B13,Ordenes!$X$2:$X$840,$C13,Ordenes!$T$2:$T$840,"Válida")
A14: S10 2026 (2 mar) | B14: 2026 | C14: 10 | D14: =IFERROR(SUMIFS(Ordenes!$P$2:$P$840,Ordenes!$W$2:$W$840,$B14,Ordenes!$X$2:$X$840,$C14,Ordenes!$T$2:$T$840,"Válida",Ordenes!$F$2:$F$840,"B Hormigón")/SUMIFS(Ordenes!$Q$2:$Q$840,Ordenes!$W$2:$W$840,$B14,Ordenes!$X$2:$X$840,$C14,Ordenes!$T$2:$T$840,"Válida",Ordenes!$F$2:$F$840,"B Hormigón"),"") | E14: =IFERROR(SUMIFS(Ordenes!$P$2:$P$840,Ordenes!$W$2:$W$840,$B14,Ordenes!$X$2:$X$840,$C14,Ordenes!$T$2:$T$840,"Válida",Ordenes!$F$2:$F$840,"Redondo liso")/SUMIFS(Ordenes!$Q$2:$Q$840,Ordenes!$W$2:$W$840,$B14,Ordenes!$X$2:$X$840,$C14,Ordenes!$T$2:$T$840,"Válida",Ordenes!$F$2:$F$840,"Redondo liso"),"") | F14: =IFERROR(SUMIFS(Ordenes!$P$2:$P$840,Ordenes!$W$2:$W$840,$B14,Ordenes!$X$2:$X$840,$C14,Ordenes!$T$2:$T$840,"Válida",Ordenes!$F$2:$F$840,"Plana")/SUMIFS(Ordenes!$Q$2:$Q$840,Ordenes!$W$2:$W$840,$B14,Ordenes!$X$2:$X$840,$C14,Ordenes!$T$2:$T$840,"Válida",Ordenes!$F$2:$F$840,"Plana"),"") | G14: =IFERROR(SUMIFS(Ordenes!$P$2:$P$840,Ordenes!$W$2:$W$840,$B14,Ordenes!$X$2:$X$840,$C14,Ordenes!$T$2:$T$840,"Válida",Ordenes!$F$2:$F$840,"Ángulo")/SUMIFS(Ordenes!$Q$2:$Q$840,Ordenes!$W$2:$W$840,$B14,Ordenes!$X$2:$X$840,$C14,Ordenes!$T$2:$T$840,"Válida",Ordenes!$F$2:$F$840,"Ángulo"),"") | H14: =IFERROR(SUMIFS(Ordenes!$P$2:$P$840,Ordenes!$W$2:$W$840,$B14,Ordenes!$X$2:$X$840,$C14,Ordenes!$T$2:$T$840,"Válida",Ordenes!$F$2:$F$840,"Cuadrado")/SUMIFS(Ordenes!$Q$2:$Q$840,Ordenes!$W$2:$W$840,$B14,Ordenes!$X$2:$X$840,$C14,Ordenes!$T$2:$T$840,"Válida",Ordenes!$F$2:$F$840,"Cuadrado"),"") | I14: =IFERROR(SUMIFS(Ordenes!$P$2:$P$840,Ordenes!$W$2:$W$840,$B14,Ordenes!$X$2:$X$840,$C14,Ordenes!$T$2:$T$840,"Válida",Ordenes!$F$2:$F$840,"Estrella")/SUMIFS(Ordenes!$Q$2:$Q$840,Ordenes!$W$2:$W$840,$B14,Ordenes!$X$2:$X$840,$C14,Ordenes!$T$2:$T$840,"Válida",Ordenes!$F$2:$F$840,"Estrella"),"") | J14: =IFERROR(SUMIFS(Ordenes!$P$2:$P$840,Ordenes!$W$2:$W$840,$B14,Ordenes!$X$2:$X$840,$C14,Ordenes!$T$2:$T$840,"Válida",Ordenes!$F$2:$F$840,"Saferock")/SUMIFS(Ordenes!$Q$2:$Q$840,Ordenes!$W$2:$W$840,$B14,Ordenes!$X$2:$X$840,$C14,Ordenes!$T$2:$T$840,"Válida",Ordenes!$F$2:$F$840,"Saferock"),"") | K14: =IFERROR(SUMIFS(Ordenes!$P$2:$P$840,Ordenes!$W$2:$W$840,$B14,Ordenes!$X$2:$X$840,$C14,Ordenes!$T$2:$T$840,"Válida",Ordenes!$F$2:$F$840,"Hexágono")/SUMIFS(Ordenes!$Q$2:$Q$840,Ordenes!$W$2:$W$840,$B14,Ordenes!$X$2:$X$840,$C14,Ordenes!$T$2:$T$840,"Válida",Ordenes!$F$2:$F$840,"Hexágono"),"") | L14: =IFERROR(SUMIFS(Ordenes!$P$2:$P$840,Ordenes!$W$2:$W$840,$B14,Ordenes!$X$2:$X$840,$C14,Ordenes!$T$2:$T$840,"Válida",Ordenes!$F$2:$F$840,"*")/SUMIFS(Ordenes!$Q$2:$Q$840,Ordenes!$W$2:$W$840,$B14,Ordenes!$X$2:$X$840,$C14,Ordenes!$T$2:$T$840,"Válida",Ordenes!$F$2:$F$840,"*"),"") | M14: =IFERROR(SUMIFS(Ordenes!$V$2:$V$840,Ordenes!$W$2:$W$840,$B14,Ordenes!$X$2:$X$840,$C14,Ordenes!$T$2:$T$840,"Válida")/SUMIFS(Ordenes!$Q$2:$Q$840,Ordenes!$W$2:$W$840,$B14,Ordenes!$X$2:$X$840,$C14,Ordenes!$T$2:$T$840,"Válida"),"") | N14: =IFERROR((L14-M14)*100,"") | O14: =SUMIFS(Ordenes!$P$2:$P$840,Ordenes!$W$2:$W$840,$B14,Ordenes!$X$2:$X$840,$C14,Ordenes!$T$2:$T$840,"Válida") | P14: =SUMIFS(Ordenes!$Q$2:$Q$840,Ordenes!$W$2:$W$840,$B14,Ordenes!$X$2:$X$840,$C14,Ordenes!$T$2:$T$840,"Válida") | Q14: =COUNTIFS(Ordenes!$W$2:$W$840,$B14,Ordenes!$X$2:$X$840,$C14,Ordenes!$T$2:$T$840,"Válida")
A15: S11 2026 (9 mar) | B15: 2026 | C15: 11 | D15: =IFERROR(SUMIFS(Ordenes!$P$2:$P$840,Ordenes!$W$2:$W$840,$B15,Ordenes!$X$2:$X$840,$C15,Ordenes!$T$2:$T$840,"Válida",Ordenes!$F$2:$F$840,"B Hormigón")/SUMIFS(Ordenes!$Q$2:$Q$840,Ordenes!$W$2:$W$840,$B15,Ordenes!$X$2:$X$840,$C15,Ordenes!$T$2:$T$840,"Válida",Ordenes!$F$2:$F$840,"B Hormigón"),"") | E15: =IFERROR(SUMIFS(Ordenes!$P$2:$P$840,Ordenes!$W$2:$W$840,$B15,Ordenes!$X$2:$X$840,$C15,Ordenes!$T$2:$T$840,"Válida",Ordenes!$F$2:$F$840,"Redondo liso")/SUMIFS(Ordenes!$Q$2:$Q$840,Ordenes!$W$2:$W$840,$B15,Ordenes!$X$2:$X$840,$C15,Ordenes!$T$2:$T$840,"Válida",Ordenes!$F$2:$F$840,"Redondo liso"),"") | F15: =IFERROR(SUMIFS(Ordenes!$P$2:$P$840,Ordenes!$W$2:$W$840,$B15,Ordenes!$X$2:$X$840,$C15,Ordenes!$T$2:$T$840,"Válida",Ordenes!$F$2:$F$840,"Plana")/SUMIFS(Ordenes!$Q$2:$Q$840,Ordenes!$W$2:$W$840,$B15,Ordenes!$X$2:$X$840,$C15,Ordenes!$T$2:$T$840,"Válida",Ordenes!$F$2:$F$840,"Plana"),"") | G15: =IFERROR(SUMIFS(Ordenes!$P$2:$P$840,Ordenes!$W$2:$W$840,$B15,Ordenes!$X$2:$X$840,$C15,Ordenes!$T$2:$T$840,"Válida",Ordenes!$F$2:$F$840,"Ángulo")/SUMIFS(Ordenes!$Q$2:$Q$840,Ordenes!$W$2:$W$840,$B15,Ordenes!$X$2:$X$840,$C15,Ordenes!$T$2:$T$840,"Válida",Ordenes!$F$2:$F$840,"Ángulo"),"") | H15: =IFERROR(SUMIFS(Ordenes!$P$2:$P$840,Ordenes!$W$2:$W$840,$B15,Ordenes!$X$2:$X$840,$C15,Ordenes!$T$2:$T$840,"Válida",Ordenes!$F$2:$F$840,"Cuadrado")/SUMIFS(Ordenes!$Q$2:$Q$840,Ordenes!$W$2:$W$840,$B15,Ordenes!$X$2:$X$840,$C15,Ordenes!$T$2:$T$840,"Válida",Ordenes!$F$2:$F$840,"Cuadrado"),"") | I15: =IFERROR(SUMIFS(Ordenes!$P$2:$P$840,Ordenes!$W$2:$W$840,$B15,Ordenes!$X$2:$X$840,$C15,Ordenes!$T$2:$T$840,"Válida",Ordenes!$F$2:$F$840,"Estrella")/SUMIFS(Ordenes!$Q$2:$Q$840,Ordenes!$W$2:$W$840,$B15,Ordenes!$X$2:$X$840,$C15,Ordenes!$T$2:$T$840,"Válida",Ordenes!$F$2:$F$840,"Estrella"),"") | J15: =IFERROR(SUMIFS(Ordenes!$P$2:$P$840,Ordenes!$W$2:$W$840,$B15,Ordenes!$X$2:$X$840,$C15,Ordenes!$T$2:$T$840,"Válida",Ordenes!$F$2:$F$840,"Saferock")/SUMIFS(Ordenes!$Q$2:$Q$840,Ordenes!$W$2:$W$840,$B15,Ordenes!$X$2:$X$840,$C15,Ordenes!$T$2:$T$840,"Válida",Ordenes!$F$2:$F$840,"Saferock"),"") | K15: =IFERROR(SUMIFS(Ordenes!$P$2:$P$840,Ordenes!$W$2:$W$840,$B15,Ordenes!$X$2:$X$840,$C15,Ordenes!$T$2:$T$840,"Válida",Ordenes!$F$2:$F$840,"Hexágono")/SUMIFS(Ordenes!$Q$2:$Q$840,Ordenes!$W$2:$W$840,$B15,Ordenes!$X$2:$X$840,$C15,Ordenes!$T$2:$T$840,"Válida",Ordenes!$F$2:$F$840,"Hexágono"),"") | L15: =IFERROR(SUMIFS(Ordenes!$P$2:$P$840,Ordenes!$W$2:$W$840,$B15,Ordenes!$X$2:$X$840,$C15,Ordenes!$T$2:$T$840,"Válida",Ordenes!$F$2:$F$840,"*")/SUMIFS(Ordenes!$Q$2:$Q$840,Ordenes!$W$2:$W$840,$B15,Ordenes!$X$2:$X$840,$C15,Ordenes!$T$2:$T$840,"Válida",Ordenes!$F$2:$F$840,"*"),"") | M15: =IFERROR(SUMIFS(Ordenes!$V$2:$V$840,Ordenes!$W$2:$W$840,$B15,Ordenes!$X$2:$X$840,$C15,Ordenes!$T$2:$T$840,"Válida")/SUMIFS(Ordenes!$Q$2:$Q$840,Ordenes!$W$2:$W$840,$B15,Ordenes!$X$2:$X$840,$C15,Ordenes!$T$2:$T$840,"Válida"),"") | N15: =IFERROR((L15-M15)*100,"") | O15: =SUMIFS(Ordenes!$P$2:$P$840,Ordenes!$W$2:$W$840,$B15,Ordenes!$X$2:$X$840,$C15,Ordenes!$T$2:$T$840,"Válida") | P15: =SUMIFS(Ordenes!$Q$2:$Q$840,Ordenes!$W$2:$W$840,$B15,Ordenes!$X$2:$X$840,$C15,Ordenes!$T$2:$T$840,"Válida") | Q15: =COUNTIFS(Ordenes!$W$2:$W$840,$B15,Ordenes!$X$2:$X$840,$C15,Ordenes!$T$2:$T$840,"Válida")
A16: S12 2026 (16 mar) | B16: 2026 | C16: 12 | D16: =IFERROR(SUMIFS(Ordenes!$P$2:$P$840,Ordenes!$W$2:$W$840,$B16,Ordenes!$X$2:$X$840,$C16,Ordenes!$T$2:$T$840,"Válida",Ordenes!$F$2:$F$840,"B Hormigón")/SUMIFS(Ordenes!$Q$2:$Q$840,Ordenes!$W$2:$W$840,$B16,Ordenes!$X$2:$X$840,$C16,Ordenes!$T$2:$T$840,"Válida",Ordenes!$F$2:$F$840,"B Hormigón"),"") | E16: =IFERROR(SUMIFS(Ordenes!$P$2:$P$840,Ordenes!$W$2:$W$840,$B16,Ordenes!$X$2:$X$840,$C16,Ordenes!$T$2:$T$840,"Válida",Ordenes!$F$2:$F$840,"Redondo liso")/SUMIFS(Ordenes!$Q$2:$Q$840,Ordenes!$W$2:$W$840,$B16,Ordenes!$X$2:$X$840,$C16,Ordenes!$T$2:$T$840,"Válida",Ordenes!$F$2:$F$840,"Redondo liso"),"") | F16: =IFERROR(SUMIFS(Ordenes!$P$2:$P$840,Ordenes!$W$2:$W$840,$B16,Ordenes!$X$2:$X$840,$C16,Ordenes!$T$2:$T$840,"Válida",Ordenes!$F$2:$F$840,"Plana")/SUMIFS(Ordenes!$Q$2:$Q$840,Ordenes!$W$2:$W$840,$B16,Ordenes!$X$2:$X$840,$C16,Ordenes!$T$2:$T$840,"Válida",Ordenes!$F$2:$F$840,"Plana"),"") | G16: =IFERROR(SUMIFS(Ordenes!$P$2:$P$840,Ordenes!$W$2:$W$840,$B16,Ordenes!$X$2:$X$840,$C16,Ordenes!$T$2:$T$840,"Válida",Ordenes!$F$2:$F$840,"Ángulo")/SUMIFS(Ordenes!$Q$2:$Q$840,Ordenes!$W$2:$W$840,$B16,Ordenes!$X$2:$X$840,$C16,Ordenes!$T$2:$T$840,"Válida",Ordenes!$F$2:$F$840,"Ángulo"),"") | H16: =IFERROR(SUMIFS(Ordenes!$P$2:$P$840,Ordenes!$W$2:$W$840,$B16,Ordenes!$X$2:$X$840,$C16,Ordenes!$T$2:$T$840,"Válida",Ordenes!$F$2:$F$840,"Cuadrado")/SUMIFS(Ordenes!$Q$2:$Q$840,Ordenes!$W$2:$W$840,$B16,Ordenes!$X$2:$X$840,$C16,Ordenes!$T$2:$T$840,"Válida",Ordenes!$F$2:$F$840,"Cuadrado"),"") | I16: =IFERROR(SUMIFS(Ordenes!$P$2:$P$840,Ordenes!$W$2:$W$840,$B16,Ordenes!$X$2:$X$840,$C16,Ordenes!$T$2:$T$840,"Válida",Ordenes!$F$2:$F$840,"Estrella")/SUMIFS(Ordenes!$Q$2:$Q$840,Ordenes!$W$2:$W$840,$B16,Ordenes!$X$2:$X$840,$C16,Ordenes!$T$2:$T$840,"Válida",Ordenes!$F$2:$F$840,"Estrella"),"") | J16: =IFERROR(SUMIFS(Ordenes!$P$2:$P$840,Ordenes!$W$2:$W$840,$B16,Ordenes!$X$2:$X$840,$C16,Ordenes!$T$2:$T$840,"Válida",Ordenes!$F$2:$F$840,"Saferock")/SUMIFS(Ordenes!$Q$2:$Q$840,Ordenes!$W$2:$W$840,$B16,Ordenes!$X$2:$X$840,$C16,Ordenes!$T$2:$T$840,"Válida",Ordenes!$F$2:$F$840,"Saferock"),"") | K16: =IFERROR(SUMIFS(Ordenes!$P$2:$P$840,Ordenes!$W$2:$W$840,$B16,Ordenes!$X$2:$X$840,$C16,Ordenes!$T$2:$T$840,"Válida",Ordenes!$F$2:$F$840,"Hexágono")/SUMIFS(Ordenes!$Q$2:$Q$840,Ordenes!$W$2:$W$840,$B16,Ordenes!$X$2:$X$840,$C16,Ordenes!$T$2:$T$840,"Válida",Ordenes!$F$2:$F$840,"Hexágono"),"") | L16: =IFERROR(SUMIFS(Ordenes!$P$2:$P$840,Ordenes!$W$2:$W$840,$B16,Ordenes!$X$2:$X$840,$C16,Ordenes!$T$2:$T$840,"Válida",Ordenes!$F$2:$F$840,"*")/SUMIFS(Ordenes!$Q$2:$Q$840,Ordenes!$W$2:$W$840,$B16,Ordenes!$X$2:$X$840,$C16,Ordenes!$T$2:$T$840,"Válida",Ordenes!$F$2:$F$840,"*"),"") | M16: =IFERROR(SUMIFS(Ordenes!$V$2:$V$840,Ordenes!$W$2:$W$840,$B16,Ordenes!$X$2:$X$840,$C16,Ordenes!$T$2:$T$840,"Válida")/SUMIFS(Ordenes!$Q$2:$Q$840,Ordenes!$W$2:$W$840,$B16,Ordenes!$X$2:$X$840,$C16,Ordenes!$T$2:$T$840,"Válida"),"") | N16: =IFERROR((L16-M16)*100,"") | O16: =SUMIFS(Ordenes!$P$2:$P$840,Ordenes!$W$2:$W$840,$B16,Ordenes!$X$2:$X$840,$C16,Ordenes!$T$2:$T$840,"Válida") | P16: =SUMIFS(Ordenes!$Q$2:$Q$840,Ordenes!$W$2:$W$840,$B16,Ordenes!$X$2:$X$840,$C16,Ordenes!$T$2:$T$840,"Válida") | Q16: =COUNTIFS(Ordenes!$W$2:$W$840,$B16,Ordenes!$X$2:$X$840,$C16,Ordenes!$T$2:$T$840,"Válida")
