Workbook

Sheet Inicio
A1: Control de rendimiento metálico — plantilla
A3: Indicadores del año (Parámetros!B4)
A4: Rendimiento metálico | B4: ='Resumen mensual'!E18
A5: Meta ponderada | B5: ='Resumen mensual'!F18
A6: Brecha | B6: ='Resumen mensual'!G18
A7: Kg faltantes vs meta | B7: ='Resumen mensual'!H18 -> 0
A8: Pérdidas SAP (kg) | B8: ='Resumen mensual'!S18 -> 0
A9: Delta no explicado (kg) | B9: ='Resumen mensual'!T18 -> 0
A10: Delta / consumo | B10: ='Resumen mensual'!U18
A11: Órdenes registradas | B11: ='Resumen mensual'!B18 -> 0
A12: Órdenes bajo meta | B12: ='Resumen mensual'!I18 -> 0
A13: Órdenes con error o balance a revisar | B13: =COUNTIF(Registro!$AJ$6:$AJ$1005,"Error*")+COUNTIF(Registro!$AJ$6:$AJ$1005,"Revisar balance") -> 0
A14: Acciones abiertas con atraso | B14: =COUNTIF('Plan de acción'!R5:R204,">0") -> 0
A17: Cómo usar
A18: 1. Parámetros: fije el año, la meta general, las metas por grupo, el % de oxidación y la tolerancia del delta.
A19: 2. Registro: ingrese una fila por orden al cierre de cada turno o campaña (celdas amarillas). La fila 6 es un ejemplo: reemplácela.
A20: 3. Revise la columna Estado: 'Error', 'Revisar balance' y 'Falta registrar pérdidas' son problemas de dato; 'Bajo meta' es un problema de proceso y debe llevar Hecho, Causa y Acción.
A21: 4. Resumen mensual, Carta semanal y Pareto se actualizan solos.
A22: 5. Semanalmente: lea la carta, tome los ítems 'Prioridad (80 %)' del Pareto y abra acciones en Plan de acción.
A23: 6. Cierre cada acción comparando el rendimiento antes/después del mismo producto (columna Mejora).
A25: Leyenda
A26: Ejemplo | B26: Dato a ingresar (texto azul, fondo amarillo)
A27: Ejemplo | B27: Encabezado de columna calculada: no escribir
A28: Ejemplo | B28: Texto verde: valor traído de otra hoja
A29: Ejemplo | B29: Bajo meta / fuera de control / atrasada
A30: Ejemplo | B30: Dato a revisar (balance, tendencia)
A31: Ejemplo | B31: Cumple
A33: Hojas
A34: Registro | B34: Base por orden: producción, consumo, pérdidas por etapa, balance y análisis.
A35: Resumen mensual | B35: Rendimiento, meta, kg faltantes y pérdidas por tipo por mes; rendimiento grupo × mes.
A36: Carta semanal | B36: Carta I-MR con LC, LSC, LIC, meta y señales de fuera de control o tendencia.
A37: Pareto | B37: Pérdidas por tipo, kg faltantes por causa y por grupo, con el 80 % prioritario.
A38: Plan de acción | B38: Seguimiento de acciones, atraso y verificación de eficacia.
A39: Guía de control | B39: Qué medir, cómo leer los indicadores y rutina de control.
A40: Parámetros | B40: Metas, supuestos y listas desplegables.

Sheet Registro
A1: Registro de rendimiento metálico por orden
A2: Una fila por orden de laminación. Amarillo = dato a ingresar; gris = fórmula (no editar). Pérdidas en kg. La fila 6 es un ejemplo (orden 1008027, noviembre 2010): reemplácela.
A3: Balance: Pérdidas SAP = Consumo − Producción. Delta = Pérdidas SAP − Pérdidas medidas (T1…Cobles + Oxidación). Un delta grande indica pérdidas que no se están pesando o registrando.
A4: IDENTIFICACIÓN | L4: PRODUCCIÓN | T4: PÉRDIDAS MEDIDAS (kg) | AE4: BALANCE | AK4: ANÁLISIS DE LA DESVIACIÓN
A5: Fecha | B5: Año ISO | C5: Semana ISO | D5: Mes | E5: Turno | F5: Orden | G5: Código | H5: Material | I5: Grupo | J5: Largo palanquilla (m) | K5: N° palanquillas | L5: Horas | M5: Consumo (kg) | N5: Producción (kg) | O5: Rend. metálico | P5: Meta | Q5: Brecha vs meta | R5: Kg faltantes vs meta | S5: Productividad (t/h) | T5: T1 (kg) | U5: T2 (kg) | V5: T3 (kg) | W5: T4 (kg) | X5: Fuera de medida (kg) | Y5: Corto T4 (kg) | Z5: Cobles / barras perdidas (kg) | AA5: N° barras perdidas | AB5: Oxidación medida (kg) | AC5: Oxidación usada (kg) | AD5: Pérdidas medidas (kg) | AE5: Pérdidas SAP (kg) | AF5: Delta no explicado (kg) | AG5: Delta / consumo | AH5: Pérdidas (kg/t prod.) | AI5: aux: consumo × meta | AJ5: Estado | AK5: Hecho (qué pasó) | AL5: Causa (categoría) | AM5: Causa (detalle) | AN5: Acción | AO5: Responsable
A6: 40484 | B6: =IF(A6="","",YEAR(A6-WEEKDAY(A6,2)+4)) -> 2010 | C6: =IF(A6="","",WEEKNUM(A6,21)) -> 44 | D6: =IF(A6="","",DATE(YEAR(A6),MONTH(A6),1)) -> 40483 | E6: A | F6: 1008027 | G6: 3027 | H6: Plana 50x06 mm 6 m Comercial (N) | I6: Plana | J6: 3.2 | K6: 356 | L6: 8.23 | M6: 139814 | N6: 131826 | O6: =IF(OR(M6="",M6=0,N6=""),"",N6/M6) -> 0.94286695 | P6: =IF(M6="","",IFERROR(IF(INDEX(Parámetros!$B$14:$B$21,MATCH(I6,Parámetros!$A$14:$A$21,0))="",Parámetros!$B$5,INDEX(Parámetros!$B$14:$B$21,MATCH(I6,Parámetros!$A$14:$A$21,0))),Parámetros!$B$5)) -> 0.9609 | Q6: =IF(O6="","",(O6-P6)*100) -> -1.8033048 | R6: =IF(O6="","",MAX(0,M6*(P6-O6))) -> 2521.2726 | S6: =IF(OR(L6="",L6=0,N6=""),"",N6/1000/L6) -> 16.01774 | T6: 2000 | U6: 395 | V6: 0 | W6: 1140 | X6: 0 | Y6: 1730 | Z6: 390 | AA6: 1 | AC6: =IF(M6="","",IF(AB6="",M6*Parámetros!$B$6,AB6)) -> 2796.28 | AD6: =IF(M6="","",SUM(T6:Z6)+AC6) -> 8451.28 | AE6: =IF(OR(M6="",N6=""),"",M6-N6) -> 7988 | AF6: =IF(AE6="","",AE6-AD6) -> -463.28 | AG6: =IF(OR(AF6="",M6=0),"",AF6/M6) -> -0.0033135451 | AH6: =IF(OR(AE6="",N6=0),"",AE6/(N6/1000)) -> 60.595027 | AI6: =IF(O6="","",M6*P6) -> 134347.27 | AJ6: =IF(O6="","",IF(O6>1,"Error: rend > 100 %",IF(SUM(T6:Z6)=0,"Falta registrar pérdidas",IF(ABS(AG6)>Parámetros!$B$7,"Revisar balance",IF(O6<P6,"Bajo meta","OK"))))) -> Bajo meta | AK6: Cobles (trozo de coble y barra de sacrificio) | AL6: Eléctrico / instrumentación | AM6: HMD A5-A6 pierde señal | AN6: Chequear señales de fotoceldas y HMD, graficar en IBA | AO6: Jefe de turno
B7: =IF(A7="","",YEAR(A7-WEEKDAY(A7,2)+4)) | C7: =IF(A7="","",WEEKNUM(A7,21)) | D7: =IF(A7="","",DATE(YEAR(A7),MONTH(A7),1)) | O7: =IF(OR(M7="",M7=0,N7=""),"",N7/M7) | P7: =IF(M7="","",IFERROR(IF(INDEX(Parámetros!$B$14:$B$21,MATCH(I7,Parámetros!$A$14:$A$21,0))="",Parámetros!$B$5,INDEX(Parámetros!$B$14:$B$21,MATCH(I7,Parámetros!$A$14:$A$21,0))),Parámetros!$B$5)) | Q7: =IF(O7="","",(O7-P7)*100) | R7: =IF(O7="","",MAX(0,M7*(P7-O7))) | S7: =IF(OR(L7="",L7=0,N7=""),"",N7/1000/L7) | AC7: =IF(M7="","",IF(AB7="",M7*Parámetros!$B$6,AB7)) | AD7: =IF(M7="","",SUM(T7:Z7)+AC7) | AE7: =IF(OR(M7="",N7=""),"",M7-N7) | AF7: =IF(AE7="","",AE7-AD7) | AG7: =IF(OR(AF7="",M7=0),"",AF7/M7) | AH7: =IF(OR(AE7="",N7=0),"",AE7/(N7/1000)) | AI7: =IF(O7="","",M7*P7) | AJ7: =IF(O7="","",IF(O7>1,"Error: rend > 100 %",IF(SUM(T7:Z7)=0,"Falta registrar pérdidas",IF(ABS(AG7)>Parámetros!$B$7,"Revisar balance",IF(O7<P7,"Bajo meta","OK")))))
B8: =IF(A8="","",YEAR(A8-WEEKDAY(A8,2)+4)) | C8: =IF(A8="","",WEEKNUM(A8,21)) | D8: =IF(A8="","",DATE(YEAR(A8),MONTH(A8),1)) | O8: =IF(OR(M8="",M8=0,N8=""),"",N8/M8) | P8: =IF(M8="","",IFERROR(IF(INDEX(Parámetros!$B$14:$B$21,MATCH(I8,Parámetros!$A$14:$A$21,0))="",Parámetros!$B$5,INDEX(Parámetros!$B$14:$B$21,MATCH(I8,Parámetros!$A$14:$A$21,0))),Parámetros!$B$5)) | Q8: =IF(O8="","",(O8-P8)*100) | R8: =IF(O8="","",MAX(0,M8*(P8-O8))) | S8: =IF(OR(L8="",L8=0,N8=""),"",N8/1000/L8) | AC8: =IF(M8="","",IF(AB8="",M8*Parámetros!$B$6,AB8)) | AD8: =IF(M8="","",SUM(T8:Z8)+AC8) | AE8: =IF(OR(M8="",N8=""),"",M8-N8) | AF8: =IF(AE8="","",AE8-AD8) | AG8: =IF(OR(AF8="",M8=0),"",AF8/M8) | AH8: =IF(OR(AE8="",N8=0),"",AE8/(N8/1000)) | AI8: =IF(O8="","",M8*P8) | AJ8: =IF(O8="","",IF(O8>1,"Error: rend > 100 %",IF(SUM(T8:Z8)=0,"Falta registrar pérdidas",IF(ABS(AG8)>Parámetros!$B$7,"Revisar balance",IF(O8<P8,"Bajo meta","OK")))))
B9: =IF(A9="","",YEAR(A9-WEEKDAY(A9,2)+4)) | C9: =IF(A9="","",WEEKNUM(A9,21)) | D9: =IF(A9="","",DATE(YEAR(A9),MONTH(A9),1)) | O9: =IF(OR(M9="",M9=0,N9=""),"",N9/M9) | P9: =IF(M9="","",IFERROR(IF(INDEX(Parámetros!$B$14:$B$21,MATCH(I9,Parámetros!$A$14:$A$21,0))="",Parámetros!$B$5,INDEX(Parámetros!$B$14:$B$21,MATCH(I9,Parámetros!$A$14:$A$21,0))),Parámetros!$B$5)) | Q9: =IF(O9="","",(O9-P9)*100) | R9: =IF(O9="","",MAX(0,M9*(P9-O9))) | S9: =IF(OR(L9="",L9=0,N9=""),"",N9/1000/L9) | AC9: =IF(M9="","",IF(AB9="",M9*Parámetros!$B$6,AB9)) | AD9: =IF(M9="","",SUM(T9:Z9)+AC9) | AE9: =IF(OR(M9="",N9=""),"",M9-N9) | AF9: =IF(AE9="","",AE9-AD9) | AG9: =IF(OR(AF9="",M9=0),"",AF9/M9) | AH9: =IF(OR(AE9="",N9=0),"",AE9/(N9/1000)) | AI9: =IF(O9="","",M9*P9) | AJ9: =IF(O9="","",IF(O9>1,"Error: rend > 100 %",IF(SUM(T9:Z9)=0,"Falta registrar pérdidas",IF(ABS(AG9)>Parámetros!$B$7,"Revisar balance",IF(O9<P9,"Bajo meta","OK")))))
B10: =IF(A10="","",YEAR(A10-WEEKDAY(A10,2)+4)) | C10: =IF(A10="","",WEEKNUM(A10,21)) | D10: =IF(A10="","",DATE(YEAR(A10),MONTH(A10),1)) | O10: =IF(OR(M10="",M10=0,N10=""),"",N10/M10) | P10: =IF(M10="","",IFERROR(IF(INDEX(Parámetros!$B$14:$B$21,MATCH(I10,Parámetros!$A$14:$A$21,0))="",Parámetros!$B$5,INDEX(Parámetros!$B$14:$B$21,MATCH(I10,Parámetros!$A$14:$A$21,0))),Parámetros!$B$5)) | Q10: =IF(O10="","",(O10-P10)*100) | R10: =IF(O10="","",MAX(0,M10*(P10-O10))) | S10: =IF(OR(L10="",L10=0,N10=""),"",N10/1000/L10) | AC10: =IF(M10="","",IF(AB10="",M10*Parámetros!$B$6,AB10)) | AD10: =IF(M10="","",SUM(T10:Z10)+AC10) | AE10: =IF(OR(M10="",N10=""),"",M10-N10) | AF10: =IF(AE10="","",AE10-AD10) | AG10: =IF(OR(AF10="",M10=0),"",AF10/M10) | AH10: =IF(OR(AE10="",N10=0),"",AE10/(N10/1000)) | AI10: =IF(O10="","",M10*P10) | AJ10: =IF(O10="","",IF(O10>1,"Error: rend > 100 %",IF(SUM(T10:Z10)=0,"Falta registrar pérdidas",IF(ABS(AG10)>Parámetros!$B$7,"Revisar balance",IF(O10<P10,"Bajo meta","OK")))))
B11: =IF(A11="","",YEAR(A11-WEEKDAY(A11,2)+4)) | C11: =IF(A11="","",WEEKNUM(A11,21)) | D11: =IF(A11="","",DATE(YEAR(A11),MONTH(A11),1)) | O11: =IF(OR(M11="",M11=0,N11=""),"",N11/M11) | P11: =IF(M11="","",IFERROR(IF(INDEX(Parámetros!$B$14:$B$21,MATCH(I11,Parámetros!$A$14:$A$21,0))="",Parámetros!$B$5,INDEX(Parámetros!$B$14:$B$21,MATCH(I11,Parámetros!$A$14:$A$21,0))),Parámetros!$B$5)) | Q11: =IF(O11="","",(O11-P11)*100) | R11: =IF(O11="","",MAX(0,M11*(P11-O11))) | S11: =IF(OR(L11="",L11=0,N11=""),"",N11/1000/L11) | AC11: =IF(M11="","",IF(AB11="",M11*Parámetros!$B$6,AB11)) | AD11: =IF(M11="","",SUM(T11:Z11)+AC11) | AE11: =IF(OR(M11="",N11=""),"",M11-N11) | AF11: =IF(AE11="","",AE11-AD11) | AG11: =IF(OR(AF11="",M11=0),"",AF11/M11) | AH11: =IF(OR(AE11="",N11=0),"",AE11/(N11/1000)) | AI11: =IF(O11="","",M11*P11) | AJ11: =IF(O11="","",IF(O11>1,"Error: rend > 100 %",IF(SUM(T11:Z11)=0,"Falta registrar pérdidas",IF(ABS(AG11)>Parámetros!$B$7,"Revisar balance",IF(O11<P11,"Bajo meta","OK")))))
B12: =IF(A12="","",YEAR(A12-WEEKDAY(A12,2)+4)) | C12: =IF(A12="","",WEEKNUM(A12,21)) | D12: =IF(A12="","",DATE(YEAR(A12),MONTH(A12),1)) | O12: =IF(OR(M12="",M12=0,N12=""),"",N12/M12) | P12: =IF(M12="","",IFERROR(IF(INDEX(Parámetros!$B$14:$B$21,MATCH(I12,Parámetros!$A$14:$A$21,0))="",Parámetros!$B$5,INDEX(Parámetros!$B$14:$B$21,MATCH(I12,Parámetros!$A$14:$A$21,0))),Parámetros!$B$5)) | Q12: =IF(O12="","",(O12-P12)*100) | R12: =IF(O12="","",MAX(0,M12*(P12-O12))) | S12: =IF(OR(L12="",L12=0,N12=""),"",N12/1000/L12) | AC12: =IF(M12="","",IF(AB12="",M12*Parámetros!$B$6,AB12)) | AD12: =IF(M12="","",SUM(T12:Z12)+AC12) | AE12: =IF(OR(M12="",N12=""),"",M12-N12) | AF12: =IF(AE12="","",AE12-AD12) | AG12: =IF(OR(AF12="",M12=0),"",AF12/M12) | AH12: =IF(OR(AE12="",N12=0),"",AE12/(N12/1000)) | AI12: =IF(O12="","",M12*P12) | AJ12: =IF(O12="","",IF(O12>1,"Error: rend > 100 %",IF(SUM(T12:Z12)=0,"Falta registrar pérdidas",IF(ABS(AG12)>Parámetros!$B$7,"Revisar balance",IF(O12<P12,"Bajo meta","OK")))))
B13: =IF(A13="","",YEAR(A13-WEEKDAY(A13,2)+4)) | C13: =IF(A13="","",WEEKNUM(A13,21)) | D13: =IF(A13="","",DATE(YEAR(A13),MONTH(A13),1)) | O13: =IF(OR(M13="",M13=0,N13=""),"",N13/M13) | P13: =IF(M13="","",IFERROR(IF(INDEX(Parámetros!$B$14:$B$21,MATCH(I13,Parámetros!$A$14:$A$21,0))="",Parámetros!$B$5,INDEX(Parámetros!$B$14:$B$21,MATCH(I13,Parámetros!$A$14:$A$21,0))),Parámetros!$B$5)) | Q13: =IF(O13="","",(O13-P13)*100) | R13: =IF(O13="","",MAX(0,M13*(P13-O13))) | S13: =IF(OR(L13="",L13=0,N13=""),"",N13/1000/L13) | AC13: =IF(M13="","",IF(AB13="",M13*Parámetros!$B$6,AB13)) | AD13: =IF(M13="","",SUM(T13:Z13)+AC13) | AE13: =IF(OR(M13="",N13=""),"",M13-N13) | AF13: =IF(AE13="","",AE13-AD13) | AG13: =IF(OR(AF13="",M13=0),"",AF13/M13) | AH13: =IF(OR(AE13="",N13=0),"",AE13/(N13/1000)) | AI13: =IF(O13="","",M13*P13) | AJ13: =IF(O13="","",IF(O13>1,"Error: rend > 100 %",IF(SUM(T13:Z13)=0,"Falta registrar pérdidas",IF(ABS(AG13)>Parámetros!$B$7,"Revisar balance",IF(O13<P13,"Bajo meta","OK")))))
B14: =IF(A14="","",YEAR(A14-WEEKDAY(A14,2)+4)) | C14: =IF(A14="","",WEEKNUM(A14,21)) | D14: =IF(A14="","",DATE(YEAR(A14),MONTH(A14),1)) | O14: =IF(OR(M14="",M14=0,N14=""),"",N14/M14) | P14: =IF(M14="","",IFERROR(IF(INDEX(Parámetros!$B$14:$B$21,MATCH(I14,Parámetros!$A$14:$A$21,0))="",Parámetros!$B$5,INDEX(Parámetros!$B$14:$B$21,MATCH(I14,Parámetros!$A$14:$A$21,0))),Parámetros!$B$5)) | Q14: =IF(O14="","",(O14-P14)*100) | R14: =IF(O14="","",MAX(0,M14*(P14-O14))) | S14: =IF(OR(L14="",L14=0,N14=""),"",N14/1000/L14) | AC14: =IF(M14="","",IF(AB14="",M14*Parámetros!$B$6,AB14)) | AD14: =IF(M14="","",SUM(T14:Z14)+AC14) | AE14: =IF(OR(M14="",N14=""),"",M14-N14) | AF14: =IF(AE14="","",AE14-AD14) | AG14: =IF(OR(AF14="",M14=0),"",AF14/M14) | AH14: =IF(OR(AE14="",N14=0),"",AE14/(N14/1000)) | AI14: =IF(O14="","",M14*P14) | AJ14: =IF(O14="","",IF(O14>1,"Error: rend > 100 %",IF(SUM(T14:Z14)=0,"Falta registrar pérdidas",IF(ABS(AG14)>Parámetros!$B$7,"Revisar balance",IF(O14<P14,"Bajo meta","OK")))))
B15: =IF(A15="","",YEAR(A15-WEEKDAY(A15,2)+4)) | C15: =IF(A15="","",WEEKNUM(A15,21)) | D15: =IF(A15="","",DATE(YEAR(A15),MONTH(A15),1)) | O15: =IF(OR(M15="",M15=0,N15=""),"",N15/M15) | P15: =IF(M15="","",IFERROR(IF(INDEX(Parámetros!$B$14:$B$21,MATCH(I15,Parámetros!$A$14:$A$21,0))="",Parámetros!$B$5,INDEX(Parámetros!$B$14:$B$21,MATCH(I15,Parámetros!$A$14:$A$21,0))),Parámetros!$B$5)) | Q15: =IF(O15="","",(O15-P15)*100) | R15: =IF(O15="","",MAX(0,M15*(P15-O15))) | S15: =IF(OR(L15="",L15=0,N15=""),"",N15/1000/L15) | AC15: =IF(M15="","",IF(AB15="",M15*Parámetros!$B$6,AB15)) | AD15: =IF(M15="","",SUM(T15:Z15)+AC15) | AE15: =IF(OR(M15="",N15=""),"",M15-N15) | AF15: =IF(AE15="","",AE15-AD15) | AG15: =IF(OR(AF15="",M15=0),"",AF15/M15) | AH15: =IF(OR(AE15="",N15=0),"",AE15/(N15/1000)) | AI15: =IF(O15="","",M15*P15) | AJ15: =IF(O15="","",IF(O15>1,"Error: rend > 100 %",IF(SUM(T15:Z15)=0,"Falta registrar pérdidas",IF(ABS(AG15)>Parámetros!$B$7,"Revisar balance",IF(O15<P15,"Bajo meta","OK")))))
B16: =IF(A16="","",YEAR(A16-WEEKDAY(A16,2)+4)) | C16: =IF(A16="","",WEEKNUM(A16,21)) | D16: =IF(A16="","",DATE(YEAR(A16),MONTH(A16),1)) | O16: =IF(OR(M16="",M16=0,N16=""),"",N16/M16) | P16: =IF(M16="","",IFERROR(IF(INDEX(Parámetros!$B$14:$B$21,MATCH(I16,Parámetros!$A$14:$A$21,0))="",Parámetros!$B$5,INDEX(Parámetros!$B$14:$B$21,MATCH(I16,Parámetros!$A$14:$A$21,0))),Parámetros!$B$5)) | Q16: =IF(O16="","",(O16-P16)*100) | R16: =IF(O16="","",MAX(0,M16*(P16-O16))) | S16: =IF(OR(L16="",L16=0,N16=""),"",N16/1000/L16) | AC16: =IF(M16="","",IF(AB16="",M16*Parámetros!$B$6,AB16)) | AD16: =IF(M16="","",SUM(T16:Z16)+AC16) | AE16: =IF(OR(M16="",N16=""),"",M16-N16) | AF16: =IF(AE16="","",AE16-AD16) | AG16: =IF(OR(AF16="",M16=0),"",AF16/M16) | AH16: =IF(OR(AE16="",N16=0),"",AE16/(N16/1000)) | AI16: =IF(O16="","",M16*P16) | AJ16: =IF(O16="","",IF(O16>1,"Error: rend > 100 %",IF(SUM(T16:Z16)=0,"Falta registrar pérdidas",IF(ABS(AG16)>Parámetros!$B$7,"Revisar balance",IF(O16<P16,"Bajo meta","OK")))))
B17: =IF(A17="","",YEAR(A17-WEEKDAY(A17,2)+4)) | C17: =IF(A17="","",WEEKNUM(A17,21)) | D17: =IF(A17="","",DATE(YEAR(A17),MONTH(A17),1)) | O17: =IF(OR(M17="",M17=0,N17=""),"",N17/M17) | P17: =IF(M17="","",IFERROR(IF(INDEX(Parámetros!$B$14:$B$21,MATCH(I17,Parámetros!$A$14:$A$21,0))="",Parámetros!$B$5,INDEX(Parámetros!$B$14:$B$21,MATCH(I17,Parámetros!$A$14:$A$21,0))),Parámetros!$B$5)) | Q17: =IF(O17="","",(O17-P17)*100) | R17: =IF(O17="","",MAX(0,M17*(P17-O17))) | S17: =IF(OR(L17="",L17=0,N17=""),"",N17/1000/L17) | AC17: =IF(M17="","",IF(AB17="",M17*Parámetros!$B$6,AB17)) | AD17: =IF(M17="","",SUM(T17:Z17)+AC17) | AE17: =IF(OR(M17="",N17=""),"",M17-N17) | AF17: =IF(AE17="","",AE17-AD17) | AG17: =IF(OR(AF17="",M17=0),"",AF17/M17) | AH17: =IF(OR(AE17="",N17=0),"",AE17/(N17/1000)) | AI17: =IF(O17="","",M17*P17) | AJ17: =IF(O17="","",IF(O17>1,"Error: rend > 100 %",IF(SUM(T17:Z17)=0,"Falta registrar pérdidas",IF(ABS(AG17)>Parámetros!$B$7,"Revisar balance",IF(O17<P17,"Bajo meta","OK")))))
B18: =IF(A18="","",YEAR(A18-WEEKDAY(A18,2)+4)) | C18: =IF(A18="","",WEEKNUM(A18,21)) | D18: =IF(A18="","",DATE(YEAR(A18),MONTH(A18),1)) | O18: =IF(OR(M18="",M18=0,N18=""),"",N18/M18) | P18: =IF(M18="","",IFERROR(IF(INDEX(Parámetros!$B$14:$B$21,MATCH(I18,Parámetros!$A$14:$A$21,0))="",Parámetros!$B$5,INDEX(Parámetros!$B$14:$B$21,MATCH(I18,Parámetros!$A$14:$A$21,0))),Parámetros!$B$5)) | Q18: =IF(O18="","",(O18-P18)*100) | R18: =IF(O18="","",MAX(0,M18*(P18-O18))) | S18: =IF(OR(L18="",L18=0,N18=""),"",N18/1000/L18) | AC18: =IF(M18="","",IF(AB18="",M18*Parámetros!$B$6,AB18)) | AD18: =IF(M18="","",SUM(T18:Z18)+AC18) | AE18: =IF(OR(M18="",N18=""),"",M18-N18) | AF18: =IF(AE18="","",AE18-AD18) | AG18: =IF(OR(AF18="",M18=0),"",AF18/M18) | AH18: =IF(OR(AE18="",N18=0),"",AE18/(N18/1000)) | AI18: =IF(O18="","",M18*P18) | AJ18: =IF(O18="","",IF(O18>1,"Error: rend > 100 %",IF(SUM(T18:Z18)=0,"Falta registrar pérdidas",IF(ABS(AG18)>Parámetros!$B$7,"Revisar balance",IF(O18<P18,"Bajo meta","OK")))))
... B1005: =IF(A1005="","",YEAR(A1005-WEEKDAY(A1005,2)+4)) | C1005: =IF(A1005="","",WEEKNUM(A1005,21)) | D1005: =IF(A1005="","",DATE(YEAR(A1005),MONTH(A1005),1)) | O1005: =IF(OR(M1005="",M1005=0,N1005=""),"",N1005/M1005) | P1005: =IF(M1005="","",IFERROR(IF(INDEX(Parámetros!$B$14:$B$21,MATCH(I1005,Parámetros!$A$14:$A$21,0))="",Parámetros!$B$5,INDEX(Parámetros!$B$14:$B$21,MATCH(I1005,Parámetros!$A$14:$A$21,0))),Parámetros!$B$5)) | Q1005: =IF(O1005="","",(O1005-P1005)*100) | R1005: =IF(O1005="","",MAX(0,M1005*(P1005-O1005))) | S1005: =IF(OR(L1005="",L1005=0,N1005=""),"",N1005/1000/L1005) | AC1005: =IF(M1005="","",IF(AB1005="",M1005*Parámetros!$B$6,AB1005)) | AD1005: =IF(M1005="","",SUM(T1005:Z1005)+AC1005) | AE1005: =IF(OR(M1005="",N1005=""),"",M1005-N1005) | AF1005: =IF(AE1005="","",AE1005-AD1005) | AG1005: =IF(OR(AF1005="",M1005=0),"",AF1005/M1005) | AH1005: =IF(OR(AE1005="",N1005=0),"",AE1005/(N1005/1000)) | AI1005: =IF(O1005="","",M1005*P1005) | AJ1005: =IF(O1005="","",IF(O1005>1,"Error: rend > 100 %",IF(SUM(T1005:Z1005)=0,"Falta registrar pérdidas",IF(ABS(AG1005)>Parámetros!$B$7,"Revisar balance",IF(O1005<P1005,"Bajo meta","OK")))))

Sheet Resumen mensual
A1: Resumen mensual
A2: Rendimiento ponderado = Σ producción / Σ consumo. Año en Parámetros!B4.
A3: Año | B3: =Parámetros!B4 -> 2026
A5: Mes | B5: N° órdenes | C5: Consumo (kg) | D5: Producción (kg) | E5: Rend. metálico | F5: Meta ponderada | G5: Brecha | H5: Kg faltantes vs meta | I5: Órdenes bajo meta | J5: T1 (kg) | K5: T2 (kg) | L5: T3 (kg) | M5: T4 (kg) | N5: Fuera de medida (kg) | O5: Corto T4 (kg) | P5: Cobles / barras perdidas (kg) | Q5: Oxidación (kg) | R5: Pérdidas medidas (kg) | S5: Pérdidas SAP (kg) | T5: Delta no explicado (kg) | U5: Delta / consumo | V5: Pérdidas (kg/t) | W5: Productividad (t/h)
A6: =DATE($B$3,1,1) -> 46023 | B6: =COUNTIFS(Registro!$D$6:$D$1005,$A6,Registro!$M$6:$M$1005,">0") -> 0 | C6: =SUMIFS(Registro!$M$6:$M$1005,Registro!$D$6:$D$1005,$A6) -> 0 | D6: =SUMIFS(Registro!$N$6:$N$1005,Registro!$D$6:$D$1005,$A6) -> 0 | E6: =IF(C6=0,"",D6/C6) | F6: =IF(C6=0,"",SUMIFS(Registro!$AI$6:$AI$1005,Registro!$D$6:$D$1005,$A6)/C6) | G6: =IF(E6="","",(E6-F6)*100) | H6: =SUMIFS(Registro!$R$6:$R$1005,Registro!$D$6:$D$1005,$A6) -> 0 | I6: =COUNTIFS(Registro!$D$6:$D$1005,$A6,Registro!$AJ$6:$AJ$1005,"Bajo meta") -> 0 | J6: =SUMIFS(Registro!$T$6:$T$1005,Registro!$D$6:$D$1005,$A6) -> 0 | K6: =SUMIFS(Registro!$U$6:$U$1005,Registro!$D$6:$D$1005,$A6) -> 0 | L6: =SUMIFS(Registro!$V$6:$V$1005,Registro!$D$6:$D$1005,$A6) -> 0 | M6: =SUMIFS(Registro!$W$6:$W$1005,Registro!$D$6:$D$1005,$A6) -> 0 | N6: =SUMIFS(Registro!$X$6:$X$1005,Registro!$D$6:$D$1005,$A6) -> 0 | O6: =SUMIFS(Registro!$Y$6:$Y$1005,Registro!$D$6:$D$1005,$A6) -> 0 | P6: =SUMIFS(Registro!$Z$6:$Z$1005,Registro!$D$6:$D$1005,$A6) -> 0 | Q6: =SUMIFS(Registro!$AC$6:$AC$1005,Registro!$D$6:$D$1005,$A6) -> 0 | R6: =SUM(J6:Q6) -> 0 | S6: =SUMIFS(Registro!$AE$6:$AE$1005,Registro!$D$6:$D$1005,$A6) -> 0 | T6: =S6-R6 -> 0 | U6: =IF(C6=0,"",T6/C6) | V6: =IF(D6=0,"",S6/(D6/1000)) | W6: =IFERROR(D6/1000/SUMIFS(Registro!$L$6:$L$1005,Registro!$D$6:$D$1005,$A6),"")
A7: =DATE($B$3,2,1) -> 46054 | B7: =COUNTIFS(Registro!$D$6:$D$1005,$A7,Registro!$M$6:$M$1005,">0") -> 0 | C7: =SUMIFS(Registro!$M$6:$M$1005,Registro!$D$6:$D$1005,$A7) -> 0 | D7: =SUMIFS(Registro!$N$6:$N$1005,Registro!$D$6:$D$1005,$A7) -> 0 | E7: =IF(C7=0,"",D7/C7) | F7: =IF(C7=0,"",SUMIFS(Registro!$AI$6:$AI$1005,Registro!$D$6:$D$1005,$A7)/C7) | G7: =IF(E7="","",(E7-F7)*100) | H7: =SUMIFS(Registro!$R$6:$R$1005,Registro!$D$6:$D$1005,$A7) -> 0 | I7: =COUNTIFS(Registro!$D$6:$D$1005,$A7,Registro!$AJ$6:$AJ$1005,"Bajo meta") -> 0 | J7: =SUMIFS(Registro!$T$6:$T$1005,Registro!$D$6:$D$1005,$A7) -> 0 | K7: =SUMIFS(Registro!$U$6:$U$1005,Registro!$D$6:$D$1005,$A7) -> 0 | L7: =SUMIFS(Registro!$V$6:$V$1005,Registro!$D$6:$D$1005,$A7) -> 0 | M7: =SUMIFS(Registro!$W$6:$W$1005,Registro!$D$6:$D$1005,$A7) -> 0 | N7: =SUMIFS(Registro!$X$6:$X$1005,Registro!$D$6:$D$1005,$A7) -> 0 | O7: =SUMIFS(Registro!$Y$6:$Y$1005,Registro!$D$6:$D$1005,$A7) -> 0 | P7: =SUMIFS(Registro!$Z$6:$Z$1005,Registro!$D$6:$D$1005,$A7) -> 0 | Q7: =SUMIFS(Registro!$AC$6:$AC$1005,Registro!$D$6:$D$1005,$A7) -> 0 | R7: =SUM(J7:Q7) -> 0 | S7: =SUMIFS(Registro!$AE$6:$AE$1005,Registro!$D$6:$D$1005,$A7) -> 0 | T7: =S7-R7 -> 0 | U7: =IF(C7=0,"",T7/C7) | V7: =IF(D7=0,"",S7/(D7/1000)) | W7: =IFERROR(D7/1000/SUMIFS(Registro!$L$6:$L$1005,Registro!$D$6:$D$1005,$A7),"")
A8: =DATE($B$3,3,1) -> 46082 | B8: =COUNTIFS(Registro!$D$6:$D$1005,$A8,Registro!$M$6:$M$1005,">0") -> 0 | C8: =SUMIFS(Registro!$M$6:$M$1005,Registro!$D$6:$D$1005,$A8) -> 0 | D8: =SUMIFS(Registro!$N$6:$N$1005,Registro!$D$6:$D$1005,$A8) -> 0 | E8: =IF(C8=0,"",D8/C8) | F8: =IF(C8=0,"",SUMIFS(Registro!$AI$6:$AI$1005,Registro!$D$6:$D$1005,$A8)/C8) | G8: =IF(E8="","",(E8-F8)*100) | H8: =SUMIFS(Registro!$R$6:$R$1005,Registro!$D$6:$D$1005,$A8) -> 0 | I8: =COUNTIFS(Registro!$D$6:$D$1005,$A8,Registro!$AJ$6:$AJ$1005,"Bajo meta") -> 0 | J8: =SUMIFS(Registro!$T$6:$T$1005,Registro!$D$6:$D$1005,$A8) -> 0 | K8: =SUMIFS(Registro!$U$6:$U$1005,Registro!$D$6:$D$1005,$A8) -> 0 | L8: =SUMIFS(Registro!$V$6:$V$1005,Registro!$D$6:$D$1005,$A8) -> 0 | M8: =SUMIFS(Registro!$W$6:$W$1005,Registro!$D$6:$D$1005,$A8) -> 0 | N8: =SUMIFS(Registro!$X$6:$X$1005,Registro!$D$6:$D$1005,$A8) -> 0 | O8: =SUMIFS(Registro!$Y$6:$Y$1005,Registro!$D$6:$D$1005,$A8) -> 0 | P8: =SUMIFS(Registro!$Z$6:$Z$1005,Registro!$D$6:$D$1005,$A8) -> 0 | Q8: =SUMIFS(Registro!$AC$6:$AC$1005,Registro!$D$6:$D$1005,$A8) -> 0 | R8: =SUM(J8:Q8) -> 0 | S8: =SUMIFS(Registro!$AE$6:$AE$1005,Registro!$D$6:$D$1005,$A8) -> 0 | T8: =S8-R8 -> 0 | U8: =IF(C8=0,"",T8/C8) | V8: =IF(D8=0,"",S8/(D8/1000)) | W8: =IFERROR(D8/1000/SUMIFS(Registro!$L$6:$L$1005,Registro!$D$6:$D$1005,$A8),"")
A9: =DATE($B$3,4,1) -> 46113 | B9: =COUNTIFS(Registro!$D$6:$D$1005,$A9,Registro!$M$6:$M$1005,">0") -> 0 | C9: =SUMIFS(Registro!$M$6:$M$1005,Registro!$D$6:$D$1005,$A9) -> 0 | D9: =SUMIFS(Registro!$N$6:$N$1005,Registro!$D$6:$D$1005,$A9) -> 0 | E9: =IF(C9=0,"",D9/C9) | F9: =IF(C9=0,"",SUMIFS(Registro!$AI$6:$AI$1005,Registro!$D$6:$D$1005,$A9)/C9) | G9: =IF(E9="","",(E9-F9)*100) | H9: =SUMIFS(Registro!$R$6:$R$1005,Registro!$D$6:$D$1005,$A9) -> 0 | I9: =COUNTIFS(Registro!$D$6:$D$1005,$A9,Registro!$AJ$6:$AJ$1005,"Bajo meta") -> 0 | J9: =SUMIFS(Registro!$T$6:$T$1005,Registro!$D$6:$D$1005,$A9) -> 0 | K9: =SUMIFS(Registro!$U$6:$U$1005,Registro!$D$6:$D$1005,$A9) -> 0 | L9: =SUMIFS(Registro!$V$6:$V$1005,Registro!$D$6:$D$1005,$A9) -> 0 | M9: =SUMIFS(Registro!$W$6:$W$1005,Registro!$D$6:$D$1005,$A9) -> 0 | N9: =SUMIFS(Registro!$X$6:$X$1005,Registro!$D$6:$D$1005,$A9) -> 0 | O9: =SUMIFS(Registro!$Y$6:$Y$1005,Registro!$D$6:$D$1005,$A9) -> 0 | P9: =SUMIFS(Registro!$Z$6:$Z$1005,Registro!$D$6:$D$1005,$A9) -> 0 | Q9: =SUMIFS(Registro!$AC$6:$AC$1005,Registro!$D$6:$D$1005,$A9) -> 0 | R9: =SUM(J9:Q9) -> 0 | S9: =SUMIFS(Registro!$AE$6:$AE$1005,Registro!$D$6:$D$1005,$A9) -> 0 | T9: =S9-R9 -> 0 | U9: =IF(C9=0,"",T9/C9) | V9: =IF(D9=0,"",S9/(D9/1000)) | W9: =IFERROR(D9/1000/SUMIFS(Registro!$L$6:$L$1005,Registro!$D$6:$D$1005,$A9),"")
A10: =DATE($B$3,5,1) -> 46143 | B10: =COUNTIFS(Registro!$D$6:$D$1005,$A10,Registro!$M$6:$M$1005,">0") -> 0 | C10: =SUMIFS(Registro!$M$6:$M$1005,Registro!$D$6:$D$1005,$A10) -> 0 | D10: =SUMIFS(Registro!$N$6:$N$1005,Registro!$D$6:$D$1005,$A10) -> 0 | E10: =IF(C10=0,"",D10/C10) | F10: =IF(C10=0,"",SUMIFS(Registro!$AI$6:$AI$1005,Registro!$D$6:$D$1005,$A10)/C10) | G10: =IF(E10="","",(E10-F10)*100) | H10: =SUMIFS(Registro!$R$6:$R$1005,Registro!$D$6:$D$1005,$A10) -> 0 | I10: =COUNTIFS(Registro!$D$6:$D$1005,$A10,Registro!$AJ$6:$AJ$1005,"Bajo meta") -> 0 | J10: =SUMIFS(Registro!$T$6:$T$1005,Registro!$D$6:$D$1005,$A10) -> 0 | K10: =SUMIFS(Registro!$U$6:$U$1005,Registro!$D$6:$D$1005,$A10) -> 0 | L10: =SUMIFS(Registro!$V$6:$V$1005,Registro!$D$6:$D$1005,$A10) -> 0 | M10: =SUMIFS(Registro!$W$6:$W$1005,Registro!$D$6:$D$1005,$A10) -> 0 | N10: =SUMIFS(Registro!$X$6:$X$1005,Registro!$D$6:$D$1005,$A10) -> 0 | O10: =SUMIFS(Registro!$Y$6:$Y$1005,Registro!$D$6:$D$1005,$A10) -> 0 | P10: =SUMIFS(Registro!$Z$6:$Z$1005,Registro!$D$6:$D$1005,$A10) -> 0 | Q10: =SUMIFS(Registro!$AC$6:$AC$1005,Registro!$D$6:$D$1005,$A10) -> 0 | R10: =SUM(J10:Q10) -> 0 | S10: =SUMIFS(Registro!$AE$6:$AE$1005,Registro!$D$6:$D$1005,$A10) -> 0 | T10: =S10-R10 -> 0 | U10: =IF(C10=0,"",T10/C10) | V10: =IF(D10=0,"",S10/(D10/1000)) | W10: =IFERROR(D10/1000/SUMIFS(Registro!$L$6:$L$1005,Registro!$D$6:$D$1005,$A10),"")
A11: =DATE($B$3,6,1) -> 46174 | B11: =COUNTIFS(Registro!$D$6:$D$1005,$A11,Registro!$M$6:$M$1005,">0") -> 0 | C11: =SUMIFS(Registro!$M$6:$M$1005,Registro!$D$6:$D$1005,$A11) -> 0 | D11: =SUMIFS(Registro!$N$6:$N$1005,Registro!$D$6:$D$1005,$A11) -> 0 | E11: =IF(C11=0,"",D11/C11) | F11: =IF(C11=0,"",SUMIFS(Registro!$AI$6:$AI$1005,Registro!$D$6:$D$1005,$A11)/C11) | G11: =IF(E11="","",(E11-F11)*100) | H11: =SUMIFS(Registro!$R$6:$R$1005,Registro!$D$6:$D$1005,$A11) -> 0 | I11: =COUNTIFS(Registro!$D$6:$D$1005,$A11,Registro!$AJ$6:$AJ$1005,"Bajo meta") -> 0 | J11: =SUMIFS(Registro!$T$6:$T$1005,Registro!$D$6:$D$1005,$A11) -> 0 | K11: =SUMIFS(Registro!$U$6:$U$1005,Registro!$D$6:$D$1005,$A11) -> 0 | L11: =SUMIFS(Registro!$V$6:$V$1005,Registro!$D$6:$D$1005,$A11) -> 0 | M11: =SUMIFS(Registro!$W$6:$W$1005,Registro!$D$6:$D$1005,$A11) -> 0 | N11: =SUMIFS(Registro!$X$6:$X$1005,Registro!$D$6:$D$1005,$A11) -> 0 | O11: =SUMIFS(Registro!$Y$6:$Y$1005,Registro!$D$6:$D$1005,$A11) -> 0 | P11: =SUMIFS(Registro!$Z$6:$Z$1005,Registro!$D$6:$D$1005,$A11) -> 0 | Q11: =SUMIFS(Registro!$AC$6:$AC$1005,Registro!$D$6:$D$1005,$A11) -> 0 | R11: =SUM(J11:Q11) -> 0 | S11: =SUMIFS(Registro!$AE$6:$AE$1005,Registro!$D$6:$D$1005,$A11) -> 0 | T11: =S11-R11 -> 0 | U11: =IF(C11=0,"",T11/C11) | V11: =IF(D11=0,"",S11/(D11/1000)) | W11: =IFERROR(D11/1000/SUMIFS(Registro!$L$6:$L$1005,Registro!$D$6:$D$1005,$A11),"")
A12: =DATE($B$3,7,1) -> 46204 | B12: =COUNTIFS(Registro!$D$6:$D$1005,$A12,Registro!$M$6:$M$1005,">0") -> 0 | C12: =SUMIFS(Registro!$M$6:$M$1005,Registro!$D$6:$D$1005,$A12) -> 0 | D12: =SUMIFS(Registro!$N$6:$N$1005,Registro!$D$6:$D$1005,$A12) -> 0 | E12: =IF(C12=0,"",D12/C12) | F12: =IF(C12=0,"",SUMIFS(Registro!$AI$6:$AI$1005,Registro!$D$6:$D$1005,$A12)/C12) | G12: =IF(E12="","",(E12-F12)*100) | H12: =SUMIFS(Registro!$R$6:$R$1005,Registro!$D$6:$D$1005,$A12) -> 0 | I12: =COUNTIFS(Registro!$D$6:$D$1005,$A12,Registro!$AJ$6:$AJ$1005,"Bajo meta") -> 0 | J12: =SUMIFS(Registro!$T$6:$T$1005,Registro!$D$6:$D$1005,$A12) -> 0 | K12: =SUMIFS(Registro!$U$6:$U$1005,Registro!$D$6:$D$1005,$A12) -> 0 | L12: =SUMIFS(Registro!$V$6:$V$1005,Registro!$D$6:$D$1005,$A12) -> 0 | M12: =SUMIFS(Registro!$W$6:$W$1005,Registro!$D$6:$D$1005,$A12) -> 0 | N12: =SUMIFS(Registro!$X$6:$X$1005,Registro!$D$6:$D$1005,$A12) -> 0 | O12: =SUMIFS(Registro!$Y$6:$Y$1005,Registro!$D$6:$D$1005,$A12) -> 0 | P12: =SUMIFS(Registro!$Z$6:$Z$1005,Registro!$D$6:$D$1005,$A12) -> 0 | Q12: =SUMIFS(Registro!$AC$6:$AC$1005,Registro!$D$6:$D$1005,$A12) -> 0 | R12: =SUM(J12:Q12) -> 0 | S12: =SUMIFS(Registro!$AE$6:$AE$1005,Registro!$D$6:$D$1005,$A12) -> 0 | T12: =S12-R12 -> 0 | U12: =IF(C12=0,"",T12/C12) | V12: =IF(D12=0,"",S12/(D12/1000)) | W12: =IFERROR(D12/1000/SUMIFS(Registro!$L$6:$L$1005,Registro!$D$6:$D$1005,$A12),"")
A13: =DATE($B$3,8,1) -> 46235 | B13: =COUNTIFS(Registro!$D$6:$D$1005,$A13,Registro!$M$6:$M$1005,">0") -> 0 | C13: =SUMIFS(Registro!$M$6:$M$1005,Registro!$D$6:$D$1005,$A13) -> 0 | D13: =SUMIFS(Registro!$N$6:$N$1005,Registro!$D$6:$D$1005,$A13) -> 0 | E13: =IF(C13=0,"",D13/C13) | F13: =IF(C13=0,"",SUMIFS(Registro!$AI$6:$AI$1005,Registro!$D$6:$D$1005,$A13)/C13) | G13: =IF(E13="","",(E13-F13)*100) | H13: =SUMIFS(Registro!$R$6:$R$1005,Registro!$D$6:$D$1005,$A13) -> 0 | I13: =COUNTIFS(Registro!$D$6:$D$1005,$A13,Registro!$AJ$6:$AJ$1005,"Bajo meta") -> 0 | J13: =SUMIFS(Registro!$T$6:$T$1005,Registro!$D$6:$D$1005,$A13) -> 0 | K13: =SUMIFS(Registro!$U$6:$U$1005,Registro!$D$6:$D$1005,$A13) -> 0 | L13: =SUMIFS(Registro!$V$6:$V$1005,Registro!$D$6:$D$1005,$A13) -> 0 | M13: =SUMIFS(Registro!$W$6:$W$1005,Registro!$D$6:$D$1005,$A13) -> 0 | N13: =SUMIFS(Registro!$X$6:$X$1005,Registro!$D$6:$D$1005,$A13) -> 0 | O13: =SUMIFS(Registro!$Y$6:$Y$1005,Registro!$D$6:$D$1005,$A13) -> 0 | P13: =SUMIFS(Registro!$Z$6:$Z$1005,Registro!$D$6:$D$1005,$A13) -> 0 | Q13: =SUMIFS(Registro!$AC$6:$AC$1005,Registro!$D$6:$D$1005,$A13) -> 0 | R13: =SUM(J13:Q13) -> 0 | S13: =SUMIFS(Registro!$AE$6:$AE$1005,Registro!$D$6:$D$1005,$A13) -> 0 | T13: =S13-R13 -> 0 | U13: =IF(C13=0,"",T13/C13) | V13: =IF(D13=0,"",S13/(D13/1000)) | W13: =IFERROR(D13/1000/SUMIFS(Registro!$L$6:$L$1005,Registro!$D$6:$D$1005,$A13),"")
A14: =DATE($B$3,9,1) -> 46266 | B14: =COUNTIFS(Registro!$D$6:$D$1005,$A14,Registro!$M$6:$M$1005,">0") -> 0 | C14: =SUMIFS(Registro!$M$6:$M$1005,Registro!$D$6:$D$1005,$A14) -> 0 | D14: =SUMIFS(Registro!$N$6:$N$1005,Registro!$D$6:$D$1005,$A14) -> 0 | E14: =IF(C14=0,"",D14/C14) | F14: =IF(C14=0,"",SUMIFS(Registro!$AI$6:$AI$1005,Registro!$D$6:$D$1005,$A14)/C14) | G14: =IF(E14="","",(E14-F14)*100) | H14: =SUMIFS(Registro!$R$6:$R$1005,Registro!$D$6:$D$1005,$A14) -> 0 | I14: =COUNTIFS(Registro!$D$6:$D$1005,$A14,Registro!$AJ$6:$AJ$1005,"Bajo meta") -> 0 | J14: =SUMIFS(Registro!$T$6:$T$1005,Registro!$D$6:$D$1005,$A14) -> 0 | K14: =SUMIFS(Registro!$U$6:$U$1005,Registro!$D$6:$D$1005,$A14) -> 0 | L14: =SUMIFS(Registro!$V$6:$V$1005,Registro!$D$6:$D$1005,$A14) -> 0 | M14: =SUMIFS(Registro!$W$6:$W$1005,Registro!$D$6:$D$1005,$A14) -> 0 | N14: =SUMIFS(Registro!$X$6:$X$1005,Registro!$D$6:$D$1005,$A14) -> 0 | O14: =SUMIFS(Registro!$Y$6:$Y$1005,Registro!$D$6:$D$1005,$A14) -> 0 | P14: =SUMIFS(Registro!$Z$6:$Z$1005,Registro!$D$6:$D$1005,$A14) -> 0 | Q14: =SUMIFS(Registro!$AC$6:$AC$1005,Registro!$D$6:$D$1005,$A14) -> 0 | R14: =SUM(J14:Q14) -> 0 | S14: =SUMIFS(Registro!$AE$6:$AE$1005,Registro!$D$6:$D$1005,$A14) -> 0 | T14: =S14-R14 -> 0 | U14: =IF(C14=0,"",T14/C14) | V14: =IF(D14=0,"",S14/(D14/1000)) | W14: =IFERROR(D14/1000/SUMIFS(Registro!$L$6:$L$1005,Registro!$D$6:$D$1005,$A14),"")
A15: =DATE($B$3,10,1) -> 46296 | B15: =COUNTIFS(Registro!$D$6:$D$1005,$A15,Registro!$M$6:$M$1005,">0") -> 0 | C15: =SUMIFS(Registro!$M$6:$M$1005,Registro!$D$6:$D$1005,$A15) -> 0 | D15: =SUMIFS(Registro!$N$6:$N$1005,Registro!$D$6:$D$1005,$A15) -> 0 | E15: =IF(C15=0,"",D15/C15) | F15: =IF(C15=0,"",SUMIFS(Registro!$AI$6:$AI$1005,Registro!$D$6:$D$1005,$A15)/C15) | G15: =IF(E15="","",(E15-F15)*100) | H15: =SUMIFS(Registro!$R$6:$R$1005,Registro!$D$6:$D$1005,$A15) -> 0 | I15: =COUNTIFS(Registro!$D$6:$D$1005,$A15,Registro!$AJ$6:$AJ$1005,"Bajo meta") -> 0 | J15: =SUMIFS(Registro!$T$6:$T$1005,Registro!$D$6:$D$1005,$A15) -> 0 | K15: =SUMIFS(Registro!$U$6:$U$1005,Registro!$D$6:$D$1005,$A15) -> 0 | L15: =SUMIFS(Registro!$V$6:$V$1005,Registro!$D$6:$D$1005,$A15) -> 0 | M15: =SUMIFS(Registro!$W$6:$W$1005,Registro!$D$6:$D$1005,$A15) -> 0 | N15: =SUMIFS(Registro!$X$6:$X$1005,Registro!$D$6:$D$1005,$A15) -> 0 | O15: =SUMIFS(Registro!$Y$6:$Y$1005,Registro!$D$6:$D$1005,$A15) -> 0 | P15: =SUMIFS(Registro!$Z$6:$Z$1005,Registro!$D$6:$D$1005,$A15) -> 0 | Q15: =SUMIFS(Registro!$AC$6:$AC$1005,Registro!$D$6:$D$1005,$A15) -> 0 | R15: =SUM(J15:Q15) -> 0 | S15: =SUMIFS(Registro!$AE$6:$AE$1005,Registro!$D$6:$D$1005,$A15) -> 0 | T15: =S15-R15 -> 0 | U15: =IF(C15=0,"",T15/C15) | V15: =IF(D15=0,"",S15/(D15/1000)) | W15: =IFERROR(D15/1000/SUMIFS(Registro!$L$6:$L$1005,Registro!$D$6:$D$1005,$A15),"")
A16: =DATE($B$3,11,1) -> 46327 | B16: =COUNTIFS(Registro!$D$6:$D$1005,$A16,Registro!$M$6:$M$1005,">0") -> 0 | C16: =SUMIFS(Registro!$M$6:$M$1005,Registro!$D$6:$D$1005,$A16) -> 0 | D16: =SUMIFS(Registro!$N$6:$N$1005,Registro!$D$6:$D$1005,$A16) -> 0 | E16: =IF(C16=0,"",D16/C16) | F16: =IF(C16=0,"",SUMIFS(Registro!$AI$6:$AI$1005,Registro!$D$6:$D$1005,$A16)/C16) | G16: =IF(E16="","",(E16-F16)*100) | H16: =SUMIFS(Registro!$R$6:$R$1005,Registro!$D$6:$D$1005,$A16) -> 0 | I16: =COUNTIFS(Registro!$D$6:$D$1005,$A16,Registro!$AJ$6:$AJ$1005,"Bajo meta") -> 0 | J16: =SUMIFS(Registro!$T$6:$T$1005,Registro!$D$6:$D$1005,$A16) -> 0 | K16: =SUMIFS(Registro!$U$6:$U$1005,Registro!$D$6:$D$1005,$A16) -> 0 | L16: =SUMIFS(Registro!$V$6:$V$1005,Registro!$D$6:$D$1005,$A16) -> 0 | M16: =SUMIFS(Registro!$W$6:$W$1005,Registro!$D$6:$D$1005,$A16) -> 0 | N16: =SUMIFS(Registro!$X$6:$X$1005,Registro!$D$6:$D$1005,$A16) -> 0 | O16: =SUMIFS(Registro!$Y$6:$Y$1005,Registro!$D$6:$D$1005,$A16) -> 0 | P16: =SUMIFS(Registro!$Z$6:$Z$1005,Registro!$D$6:$D$1005,$A16) -> 0 | Q16: =SUMIFS(Registro!$AC$6:$AC$1005,Registro!$D$6:$D$1005,$A16) -> 0 | R16: =SUM(J16:Q16) -> 0 | S16: =SUMIFS(Registro!$AE$6:$AE$1005,Registro!$D$6:$D$1005,$A16) -> 0 | T16: =S16-R16 -> 0 | U16: =IF(C16=0,"",T16/C16) | V16: =IF(D16=0,"",S16/(D16/1000)) | W16: =IFERROR(D16/1000/SUMIFS(Registro!$L$6:$L$1005,Registro!$D$6:$D$1005,$A16),"")
A17: =DATE($B$3,12,1) -> 46357 | B17: =COUNTIFS(Registro!$D$6:$D$1005,$A17,Registro!$M$6:$M$1005,">0") -> 0 | C17: =SUMIFS(Registro!$M$6:$M$1005,Registro!$D$6:$D$1005,$A17) -> 0 | D17: =SUMIFS(Registro!$N$6:$N$1005,Registro!$D$6:$D$1005,$A17) -> 0 | E17: =IF(C17=0,"",D17/C17) | F17: =IF(C17=0,"",SUMIFS(Registro!$AI$6:$AI$1005,Registro!$D$6:$D$1005,$A17)/C17) | G17: =IF(E17="","",(E17-F17)*100) | H17: =SUMIFS(Registro!$R$6:$R$1005,Registro!$D$6:$D$1005,$A17) -> 0 | I17: =COUNTIFS(Registro!$D$6:$D$1005,$A17,Registro!$AJ$6:$AJ$1005,"Bajo meta") -> 0 | J17: =SUMIFS(Registro!$T$6:$T$1005,Registro!$D$6:$D$1005,$A17) -> 0 | K17: =SUMIFS(Registro!$U$6:$U$1005,Registro!$D$6:$D$1005,$A17) -> 0 | L17: =SUMIFS(Registro!$V$6:$V$1005,Registro!$D$6:$D$1005,$A17) -> 0 | M17: =SUMIFS(Registro!$W$6:$W$1005,Registro!$D$6:$D$1005,$A17) -> 0 | N17: =SUMIFS(Registro!$X$6:$X$1005,Registro!$D$6:$D$1005,$A17) -> 0 | O17: =SUMIFS(Registro!$Y$6:$Y$1005,Registro!$D$6:$D$1005,$A17) -> 0 | P17: =SUMIFS(Registro!$Z$6:$Z$1005,Registro!$D$6:$D$1005,$A17) -> 0 | Q17: =SUMIFS(Registro!$AC$6:$AC$1005,Registro!$D$6:$D$1005,$A17) -> 0 | R17: =SUM(J17:Q17) -> 0 | S17: =SUMIFS(Registro!$AE$6:$AE$1005,Registro!$D$6:$D$1005,$A17) -> 0 | T17: =S17-R17 -> 0 | U17: =IF(C17=0,"",T17/C17) | V17: =IF(D17=0,"",S17/(D17/1000)) | W17: =IFERROR(D17/1000/SUMIFS(Registro!$L$6:$L$1005,Registro!$D$6:$D$1005,$A17),"")
A18: Año | B18: =SUM(B6:B17) -> 0 | C18: =SUM(C6:C17) -> 0 | D18: =SUM(D6:D17) -> 0 | E18: =IF(C18=0,"",D18/C18) | F18: =IF(C18=0,"",SUMIFS(Registro!$AI$6:$AI$1005,Registro!$D$6:$D$1005,">="&A6,Registro!$D$6:$D$1005,"<="&A17)/C18) | G18: =IF(E18="","",(E18-F18)*100) | H18: =SUM(H6:H17) -> 0 | I18: =SUM(I6:I17) -> 0 | J18: =SUM(J6:J17) -> 0 | K18: =SUM(K6:K17) -> 0 | L18: =SUM(L6:L17) -> 0 | M18: =SUM(M6:M17) -> 0 | N18: =SUM(N6:N17) -> 0 | O18: =SUM(O6:O17) -> 0 | ... T18: =SUM(T6:T17) -> 0 | U18: =IF(C18=0,"",T18/C18) | V18: =IF(D18=0,"",S18/(D18/1000)) | W18: =IFERROR(D18/1000/SUMIFS(Registro!$L$6:$L$1005,Registro!$D$6:$D$1005,">="&A6,Registro!$D$6:$D$1005,"<="&A17),"")
A21: Rendimiento por grupo y mes
A22: Grupo | B22: =A6 -> 46023 | C22: =A7 -> 46054 | D22: =A8 -> 46082 | E22: =A9 -> 46113 | F22: =A10 -> 46143 | G22: =A11 -> 46174 | H22: =A12 -> 46204 | I22: =A13 -> 46235 | J22: =A14 -> 46266 | K22: =A15 -> 46296 | L22: =A16 -> 46327 | M22: =A17 -> 46357 | N22: Año | O22: Meta
A23: =Parámetros!A14 -> B Hormigón | B23: =IFERROR(SUMIFS(Registro!$N$6:$N$1005,Registro!$I$6:$I$1005,$A23,Registro!$D$6:$D$1005,B$22)/SUMIFS(Registro!$M$6:$M$1005,Registro!$I$6:$I$1005,$A23,Registro!$D$6:$D$1005,B$22),"") | C23: =IFERROR(SUMIFS(Registro!$N$6:$N$1005,Registro!$I$6:$I$1005,$A23,Registro!$D$6:$D$1005,C$22)/SUMIFS(Registro!$M$6:$M$1005,Registro!$I$6:$I$1005,$A23,Registro!$D$6:$D$1005,C$22),"") | D23: =IFERROR(SUMIFS(Registro!$N$6:$N$1005,Registro!$I$6:$I$1005,$A23,Registro!$D$6:$D$1005,D$22)/SUMIFS(Registro!$M$6:$M$1005,Registro!$I$6:$I$1005,$A23,Registro!$D$6:$D$1005,D$22),"") | E23: =IFERROR(SUMIFS(Registro!$N$6:$N$1005,Registro!$I$6:$I$1005,$A23,Registro!$D$6:$D$1005,E$22)/SUMIFS(Registro!$M$6:$M$1005,Registro!$I$6:$I$1005,$A23,Registro!$D$6:$D$1005,E$22),"") | F23: =IFERROR(SUMIFS(Registro!$N$6:$N$1005,Registro!$I$6:$I$1005,$A23,Registro!$D$6:$D$1005,F$22)/SUMIFS(Registro!$M$6:$M$1005,Registro!$I$6:$I$1005,$A23,Registro!$D$6:$D$1005,F$22),"") | G23: =IFERROR(SUMIFS(Registro!$N$6:$N$1005,Registro!$I$6:$I$1005,$A23,Registro!$D$6:$D$1005,G$22)/SUMIFS(Registro!$M$6:$M$1005,Registro!$I$6:$I$1005,$A23,Registro!$D$6:$D$1005,G$22),"") | H23: =IFERROR(SUMIFS(Registro!$N$6:$N$1005,Registro!$I$6:$I$1005,$A23,Registro!$D$6:$D$1005,H$22)/SUMIFS(Registro!$M$6:$M$1005,Registro!$I$6:$I$1005,$A23,Registro!$D$6:$D$1005,H$22),"") | I23: =IFERROR(SUMIFS(Registro!$N$6:$N$1005,Registro!$I$6:$I$1005,$A23,Registro!$D$6:$D$1005,I$22)/SUMIFS(Registro!$M$6:$M$1005,Registro!$I$6:$I$1005,$A23,Registro!$D$6:$D$1005,I$22),"") | ... M23: =IFERROR(SUMIFS(Registro!$N$6:$N$1005,Registro!$I$6:$I$1005,$A23,Registro!$D$6:$D$1005,M$22)/SUMIFS(Registro!$M$6:$M$1005,Registro!$I$6:$I$1005,$A23,Registro!$D$6:$D$1005,M$22),"") | N23: =IFERROR(SUMIFS(Registro!$N$6:$N$1005,Registro!$I$6:$I$1005,$A23,Registro!$D$6:$D$1005,">="&$A$6,Registro!$D$6:$D$1005,"<="&$A$17)/SUMIFS(Registro!$M$6:$M$1005,Registro!$I$6:$I$1005,$A23,Registro!$D$6:$D$1005,">="&$A$6,Registro!$D$6:$D$1005,"<="&$A$17),"") | O23: =IF(Parámetros!B14="",Parámetros!$B$5,Parámetros!B14) -> 0.9576
A24: =Parámetros!A15 -> Redondo liso | B24: =IFERROR(SUMIFS(Registro!$N$6:$N$1005,Registro!$I$6:$I$1005,$A24,Registro!$D$6:$D$1005,B$22)/SUMIFS(Registro!$M$6:$M$1005,Registro!$I$6:$I$1005,$A24,Registro!$D$6:$D$1005,B$22),"") | C24: =IFERROR(SUMIFS(Registro!$N$6:$N$1005,Registro!$I$6:$I$1005,$A24,Registro!$D$6:$D$1005,C$22)/SUMIFS(Registro!$M$6:$M$1005,Registro!$I$6:$I$1005,$A24,Registro!$D$6:$D$1005,C$22),"") | D24: =IFERROR(SUMIFS(Registro!$N$6:$N$1005,Registro!$I$6:$I$1005,$A24,Registro!$D$6:$D$1005,D$22)/SUMIFS(Registro!$M$6:$M$1005,Registro!$I$6:$I$1005,$A24,Registro!$D$6:$D$1005,D$22),"") | E24: =IFERROR(SUMIFS(Registro!$N$6:$N$1005,Registro!$I$6:$I$1005,$A24,Registro!$D$6:$D$1005,E$22)/SUMIFS(Registro!$M$6:$M$1005,Registro!$I$6:$I$1005,$A24,Registro!$D$6:$D$1005,E$22),"") | F24: =IFERROR(SUMIFS(Registro!$N$6:$N$1005,Registro!$I$6:$I$1005,$A24,Registro!$D$6:$D$1005,F$22)/SUMIFS(Registro!$M$6:$M$1005,Registro!$I$6:$I$1005,$A24,Registro!$D$6:$D$1005,F$22),"") | G24: =IFERROR(SUMIFS(Registro!$N$6:$N$1005,Registro!$I$6:$I$1005,$A24,Registro!$D$6:$D$1005,G$22)/SUMIFS(Registro!$M$6:$M$1005,Registro!$I$6:$I$1005,$A24,Registro!$D$6:$D$1005,G$22),"") | H24: =IFERROR(SUMIFS(Registro!$N$6:$N$1005,Registro!$I$6:$I$1005,$A24,Registro!$D$6:$D$1005,H$22)/SUMIFS(Registro!$M$6:$M$1005,Registro!$I$6:$I$1005,$A24,Registro!$D$6:$D$1005,H$22),"") | I24: =IFERROR(SUMIFS(Registro!$N$6:$N$1005,Registro!$I$6:$I$1005,$A24,Registro!$D$6:$D$1005,I$22)/SUMIFS(Registro!$M$6:$M$1005,Registro!$I$6:$I$1005,$A24,Registro!$D$6:$D$1005,I$22),"") | ... M24: =IFERROR(SUMIFS(Registro!$N$6:$N$1005,Registro!$I$6:$I$1005,$A24,Registro!$D$6:$D$1005,M$22)/SUMIFS(Registro!$M$6:$M$1005,Registro!$I$6:$I$1005,$A24,Registro!$D$6:$D$1005,M$22),"") | N24: =IFERROR(SUMIFS(Registro!$N$6:$N$1005,Registro!$I$6:$I$1005,$A24,Registro!$D$6:$D$1005,">="&$A$6,Registro!$D$6:$D$1005,"<="&$A$17)/SUMIFS(Registro!$M$6:$M$1005,Registro!$I$6:$I$1005,$A24,Registro!$D$6:$D$1005,">="&$A$6,Registro!$D$6:$D$1005,"<="&$A$17),"") | O24: =IF(Parámetros!B15="",Parámetros!$B$5,Parámetros!B15) -> 0.9538
A25: =Parámetros!A16 -> Plana | B25: =IFERROR(SUMIFS(Registro!$N$6:$N$1005,Registro!$I$6:$I$1005,$A25,Registro!$D$6:$D$1005,B$22)/SUMIFS(Registro!$M$6:$M$1005,Registro!$I$6:$I$1005,$A25,Registro!$D$6:$D$1005,B$22),"") | C25: =IFERROR(SUMIFS(Registro!$N$6:$N$1005,Registro!$I$6:$I$1005,$A25,Registro!$D$6:$D$1005,C$22)/SUMIFS(Registro!$M$6:$M$1005,Registro!$I$6:$I$1005,$A25,Registro!$D$6:$D$1005,C$22),"") | D25: =IFERROR(SUMIFS(Registro!$N$6:$N$1005,Registro!$I$6:$I$1005,$A25,Registro!$D$6:$D$1005,D$22)/SUMIFS(Registro!$M$6:$M$1005,Registro!$I$6:$I$1005,$A25,Registro!$D$6:$D$1005,D$22),"") | E25: =IFERROR(SUMIFS(Registro!$N$6:$N$1005,Registro!$I$6:$I$1005,$A25,Registro!$D$6:$D$1005,E$22)/SUMIFS(Registro!$M$6:$M$1005,Registro!$I$6:$I$1005,$A25,Registro!$D$6:$D$1005,E$22),"") | F25: =IFERROR(SUMIFS(Registro!$N$6:$N$1005,Registro!$I$6:$I$1005,$A25,Registro!$D$6:$D$1005,F$22)/SUMIFS(Registro!$M$6:$M$1005,Registro!$I$6:$I$1005,$A25,Registro!$D$6:$D$1005,F$22),"") | G25: =IFERROR(SUMIFS(Registro!$N$6:$N$1005,Registro!$I$6:$I$1005,$A25,Registro!$D$6:$D$1005,G$22)/SUMIFS(Registro!$M$6:$M$1005,Registro!$I$6:$I$1005,$A25,Registro!$D$6:$D$1005,G$22),"") | H25: =IFERROR(SUMIFS(Registro!$N$6:$N$1005,Registro!$I$6:$I$1005,$A25,Registro!$D$6:$D$1005,H$22)/SUMIFS(Registro!$M$6:$M$1005,Registro!$I$6:$I$1005,$A25,Registro!$D$6:$D$1005,H$22),"") | I25: =IFERROR(SUMIFS(Registro!$N$6:$N$1005,Registro!$I$6:$I$1005,$A25,Registro!$D$6:$D$1005,I$22)/SUMIFS(Registro!$M$6:$M$1005,Registro!$I$6:$I$1005,$A25,Registro!$D$6:$D$1005,I$22),"") | ... M25: =IFERROR(SUMIFS(Registro!$N$6:$N$1005,Registro!$I$6:$I$1005,$A25,Registro!$D$6:$D$1005,M$22)/SUMIFS(Registro!$M$6:$M$1005,Registro!$I$6:$I$1005,$A25,Registro!$D$6:$D$1005,M$22),"") | N25: =IFERROR(SUMIFS(Registro!$N$6:$N$1005,Registro!$I$6:$I$1005,$A25,Registro!$D$6:$D$1005,">="&$A$6,Registro!$D$6:$D$1005,"<="&$A$17)/SUMIFS(Registro!$M$6:$M$1005,Registro!$I$6:$I$1005,$A25,Registro!$D$6:$D$1005,">="&$A$6,Registro!$D$6:$D$1005,"<="&$A$17),"") | O25: =IF(Parámetros!B16="",Parámetros!$B$5,Parámetros!B16) -> 0.9609
A26: =Parámetros!A17 -> Ángulo | B26: =IFERROR(SUMIFS(Registro!$N$6:$N$1005,Registro!$I$6:$I$1005,$A26,Registro!$D$6:$D$1005,B$22)/SUMIFS(Registro!$M$6:$M$1005,Registro!$I$6:$I$1005,$A26,Registro!$D$6:$D$1005,B$22),"") | C26: =IFERROR(SUMIFS(Registro!$N$6:$N$1005,Registro!$I$6:$I$1005,$A26,Registro!$D$6:$D$1005,C$22)/SUMIFS(Registro!$M$6:$M$1005,Registro!$I$6:$I$1005,$A26,Registro!$D$6:$D$1005,C$22),"") | D26: =IFERROR(SUMIFS(Registro!$N$6:$N$1005,Registro!$I$6:$I$1005,$A26,Registro!$D$6:$D$1005,D$22)/SUMIFS(Registro!$M$6:$M$1005,Registro!$I$6:$I$1005,$A26,Registro!$D$6:$D$1005,D$22),"") | E26: =IFERROR(SUMIFS(Registro!$N$6:$N$1005,Registro!$I$6:$I$1005,$A26,Registro!$D$6:$D$1005,E$22)/SUMIFS(Registro!$M$6:$M$1005,Registro!$I$6:$I$1005,$A26,Registro!$D$6:$D$1005,E$22),"") | F26: =IFERROR(SUMIFS(Registro!$N$6:$N$1005,Registro!$I$6:$I$1005,$A26,Registro!$D$6:$D$1005,F$22)/SUMIFS(Registro!$M$6:$M$1005,Registro!$I$6:$I$1005,$A26,Registro!$D$6:$D$1005,F$22),"") | G26: =IFERROR(SUMIFS(Registro!$N$6:$N$1005,Registro!$I$6:$I$1005,$A26,Registro!$D$6:$D$1005,G$22)/SUMIFS(Registro!$M$6:$M$1005,Registro!$I$6:$I$1005,$A26,Registro!$D$6:$D$1005,G$22),"") | H26: =IFERROR(SUMIFS(Registro!$N$6:$N$1005,Registro!$I$6:$I$1005,$A26,Registro!$D$6:$D$1005,H$22)/SUMIFS(Registro!$M$6:$M$1005,Registro!$I$6:$I$1005,$A26,Registro!$D$6:$D$1005,H$22),"") | I26: =IFERROR(SUMIFS(Registro!$N$6:$N$1005,Registro!$I$6:$I$1005,$A26,Registro!$D$6:$D$1005,I$22)/SUMIFS(Registro!$M$6:$M$1005,Registro!$I$6:$I$1005,$A26,Registro!$D$6:$D$1005,I$22),"") | ... M26: =IFERROR(SUMIFS(Registro!$N$6:$N$1005,Registro!$I$6:$I$1005,$A26,Registro!$D$6:$D$1005,M$22)/SUMIFS(Registro!$M$6:$M$1005,Registro!$I$6:$I$1005,$A26,Registro!$D$6:$D$1005,M$22),"") | N26: =IFERROR(SUMIFS(Registro!$N$6:$N$1005,Registro!$I$6:$I$1005,$A26,Registro!$D$6:$D$1005,">="&$A$6,Registro!$D$6:$D$1005,"<="&$A$17)/SUMIFS(Registro!$M$6:$M$1005,Registro!$I$6:$I$1005,$A26,Registro!$D$6:$D$1005,">="&$A$6,Registro!$D$6:$D$1005,"<="&$A$17),"") | O26: =IF(Parámetros!B17="",Parámetros!$B$5,Parámetros!B17) -> 0.9551
A27: =Parámetros!A18 -> Cuadrado | B27: =IFERROR(SUMIFS(Registro!$N$6:$N$1005,Registro!$I$6:$I$1005,$A27,Registro!$D$6:$D$1005,B$22)/SUMIFS(Registro!$M$6:$M$1005,Registro!$I$6:$I$1005,$A27,Registro!$D$6:$D$1005,B$22),"") | C27: =IFERROR(SUMIFS(Registro!$N$6:$N$1005,Registro!$I$6:$I$1005,$A27,Registro!$D$6:$D$1005,C$22)/SUMIFS(Registro!$M$6:$M$1005,Registro!$I$6:$I$1005,$A27,Registro!$D$6:$D$1005,C$22),"") | D27: =IFERROR(SUMIFS(Registro!$N$6:$N$1005,Registro!$I$6:$I$1005,$A27,Registro!$D$6:$D$1005,D$22)/SUMIFS(Registro!$M$6:$M$1005,Registro!$I$6:$I$1005,$A27,Registro!$D$6:$D$1005,D$22),"") | E27: =IFERROR(SUMIFS(Registro!$N$6:$N$1005,Registro!$I$6:$I$1005,$A27,Registro!$D$6:$D$1005,E$22)/SUMIFS(Registro!$M$6:$M$1005,Registro!$I$6:$I$1005,$A27,Registro!$D$6:$D$1005,E$22),"") | F27: =IFERROR(SUMIFS(Registro!$N$6:$N$1005,Registro!$I$6:$I$1005,$A27,Registro!$D$6:$D$1005,F$22)/SUMIFS(Registro!$M$6:$M$1005,Registro!$I$6:$I$1005,$A27,Registro!$D$6:$D$1005,F$22),"") | G27: =IFERROR(SUMIFS(Registro!$N$6:$N$1005,Registro!$I$6:$I$1005,$A27,Registro!$D$6:$D$1005,G$22)/SUMIFS(Registro!$M$6:$M$1005,Registro!$I$6:$I$1005,$A27,Registro!$D$6:$D$1005,G$22),"") | H27: =IFERROR(SUMIFS(Registro!$N$6:$N$1005,Registro!$I$6:$I$1005,$A27,Registro!$D$6:$D$1005,H$22)/SUMIFS(Registro!$M$6:$M$1005,Registro!$I$6:$I$1005,$A27,Registro!$D$6:$D$1005,H$22),"") | I27: =IFERROR(SUMIFS(Registro!$N$6:$N$1005,Registro!$I$6:$I$1005,$A27,Registro!$D$6:$D$1005,I$22)/SUMIFS(Registro!$M$6:$M$1005,Registro!$I$6:$I$1005,$A27,Registro!$D$6:$D$1005,I$22),"") | ... M27: =IFERROR(SUMIFS(Registro!$N$6:$N$1005,Registro!$I$6:$I$1005,$A27,Registro!$D$6:$D$1005,M$22)/SUMIFS(Registro!$M$6:$M$1005,Registro!$I$6:$I$1005,$A27,Registro!$D$6:$D$1005,M$22),"") | N27: =IFERROR(SUMIFS(Registro!$N$6:$N$1005,Registro!$I$6:$I$1005,$A27,Registro!$D$6:$D$1005,">="&$A$6,Registro!$D$6:$D$1005,"<="&$A$17)/SUMIFS(Registro!$M$6:$M$1005,Registro!$I$6:$I$1005,$A27,Registro!$D$6:$D$1005,">="&$A$6,Registro!$D$6:$D$1005,"<="&$A$17),"") | O27: =IF(Parámetros!B18="",Parámetros!$B$5,Parámetros!B18) -> 0.9648
A28: =Parámetros!A19 -> Estrella | B28: =IFERROR(SUMIFS(Registro!$N$6:$N$1005,Registro!$I$6:$I$1005,$A28,Registro!$D$6:$D$1005,B$22)/SUMIFS(Registro!$M$6:$M$1005,Registro!$I$6:$I$1005,$A28,Registro!$D$6:$D$1005,B$22),"") | C28: =IFERROR(SUMIFS(Registro!$N$6:$N$1005,Registro!$I$6:$I$1005,$A28,Registro!$D$6:$D$1005,C$22)/SUMIFS(Registro!$M$6:$M$1005,Registro!$I$6:$I$1005,$A28,Registro!$D$6:$D$1005,C$22),"") | D28: =IFERROR(SUMIFS(Registro!$N$6:$N$1005,Registro!$I$6:$I$1005,$A28,Registro!$D$6:$D$1005,D$22)/SUMIFS(Registro!$M$6:$M$1005,Registro!$I$6:$I$1005,$A28,Registro!$D$6:$D$1005,D$22),"") | E28: =IFERROR(SUMIFS(Registro!$N$6:$N$1005,Registro!$I$6:$I$1005,$A28,Registro!$D$6:$D$1005,E$22)/SUMIFS(Registro!$M$6:$M$1005,Registro!$I$6:$I$1005,$A28,Registro!$D$6:$D$1005,E$22),"") | F28: =IFERROR(SUMIFS(Registro!$N$6:$N$1005,Registro!$I$6:$I$1005,$A28,Registro!$D$6:$D$1005,F$22)/SUMIFS(Registro!$M$6:$M$1005,Registro!$I$6:$I$1005,$A28,Registro!$D$6:$D$1005,F$22),"") | G28: =IFERROR(SUMIFS(Registro!$N$6:$N$1005,Registro!$I$6:$I$1005,$A28,Registro!$D$6:$D$1005,G$22)/SUMIFS(Registro!$M$6:$M$1005,Registro!$I$6:$I$1005,$A28,Registro!$D$6:$D$1005,G$22),"") | H28: =IFERROR(SUMIFS(Registro!$N$6:$N$1005,Registro!$I$6:$I$1005,$A28,Registro!$D$6:$D$1005,H$22)/SUMIFS(Registro!$M$6:$M$1005,Registro!$I$6:$I$1005,$A28,Registro!$D$6:$D$1005,H$22),"") | I28: =IFERROR(SUMIFS(Registro!$N$6:$N$1005,Registro!$I$6:$I$1005,$A28,Registro!$D$6:$D$1005,I$22)/SUMIFS(Registro!$M$6:$M$1005,Registro!$I$6:$I$1005,$A28,Registro!$D$6:$D$1005,I$22),"") | ... M28: =IFERROR(SUMIFS(Registro!$N$6:$N$1005,Registro!$I$6:$I$1005,$A28,Registro!$D$6:$D$1005,M$22)/SUMIFS(Registro!$M$6:$M$1005,Registro!$I$6:$I$1005,$A28,Registro!$D$6:$D$1005,M$22),"") | N28: =IFERROR(SUMIFS(Registro!$N$6:$N$1005,Registro!$I$6:$I$1005,$A28,Registro!$D$6:$D$1005,">="&$A$6,Registro!$D$6:$D$1005,"<="&$A$17)/SUMIFS(Registro!$M$6:$M$1005,Registro!$I$6:$I$1005,$A28,Registro!$D$6:$D$1005,">="&$A$6,Registro!$D$6:$D$1005,"<="&$A$17),"") | O28: =IF(Parámetros!B19="",Parámetros!$B$5,Parámetros!B19) -> 0.958
A29: =Parámetros!A20 -> Saferock | B29: =IFERROR(SUMIFS(Registro!$N$6:$N$1005,Registro!$I$6:$I$1005,$A29,Registro!$D$6:$D$1005,B$22)/SUMIFS(Registro!$M$6:$M$1005,Registro!$I$6:$I$1005,$A29,Registro!$D$6:$D$1005,B$22),"") | C29: =IFERROR(SUMIFS(Registro!$N$6:$N$1005,Registro!$I$6:$I$1005,$A29,Registro!$D$6:$D$1005,C$22)/SUMIFS(Registro!$M$6:$M$1005,Registro!$I$6:$I$1005,$A29,Registro!$D$6:$D$1005,C$22),"") | D29: =IFERROR(SUMIFS(Registro!$N$6:$N$1005,Registro!$I$6:$I$1005,$A29,Registro!$D$6:$D$1005,D$22)/SUMIFS(Registro!$M$6:$M$1005,Registro!$I$6:$I$1005,$A29,Registro!$D$6:$D$1005,D$22),"") | E29: =IFERROR(SUMIFS(Registro!$N$6:$N$1005,Registro!$I$6:$I$1005,$A29,Registro!$D$6:$D$1005,E$22)/SUMIFS(Registro!$M$6:$M$1005,Registro!$I$6:$I$1005,$A29,Registro!$D$6:$D$1005,E$22),"") | F29: =IFERROR(SUMIFS(Registro!$N$6:$N$1005,Registro!$I$6:$I$1005,$A29,Registro!$D$6:$D$1005,F$22)/SUMIFS(Registro!$M$6:$M$1005,Registro!$I$6:$I$1005,$A29,Registro!$D$6:$D$1005,F$22),"") | G29: =IFERROR(SUMIFS(Registro!$N$6:$N$1005,Registro!$I$6:$I$1005,$A29,Registro!$D$6:$D$1005,G$22)/SUMIFS(Registro!$M$6:$M$1005,Registro!$I$6:$I$1005,$A29,Registro!$D$6:$D$1005,G$22),"") | H29: =IFERROR(SUMIFS(Registro!$N$6:$N$1005,Registro!$I$6:$I$1005,$A29,Registro!$D$6:$D$1005,H$22)/SUMIFS(Registro!$M$6:$M$1005,Registro!$I$6:$I$1005,$A29,Registro!$D$6:$D$1005,H$22),"") | I29: =IFERROR(SUMIFS(Registro!$N$6:$N$1005,Registro!$I$6:$I$1005,$A29,Registro!$D$6:$D$1005,I$22)/SUMIFS(Registro!$M$6:$M$1005,Registro!$I$6:$I$1005,$A29,Registro!$D$6:$D$1005,I$22),"") | ... M29: =IFERROR(SUMIFS(Registro!$N$6:$N$1005,Registro!$I$6:$I$1005,$A29,Registro!$D$6:$D$1005,M$22)/SUMIFS(Registro!$M$6:$M$1005,Registro!$I$6:$I$1005,$A29,Registro!$D$6:$D$1005,M$22),"") | N29: =IFERROR(SUMIFS(Registro!$N$6:$N$1005,Registro!$I$6:$I$1005,$A29,Registro!$D$6:$D$1005,">="&$A$6,Registro!$D$6:$D$1005,"<="&$A$17)/SUMIFS(Registro!$M$6:$M$1005,Registro!$I$6:$I$1005,$A29,Registro!$D$6:$D$1005,">="&$A$6,Registro!$D$6:$D$1005,"<="&$A$17),"") | O29: =IF(Parámetros!B20="",Parámetros!$B$5,Parámetros!B20) -> 0.9584
A30: =Parámetros!A21 -> Hexágono | B30: =IFERROR(SUMIFS(Registro!$N$6:$N$1005,Registro!$I$6:$I$1005,$A30,Registro!$D$6:$D$1005,B$22)/SUMIFS(Registro!$M$6:$M$1005,Registro!$I$6:$I$1005,$A30,Registro!$D$6:$D$1005,B$22),"") | C30: =IFERROR(SUMIFS(Registro!$N$6:$N$1005,Registro!$I$6:$I$1005,$A30,Registro!$D$6:$D$1005,C$22)/SUMIFS(Registro!$M$6:$M$1005,Registro!$I$6:$I$1005,$A30,Registro!$D$6:$D$1005,C$22),"") | D30: =IFERROR(SUMIFS(Registro!$N$6:$N$1005,Registro!$I$6:$I$1005,$A30,Registro!$D$6:$D$1005,D$22)/SUMIFS(Registro!$M$6:$M$1005,Registro!$I$6:$I$1005,$A30,Registro!$D$6:$D$1005,D$22),"") | E30: =IFERROR(SUMIFS(Registro!$N$6:$N$1005,Registro!$I$6:$I$1005,$A30,Registro!$D$6:$D$1005,E$22)/SUMIFS(Registro!$M$6:$M$1005,Registro!$I$6:$I$1005,$A30,Registro!$D$6:$D$1005,E$22),"") | F30: =IFERROR(SUMIFS(Registro!$N$6:$N$1005,Registro!$I$6:$I$1005,$A30,Registro!$D$6:$D$1005,F$22)/SUMIFS(Registro!$M$6:$M$1005,Registro!$I$6:$I$1005,$A30,Registro!$D$6:$D$1005,F$22),"") | G30: =IFERROR(SUMIFS(Registro!$N$6:$N$1005,Registro!$I$6:$I$1005,$A30,Registro!$D$6:$D$1005,G$22)/SUMIFS(Registro!$M$6:$M$1005,Registro!$I$6:$I$1005,$A30,Registro!$D$6:$D$1005,G$22),"") | H30: =IFERROR(SUMIFS(Registro!$N$6:$N$1005,Registro!$I$6:$I$1005,$A30,Registro!$D$6:$D$1005,H$22)/SUMIFS(Registro!$M$6:$M$1005,Registro!$I$6:$I$1005,$A30,Registro!$D$6:$D$1005,H$22),"") | I30: =IFERROR(SUMIFS(Registro!$N$6:$N$1005,Registro!$I$6:$I$1005,$A30,Registro!$D$6:$D$1005,I$22)/SUMIFS(Registro!$M$6:$M$1005,Registro!$I$6:$I$1005,$A30,Registro!$D$6:$D$1005,I$22),"") | ... M30: =IFERROR(SUMIFS(Registro!$N$6:$N$1005,Registro!$I$6:$I$1005,$A30,Registro!$D$6:$D$1005,M$22)/SUMIFS(Registro!$M$6:$M$1005,Registro!$I$6:$I$1005,$A30,Registro!$D$6:$D$1005,M$22),"") | N30: =IFERROR(SUMIFS(Registro!$N$6:$N$1005,Registro!$I$6:$I$1005,$A30,Registro!$D$6:$D$1005,">="&$A$6,Registro!$D$6:$D$1005,"<="&$A$17)/SUMIFS(Registro!$M$6:$M$1005,Registro!$I$6:$I$1005,$A30,Registro!$D$6:$D$1005,">="&$A$6,Registro!$D$6:$D$1005,"<="&$A$17),"") | O30: =IF(Parámetros!B21="",Parámetros!$B$5,Parámetros!B21) -> 0.9444
A31: Rosado = bajo la meta del grupo; verde = cumple.

Sheet Carta semanal
A1: Carta de control I-MR semanal
A2: LC = rendimiento ponderado del año; σ = MR̄ / d2; LSC / LIC = LC ± 3σ. Semanas ISO (lunes a domingo).
A4: LC (rend. ponderado del año) | B4: ='Resumen mensual'!E18
A5: MR̄ (rango móvil promedio) | B5: =IFERROR(AVERAGE(F12:F64),"")
A6: σ | B6: =IF(B5="","",B5/Parámetros!B8)
A7: LSC = LC + 3σ | B7: =IF(OR(B4="",B6=""),"",B4+3*B6)
A8: LIC = LC − 3σ | B8: =IF(OR(B4="",B6=""),"",B4-3*B6)
A9: Meta ponderada del año | B9: ='Resumen mensual'!F18
A11: Semana | B11: Etiqueta | C11: Consumo (kg) | D11: Producción (kg) | E11: Rend. semanal | F11: Rango móvil (MR) | G11: LC | H11: LSC | I11: LIC | J11: Meta | K11: Semanas seguidas bajo LC | L11: Señal
A12: 1 | B12: ="S"&TEXT(A12,"00") -> S01 | C12: =SUMIFS(Registro!$M$6:$M$1005,Registro!$B$6:$B$1005,Parámetros!$B$4,Registro!$C$6:$C$1005,1) -> 0 | D12: =SUMIFS(Registro!$N$6:$N$1005,Registro!$B$6:$B$1005,Parámetros!$B$4,Registro!$C$6:$C$1005,1) -> 0 | E12: =IF(C12=0,"",D12/C12) | G12: =$B$4 | H12: =$B$7 | I12: =$B$8 | J12: =$B$9 | K12: =IF(OR(E12="",$B$4=""),"",IF(E12<G12,0+1,0)) | L12: =IF(E12="","",IF(AND(H12<>"",OR(E12>H12,E12<I12)),"Fuera de control",IF(K12>=8,"Tendencia: 8+ semanas bajo LC",IF(E12<J12,"Bajo meta","OK"))))
A13: 2 | B13: ="S"&TEXT(A13,"00") -> S02 | C13: =SUMIFS(Registro!$M$6:$M$1005,Registro!$B$6:$B$1005,Parámetros!$B$4,Registro!$C$6:$C$1005,2) -> 0 | D13: =SUMIFS(Registro!$N$6:$N$1005,Registro!$B$6:$B$1005,Parámetros!$B$4,Registro!$C$6:$C$1005,2) -> 0 | E13: =IF(C13=0,"",D13/C13) | F13: =IF(OR(E13="",E12=""),"",ABS(E13-E12)) | G13: =$B$4 | H13: =$B$7 | I13: =$B$8 | J13: =$B$9 | K13: =IF(OR(E13="",$B$4=""),"",IF(E13<G13,N(K12)+1,0)) | L13: =IF(E13="","",IF(AND(H13<>"",OR(E13>H13,E13<I13)),"Fuera de control",IF(K13>=8,"Tendencia: 8+ semanas bajo LC",IF(E13<J13,"Bajo meta","OK"))))
A14: 3 | B14: ="S"&TEXT(A14,"00") -> S03 | C14: =SUMIFS(Registro!$M$6:$M$1005,Registro!$B$6:$B$1005,Parámetros!$B$4,Registro!$C$6:$C$1005,3) -> 0 | D14: =SUMIFS(Registro!$N$6:$N$1005,Registro!$B$6:$B$1005,Parámetros!$B$4,Registro!$C$6:$C$1005,3) -> 0 | E14: =IF(C14=0,"",D14/C14) | F14: =IF(OR(E14="",E13=""),"",ABS(E14-E13)) | G14: =$B$4 | H14: =$B$7 | I14: =$B$8 | J14: =$B$9 | K14: =IF(OR(E14="",$B$4=""),"",IF(E14<G14,N(K13)+1,0)) | L14: =IF(E14="","",IF(AND(H14<>"",OR(E14>H14,E14<I14)),"Fuera de control",IF(K14>=8,"Tendencia: 8+ semanas bajo LC",IF(E14<J14,"Bajo meta","OK"))))
A15: 4 | B15: ="S"&TEXT(A15,"00") -> S04 | C15: =SUMIFS(Registro!$M$6:$M$1005,Registro!$B$6:$B$1005,Parámetros!$B$4,Registro!$C$6:$C$1005,4) -> 0 | D15: =SUMIFS(Registro!$N$6:$N$1005,Registro!$B$6:$B$1005,Parámetros!$B$4,Registro!$C$6:$C$1005,4) -> 0 | E15: =IF(C15=0,"",D15/C15) | F15: =IF(OR(E15="",E14=""),"",ABS(E15-E14)) | G15: =$B$4 | H15: =$B$7 | I15: =$B$8 | J15: =$B$9 | K15: =IF(OR(E15="",$B$4=""),"",IF(E15<G15,N(K14)+1,0)) | L15: =IF(E15="","",IF(AND(H15<>"",OR(E15>H15,E15<I15)),"Fuera de control",IF(K15>=8,"Tendencia: 8+ semanas bajo LC",IF(E15<J15,"Bajo meta","OK"))))
A16: 5 | B16: ="S"&TEXT(A16,"00") -> S05 | C16: =SUMIFS(Registro!$M$6:$M$1005,Registro!$B$6:$B$1005,Parámetros!$B$4,Registro!$C$6:$C$1005,5) -> 0 | D16: =SUMIFS(Registro!$N$6:$N$1005,Registro!$B$6:$B$1005,Parámetros!$B$4,Registro!$C$6:$C$1005,5) -> 0 | E16: =IF(C16=0,"",D16/C16) | F16: =IF(OR(E16="",E15=""),"",ABS(E16-E15)) | G16: =$B$4 | H16: =$B$7 | I16: =$B$8 | J16: =$B$9 | K16: =IF(OR(E16="",$B$4=""),"",IF(E16<G16,N(K15)+1,0)) | L16: =IF(E16="","",IF(AND(H16<>"",OR(E16>H16,E16<I16)),"Fuera de control",IF(K16>=8,"Tendencia: 8+ semanas bajo LC",IF(E16<J16,"Bajo meta","OK"))))
A17: 6 | B17: ="S"&TEXT(A17,"00") -> S06 | C17: =SUMIFS(Registro!$M$6:$M$1005,Registro!$B$6:$B$1005,Parámetros!$B$4,Registro!$C$6:$C$1005,6) -> 0 | D17: =SUMIFS(Registro!$N$6:$N$1005,Registro!$B$6:$B$1005,Parámetros!$B$4,Registro!$C$6:$C$1005,6) -> 0 | E17: =IF(C17=0,"",D17/C17) | F17: =IF(OR(E17="",E16=""),"",ABS(E17-E16)) | G17: =$B$4 | H17: =$B$7 | I17: =$B$8 | J17: =$B$9 | K17: =IF(OR(E17="",$B$4=""),"",IF(E17<G17,N(K16)+1,0)) | L17: =IF(E17="","",IF(AND(H17<>"",OR(E17>H17,E17<I17)),"Fuera de control",IF(K17>=8,"Tendencia: 8+ semanas bajo LC",IF(E17<J17,"Bajo meta","OK"))))
A18: 7 | B18: ="S"&TEXT(A18,"00") -> S07 | C18: =SUMIFS(Registro!$M$6:$M$1005,Registro!$B$6:$B$1005,Parámetros!$B$4,Registro!$C$6:$C$1005,7) -> 0 | D18: =SUMIFS(Registro!$N$6:$N$1005,Registro!$B$6:$B$1005,Parámetros!$B$4,Registro!$C$6:$C$1005,7) -> 0 | E18: =IF(C18=0,"",D18/C18) | F18: =IF(OR(E18="",E17=""),"",ABS(E18-E17)) | G18: =$B$4 | H18: =$B$7 | I18: =$B$8 | J18: =$B$9 | K18: =IF(OR(E18="",$B$4=""),"",IF(E18<G18,N(K17)+1,0)) | L18: =IF(E18="","",IF(AND(H18<>"",OR(E18>H18,E18<I18)),"Fuera de control",IF(K18>=8,"Tendencia: 8+ semanas bajo LC",IF(E18<J18,"Bajo meta","OK"))))
A19: 8 | B19: ="S"&TEXT(A19,"00") -> S08 | C19: =SUMIFS(Registro!$M$6:$M$1005,Registro!$B$6:$B$1005,Parámetros!$B$4,Registro!$C$6:$C$1005,8) -> 0 | D19: =SUMIFS(Registro!$N$6:$N$1005,Registro!$B$6:$B$1005,Parámetros!$B$4,Registro!$C$6:$C$1005,8) -> 0 | E19: =IF(C19=0,"",D19/C19) | F19: =IF(OR(E19="",E18=""),"",ABS(E19-E18)) | G19: =$B$4 | H19: =$B$7 | I19: =$B$8 | J19: =$B$9 | K19: =IF(OR(E19="",$B$4=""),"",IF(E19<G19,N(K18)+1,0)) | L19: =IF(E19="","",IF(AND(H19<>"",OR(E19>H19,E19<I19)),"Fuera de control",IF(K19>=8,"Tendencia: 8+ semanas bajo LC",IF(E19<J19,"Bajo meta","OK"))))
A20: 9 | B20: ="S"&TEXT(A20,"00") -> S09 | C20: =SUMIFS(Registro!$M$6:$M$1005,Registro!$B$6:$B$1005,Parámetros!$B$4,Registro!$C$6:$C$1005,9) -> 0 | D20: =SUMIFS(Registro!$N$6:$N$1005,Registro!$B$6:$B$1005,Parámetros!$B$4,Registro!$C$6:$C$1005,9) -> 0 | E20: =IF(C20=0,"",D20/C20) | F20: =IF(OR(E20="",E19=""),"",ABS(E20-E19)) | G20: =$B$4 | H20: =$B$7 | I20: =$B$8 | J20: =$B$9 | K20: =IF(OR(E20="",$B$4=""),"",IF(E20<G20,N(K19)+1,0)) | L20: =IF(E20="","",IF(AND(H20<>"",OR(E20>H20,E20<I20)),"Fuera de control",IF(K20>=8,"Tendencia: 8+ semanas bajo LC",IF(E20<J20,"Bajo meta","OK"))))
A21: 10 | B21: ="S"&TEXT(A21,"00") -> S10 | C21: =SUMIFS(Registro!$M$6:$M$1005,Registro!$B$6:$B$1005,Parámetros!$B$4,Registro!$C$6:$C$1005,10) -> 0 | D21: =SUMIFS(Registro!$N$6:$N$1005,Registro!$B$6:$B$1005,Parámetros!$B$4,Registro!$C$6:$C$1005,10) -> 0 | E21: =IF(C21=0,"",D21/C21) | F21: =IF(OR(E21="",E20=""),"",ABS(E21-E20)) | G21: =$B$4 | H21: =$B$7 | I21: =$B$8 | J21: =$B$9 | K21: =IF(OR(E21="",$B$4=""),"",IF(E21<G21,N(K20)+1,0)) | L21: =IF(E21="","",IF(AND(H21<>"",OR(E21>H21,E21<I21)),"Fuera de control",IF(K21>=8,"Tendencia: 8+ semanas bajo LC",IF(E21<J21,"Bajo meta","OK"))))
A22: 11 | B22: ="S"&TEXT(A22,"00") -> S11 | C22: =SUMIFS(Registro!$M$6:$M$1005,Registro!$B$6:$B$1005,Parámetros!$B$4,Registro!$C$6:$C$1005,11) -> 0 | D22: =SUMIFS(Registro!$N$6:$N$1005,Registro!$B$6:$B$1005,Parámetros!$B$4,Registro!$C$6:$C$1005,11) -> 0 | E22: =IF(C22=0,"",D22/C22) | F22: =IF(OR(E22="",E21=""),"",ABS(E22-E21)) | G22: =$B$4 | H22: =$B$7 | I22: =$B$8 | J22: =$B$9 | K22: =IF(OR(E22="",$B$4=""),"",IF(E22<G22,N(K21)+1,0)) | L22: =IF(E22="","",IF(AND(H22<>"",OR(E22>H22,E22<I22)),"Fuera de control",IF(K22>=8,"Tendencia: 8+ semanas bajo LC",IF(E22<J22,"Bajo meta","OK"))))
A23: 12 | B23: ="S"&TEXT(A23,"00") -> S12 | C23: =SUMIFS(Registro!$M$6:$M$1005,Registro!$B$6:$B$1005,Parámetros!$B$4,Registro!$C$6:$C$1005,12) -> 0 | D23: =SUMIFS(Registro!$N$6:$N$1005,Registro!$B$6:$B$1005,Parámetros!$B$4,Registro!$C$6:$C$1005,12) -> 0 | E23: =IF(C23=0,"",D23/C23) | F23: =IF(OR(E23="",E22=""),"",ABS(E23-E22)) | G23: =$B$4 | H23: =$B$7 | I23: =$B$8 | J23: =$B$9 | K23: =IF(OR(E23="",$B$4=""),"",IF(E23<G23,N(K22)+1,0)) | L23: =IF(E23="","",IF(AND(H23<>"",OR(E23>H23,E23<I23)),"Fuera de control",IF(K23>=8,"Tendencia: 8+ semanas bajo LC",IF(E23<J23,"Bajo meta","OK"))))
A24: 13 | B24: ="S"&TEXT(A24,"00") -> S13 | C24: =SUMIFS(Registro!$M$6:$M$1005,Registro!$B$6:$B$1005,Parámetros!$B$4,Registro!$C$6:$C$1005,13) -> 0 | D24: =SUMIFS(Registro!$N$6:$N$1005,Registro!$B$6:$B$1005,Parámetros!$B$4,Registro!$C$6:$C$1005,13) -> 0 | E24: =IF(C24=0,"",D24/C24) | F24: =IF(OR(E24="",E23=""),"",ABS(E24-E23)) | G24: =$B$4 | H24: =$B$7 | I24: =$B$8 | J24: =$B$9 | K24: =IF(OR(E24="",$B$4=""),"",IF(E24<G24,N(K23)+1,0)) | L24: =IF(E24="","",IF(AND(H24<>"",OR(E24>H24,E24<I24)),"Fuera de control",IF(K24>=8,"Tendencia: 8+ semanas bajo LC",IF(E24<J24,"Bajo meta","OK"))))
A25: 14 | B25: ="S"&TEXT(A25,"00") -> S14 | C25: =SUMIFS(Registro!$M$6:$M$1005,Registro!$B$6:$B$1005,Parámetros!$B$4,Registro!$C$6:$C$1005,14) -> 0 | D25: =SUMIFS(Registro!$N$6:$N$1005,Registro!$B$6:$B$1005,Parámetros!$B$4,Registro!$C$6:$C$1005,14) -> 0 | E25: =IF(C25=0,"",D25/C25) | F25: =IF(OR(E25="",E24=""),"",ABS(E25-E24)) | G25: =$B$4 | H25: =$B$7 | I25: =$B$8 | J25: =$B$9 | K25: =IF(OR(E25="",$B$4=""),"",IF(E25<G25,N(K24)+1,0)) | L25: =IF(E25="","",IF(AND(H25<>"",OR(E25>H25,E25<I25)),"Fuera de control",IF(K25>=8,"Tendencia: 8+ semanas bajo LC",IF(E25<J25,"Bajo meta","OK"))))
A26: 15 | B26: ="S"&TEXT(A26,"00") -> S15 | C26: =SUMIFS(Registro!$M$6:$M$1005,Registro!$B$6:$B$1005,Parámetros!$B$4,Registro!$C$6:$C$1005,15) -> 0 | D26: =SUMIFS(Registro!$N$6:$N$1005,Registro!$B$6:$B$1005,Parámetros!$B$4,Registro!$C$6:$C$1005,15) -> 0 | E26: =IF(C26=0,"",D26/C26) | F26: =IF(OR(E26="",E25=""),"",ABS(E26-E25)) | G26: =$B$4 | H26: =$B$7 | I26: =$B$8 | J26: =$B$9 | K26: =IF(OR(E26="",$B$4=""),"",IF(E26<G26,N(K25)+1,0)) | L26: =IF(E26="","",IF(AND(H26<>"",OR(E26>H26,E26<I26)),"Fuera de control",IF(K26>=8,"Tendencia: 8+ semanas bajo LC",IF(E26<J26,"Bajo meta","OK"))))
A27: 16 | B27: ="S"&TEXT(A27,"00") -> S16 | C27: =SUMIFS(Registro!$M$6:$M$1005,Registro!$B$6:$B$1005,Parámetros!$B$4,Registro!$C$6:$C$1005,16) -> 0 | D27: =SUMIFS(Registro!$N$6:$N$1005,Registro!$B$6:$B$1005,Parámetros!$B$4,Registro!$C$6:$C$1005,16) -> 0 | E27: =IF(C27=0,"",D27/C27) | F27: =IF(OR(E27="",E26=""),"",ABS(E27-E26)) | G27: =$B$4 | H27: =$B$7 | I27: =$B$8 | J27: =$B$9 | K27: =IF(OR(E27="",$B$4=""),"",IF(E27<G27,N(K26)+1,0)) | L27: =IF(E27="","",IF(AND(H27<>"",OR(E27>H27,E27<I27)),"Fuera de control",IF(K27>=8,"Tendencia: 8+ semanas bajo LC",IF(E27<J27,"Bajo meta","OK"))))
A28: 17 | B28: ="S"&TEXT(A28,"00") -> S17 | C28: =SUMIFS(Registro!$M$6:$M$1005,Registro!$B$6:$B$1005,Parámetros!$B$4,Registro!$C$6:$C$1005,17) -> 0 | D28: =SUMIFS(Registro!$N$6:$N$1005,Registro!$B$6:$B$1005,Parámetros!$B$4,Registro!$C$6:$C$1005,17) -> 0 | E28: =IF(C28=0,"",D28/C28) | F28: =IF(OR(E28="",E27=""),"",ABS(E28-E27)) | G28: =$B$4 | H28: =$B$7 | I28: =$B$8 | J28: =$B$9 | K28: =IF(OR(E28="",$B$4=""),"",IF(E28<G28,N(K27)+1,0)) | L28: =IF(E28="","",IF(AND(H28<>"",OR(E28>H28,E28<I28)),"Fuera de control",IF(K28>=8,"Tendencia: 8+ semanas bajo LC",IF(E28<J28,"Bajo meta","OK"))))
A29: 18 | B29: ="S"&TEXT(A29,"00") -> S18 | C29: =SUMIFS(Registro!$M$6:$M$1005,Registro!$B$6:$B$1005,Parámetros!$B$4,Registro!$C$6:$C$1005,18) -> 0 | D29: =SUMIFS(Registro!$N$6:$N$1005,Registro!$B$6:$B$1005,Parámetros!$B$4,Registro!$C$6:$C$1005,18) -> 0 | E29: =IF(C29=0,"",D29/C29) | F29: =IF(OR(E29="",E28=""),"",ABS(E29-E28)) | G29: =$B$4 | H29: =$B$7 | I29: =$B$8 | J29: =$B$9 | K29: =IF(OR(E29="",$B$4=""),"",IF(E29<G29,N(K28)+1,0)) | L29: =IF(E29="","",IF(AND(H29<>"",OR(E29>H29,E29<I29)),"Fuera de control",IF(K29>=8,"Tendencia: 8+ semanas bajo LC",IF(E29<J29,"Bajo meta","OK"))))
A30: 19 | B30: ="S"&TEXT(A30,"00") -> S19 | C30: =SUMIFS(Registro!$M$6:$M$1005,Registro!$B$6:$B$1005,Parámetros!$B$4,Registro!$C$6:$C$1005,19) -> 0 | D30: =SUMIFS(Registro!$N$6:$N$1005,Registro!$B$6:$B$1005,Parámetros!$B$4,Registro!$C$6:$C$1005,19) -> 0 | E30: =IF(C30=0,"",D30/C30) | F30: =IF(OR(E30="",E29=""),"",ABS(E30-E29)) | G30: =$B$4 | H30: =$B$7 | I30: =$B$8 | J30: =$B$9 | K30: =IF(OR(E30="",$B$4=""),"",IF(E30<G30,N(K29)+1,0)) | L30: =IF(E30="","",IF(AND(H30<>"",OR(E30>H30,E30<I30)),"Fuera de control",IF(K30>=8,"Tendencia: 8+ semanas bajo LC",IF(E30<J30,"Bajo meta","OK"))))
A31: 20 | B31: ="S"&TEXT(A31,"00") -> S20 | C31: =SUMIFS(Registro!$M$6:$M$1005,Registro!$B$6:$B$1005,Parámetros!$B$4,Registro!$C$6:$C$1005,20) -> 0 | D31: =SUMIFS(Registro!$N$6:$N$1005,Registro!$B$6:$B$1005,Parámetros!$B$4,Registro!$C$6:$C$1005,20) -> 0 | E31: =IF(C31=0,"",D31/C31) | F31: =IF(OR(E31="",E30=""),"",ABS(E31-E30)) | G31: =$B$4 | H31: =$B$7 | I31: =$B$8 | J31: =$B$9 | K31: =IF(OR(E31="",$B$4=""),"",IF(E31<G31,N(K30)+1,0)) | L31: =IF(E31="","",IF(AND(H31<>"",OR(E31>H31,E31<I31)),"Fuera de control",IF(K31>=8,"Tendencia: 8+ semanas bajo LC",IF(E31<J31,"Bajo meta","OK"))))
A32: 21 | B32: ="S"&TEXT(A32,"00") -> S21 | C32: =SUMIFS(Registro!$M$6:$M$1005,Registro!$B$6:$B$1005,Parámetros!$B$4,Registro!$C$6:$C$1005,21) -> 0 | D32: =SUMIFS(Registro!$N$6:$N$1005,Registro!$B$6:$B$1005,Parámetros!$B$4,Registro!$C$6:$C$1005,21) -> 0 | E32: =IF(C32=0,"",D32/C32) | F32: =IF(OR(E32="",E31=""),"",ABS(E32-E31)) | G32: =$B$4 | H32: =$B$7 | I32: =$B$8 | J32: =$B$9 | K32: =IF(OR(E32="",$B$4=""),"",IF(E32<G32,N(K31)+1,0)) | L32: =IF(E32="","",IF(AND(H32<>"",OR(E32>H32,E32<I32)),"Fuera de control",IF(K32>=8,"Tendencia: 8+ semanas bajo LC",IF(E32<J32,"Bajo meta","OK"))))
A33: 22 | B33: ="S"&TEXT(A33,"00") -> S22 | C33: =SUMIFS(Registro!$M$6:$M$1005,Registro!$B$6:$B$1005,Parámetros!$B$4,Registro!$C$6:$C$1005,22) -> 0 | D33: =SUMIFS(Registro!$N$6:$N$1005,Registro!$B$6:$B$1005,Parámetros!$B$4,Registro!$C$6:$C$1005,22) -> 0 | E33: =IF(C33=0,"",D33/C33) | F33: =IF(OR(E33="",E32=""),"",ABS(E33-E32)) | G33: =$B$4 | H33: =$B$7 | I33: =$B$8 | J33: =$B$9 | K33: =IF(OR(E33="",$B$4=""),"",IF(E33<G33,N(K32)+1,0)) | L33: =IF(E33="","",IF(AND(H33<>"",OR(E33>H33,E33<I33)),"Fuera de control",IF(K33>=8,"Tendencia: 8+ semanas bajo LC",IF(E33<J33,"Bajo meta","OK"))))
A34: 23 | B34: ="S"&TEXT(A34,"00") -> S23 | C34: =SUMIFS(Registro!$M$6:$M$1005,Registro!$B$6:$B$1005,Parámetros!$B$4,Registro!$C$6:$C$1005,23) -> 0 | D34: =SUMIFS(Registro!$N$6:$N$1005,Registro!$B$6:$B$1005,Parámetros!$B$4,Registro!$C$6:$C$1005,23) -> 0 | E34: =IF(C34=0,"",D34/C34) | F34: =IF(OR(E34="",E33=""),"",ABS(E34-E33)) | G34: =$B$4 | H34: =$B$7 | I34: =$B$8 | J34: =$B$9 | K34: =IF(OR(E34="",$B$4=""),"",IF(E34<G34,N(K33)+1,0)) | L34: =IF(E34="","",IF(AND(H34<>"",OR(E34>H34,E34<I34)),"Fuera de control",IF(K34>=8,"Tendencia: 8+ semanas bajo LC",IF(E34<J34,"Bajo meta","OK"))))
A35: 24 | B35: ="S"&TEXT(A35,"00") -> S24 | C35: =SUMIFS(Registro!$M$6:$M$1005,Registro!$B$6:$B$1005,Parámetros!$B$4,Registro!$C$6:$C$1005,24) -> 0 | D35: =SUMIFS(Registro!$N$6:$N$1005,Registro!$B$6:$B$1005,Parámetros!$B$4,Registro!$C$6:$C$1005,24) -> 0 | E35: =IF(C35=0,"",D35/C35) | F35: =IF(OR(E35="",E34=""),"",ABS(E35-E34)) | G35: =$B$4 | H35: =$B$7 | I35: =$B$8 | J35: =$B$9 | K35: =IF(OR(E35="",$B$4=""),"",IF(E35<G35,N(K34)+1,0)) | L35: =IF(E35="","",IF(AND(H35<>"",OR(E35>H35,E35<I35)),"Fuera de control",IF(K35>=8,"Tendencia: 8+ semanas bajo LC",IF(E35<J35,"Bajo meta","OK"))))
A36: 25 | B36: ="S"&TEXT(A36,"00") -> S25 | C36: =SUMIFS(Registro!$M$6:$M$1005,Registro!$B$6:$B$1005,Parámetros!$B$4,Registro!$C$6:$C$1005,25) -> 0 | D36: =SUMIFS(Registro!$N$6:$N$1005,Registro!$B$6:$B$1005,Parámetros!$B$4,Registro!$C$6:$C$1005,25) -> 0 | E36: =IF(C36=0,"",D36/C36) | F36: =IF(OR(E36="",E35=""),"",ABS(E36-E35)) | G36: =$B$4 | H36: =$B$7 | I36: =$B$8 | J36: =$B$9 | K36: =IF(OR(E36="",$B$4=""),"",IF(E36<G36,N(K35)+1,0)) | L36: =IF(E36="","",IF(AND(H36<>"",OR(E36>H36,E36<I36)),"Fuera de control",IF(K36>=8,"Tendencia: 8+ semanas bajo LC",IF(E36<J36,"Bajo meta","OK"))))
A37: 26 | B37: ="S"&TEXT(A37,"00") -> S26 | C37: =SUMIFS(Registro!$M$6:$M$1005,Registro!$B$6:$B$1005,Parámetros!$B$4,Registro!$C$6:$C$1005,26) -> 0 | D37: =SUMIFS(Registro!$N$6:$N$1005,Registro!$B$6:$B$1005,Parámetros!$B$4,Registro!$C$6:$C$1005,26) -> 0 | E37: =IF(C37=0,"",D37/C37) | F37: =IF(OR(E37="",E36=""),"",ABS(E37-E36)) | G37: =$B$4 | H37: =$B$7 | I37: =$B$8 | J37: =$B$9 | K37: =IF(OR(E37="",$B$4=""),"",IF(E37<G37,N(K36)+1,0)) | L37: =IF(E37="","",IF(AND(H37<>"",OR(E37>H37,E37<I37)),"Fuera de control",IF(K37>=8,"Tendencia: 8+ semanas bajo LC",IF(E37<J37,"Bajo meta","OK"))))
A38: 27 | B38: ="S"&TEXT(A38,"00") -> S27 | C38: =SUMIFS(Registro!$M$6:$M$1005,Registro!$B$6:$B$1005,Parámetros!$B$4,Registro!$C$6:$C$1005,27) -> 0 | D38: =SUMIFS(Registro!$N$6:$N$1005,Registro!$B$6:$B$1005,Parámetros!$B$4,Registro!$C$6:$C$1005,27) -> 0 | E38: =IF(C38=0,"",D38/C38) | F38: =IF(OR(E38="",E37=""),"",ABS(E38-E37)) | G38: =$B$4 | H38: =$B$7 | I38: =$B$8 | J38: =$B$9 | K38: =IF(OR(E38="",$B$4=""),"",IF(E38<G38,N(K37)+1,0)) | L38: =IF(E38="","",IF(AND(H38<>"",OR(E38>H38,E38<I38)),"Fuera de control",IF(K38>=8,"Tendencia: 8+ semanas bajo LC",IF(E38<J38,"Bajo meta","OK"))))
A39: 28 | B39: ="S"&TEXT(A39,"00") -> S28 | C39: =SUMIFS(Registro!$M$6:$M$1005,Registro!$B$6:$B$1005,Parámetros!$B$4,Registro!$C$6:$C$1005,28) -> 0 | D39: =SUMIFS(Registro!$N$6:$N$1005,Registro!$B$6:$B$1005,Parámetros!$B$4,Registro!$C$6:$C$1005,28) -> 0 | E39: =IF(C39=0,"",D39/C39) | F39: =IF(OR(E39="",E38=""),"",ABS(E39-E38)) | G39: =$B$4 | H39: =$B$7 | I39: =$B$8 | J39: =$B$9 | K39: =IF(OR(E39="",$B$4=""),"",IF(E39<G39,N(K38)+1,0)) | L39: =IF(E39="","",IF(AND(H39<>"",OR(E39>H39,E39<I39)),"Fuera de control",IF(K39>=8,"Tendencia: 8+ semanas bajo LC",IF(E39<J39,"Bajo meta","OK"))))
A40: 29 | B40: ="S"&TEXT(A40,"00") -> S29 | C40: =SUMIFS(Registro!$M$6:$M$1005,Registro!$B$6:$B$1005,Parámetros!$B$4,Registro!$C$6:$C$1005,29) -> 0 | D40: =SUMIFS(Registro!$N$6:$N$1005,Registro!$B$6:$B$1005,Parámetros!$B$4,Registro!$C$6:$C$1005,29) -> 0 | E40: =IF(C40=0,"",D40/C40) | F40: =IF(OR(E40="",E39=""),"",ABS(E40-E39)) | G40: =$B$4 | H40: =$B$7 | I40: =$B$8 | J40: =$B$9 | K40: =IF(OR(E40="",$B$4=""),"",IF(E40<G40,N(K39)+1,0)) | L40: =IF(E40="","",IF(AND(H40<>"",OR(E40>H40,E40<I40)),"Fuera de control",IF(K40>=8,"Tendencia: 8+ semanas bajo LC",IF(E40<J40,"Bajo meta","OK"))))
A41: 30 | B41: ="S"&TEXT(A41,"00") -> S30 | C41: =SUMIFS(Registro!$M$6:$M$1005,Registro!$B$6:$B$1005,Parámetros!$B$4,Registro!$C$6:$C$1005,30) -> 0 | D41: =SUMIFS(Registro!$N$6:$N$1005,Registro!$B$6:$B$1005,Parámetros!$B$4,Registro!$C$6:$C$1005,30) -> 0 | E41: =IF(C41=0,"",D41/C41) | F41: =IF(OR(E41="",E40=""),"",ABS(E41-E40)) | G41: =$B$4 | H41: =$B$7 | I41: =$B$8 | J41: =$B$9 | K41: =IF(OR(E41="",$B$4=""),"",IF(E41<G41,N(K40)+1,0)) | L41: =IF(E41="","",IF(AND(H41<>"",OR(E41>H41,E41<I41)),"Fuera de control",IF(K41>=8,"Tendencia: 8+ semanas bajo LC",IF(E41<J41,"Bajo meta","OK"))))
A42: 31 | B42: ="S"&TEXT(A42,"00") -> S31 | C42: =SUMIFS(Registro!$M$6:$M$1005,Registro!$B$6:$B$1005,Parámetros!$B$4,Registro!$C$6:$C$1005,31) -> 0 | D42: =SUMIFS(Registro!$N$6:$N$1005,Registro!$B$6:$B$1005,Parámetros!$B$4,Registro!$C$6:$C$1005,31) -> 0 | E42: =IF(C42=0,"",D42/C42) | F42: =IF(OR(E42="",E41=""),"",ABS(E42-E41)) | G42: =$B$4 | H42: =$B$7 | I42: =$B$8 | J42: =$B$9 | K42: =IF(OR(E42="",$B$4=""),"",IF(E42<G42,N(K41)+1,0)) | L42: =IF(E42="","",IF(AND(H42<>"",OR(E42>H42,E42<I42)),"Fuera de control",IF(K42>=8,"Tendencia: 8+ semanas bajo LC",IF(E42<J42,"Bajo meta","OK"))))
A43: 32 | B43: ="S"&TEXT(A43,"00") -> S32 | C43: =SUMIFS(Registro!$M$6:$M$1005,Registro!$B$6:$B$1005,Parámetros!$B$4,Registro!$C$6:$C$1005,32) -> 0 | D43: =SUMIFS(Registro!$N$6:$N$1005,Registro!$B$6:$B$1005,Parámetros!$B$4,Registro!$C$6:$C$1005,32) -> 0 | E43: =IF(C43=0,"",D43/C43) | F43: =IF(OR(E43="",E42=""),"",ABS(E43-E42)) | G43: =$B$4 | H43: =$B$7 | I43: =$B$8 | J43: =$B$9 | K43: =IF(OR(E43="",$B$4=""),"",IF(E43<G43,N(K42)+1,0)) | L43: =IF(E43="","",IF(AND(H43<>"",OR(E43>H43,E43<I43)),"Fuera de control",IF(K43>=8,"Tendencia: 8+ semanas bajo LC",IF(E43<J43,"Bajo meta","OK"))))
A44: 33 | B44: ="S"&TEXT(A44,"00") -> S33 | C44: =SUMIFS(Registro!$M$6:$M$1005,Registro!$B$6:$B$1005,Parámetros!$B$4,Registro!$C$6:$C$1005,33) -> 0 | D44: =SUMIFS(Registro!$N$6:$N$1005,Registro!$B$6:$B$1005,Parámetros!$B$4,Registro!$C$6:$C$1005,33) -> 0 | E44: =IF(C44=0,"",D44/C44) | F44: =IF(OR(E44="",E43=""),"",ABS(E44-E43)) | G44: =$B$4 | H44: =$B$7 | I44: =$B$8 | J44: =$B$9 | K44: =IF(OR(E44="",$B$4=""),"",IF(E44<G44,N(K43)+1,0)) | L44: =IF(E44="","",IF(AND(H44<>"",OR(E44>H44,E44<I44)),"Fuera de control",IF(K44>=8,"Tendencia: 8+ semanas bajo LC",IF(E44<J44,"Bajo meta","OK"))))
A45: 34 | B45: ="S"&TEXT(A45,"00") -> S34 | C45: =SUMIFS(Registro!$M$6:$M$1005,Registro!$B$6:$B$1005,Parámetros!$B$4,Registro!$C$6:$C$1005,34) -> 0 | D45: =SUMIFS(Registro!$N$6:$N$1005,Registro!$B$6:$B$1005,Parámetros!$B$4,Registro!$C$6:$C$1005,34) -> 0 | E45: =IF(C45=0,"",D45/C45) | F45: =IF(OR(E45="",E44=""),"",ABS(E45-E44)) | G45: =$B$4 | H45: =$B$7 | I45: =$B$8 | J45: =$B$9 | K45: =IF(OR(E45="",$B$4=""),"",IF(E45<G45,N(K44)+1,0)) | L45: =IF(E45="","",IF(AND(H45<>"",OR(E45>H45,E45<I45)),"Fuera de control",IF(K45>=8,"Tendencia: 8+ semanas bajo LC",IF(E45<J45,"Bajo meta","OK"))))
A46: 35 | B46: ="S"&TEXT(A46,"00") -> S35 | C46: =SUMIFS(Registro!$M$6:$M$1005,Registro!$B$6:$B$1005,Parámetros!$B$4,Registro!$C$6:$C$1005,35) -> 0 | D46: =SUMIFS(Registro!$N$6:$N$1005,Registro!$B$6:$B$1005,Parámetros!$B$4,Registro!$C$6:$C$1005,35) -> 0 | E46: =IF(C46=0,"",D46/C46) | F46: =IF(OR(E46="",E45=""),"",ABS(E46-E45)) | G46: =$B$4 | H46: =$B$7 | I46: =$B$8 | J46: =$B$9 | K46: =IF(OR(E46="",$B$4=""),"",IF(E46<G46,N(K45)+1,0)) | L46: =IF(E46="","",IF(AND(H46<>"",OR(E46>H46,E46<I46)),"Fuera de control",IF(K46>=8,"Tendencia: 8+ semanas bajo LC",IF(E46<J46,"Bajo meta","OK"))))
A47: 36 | B47: ="S"&TEXT(A47,"00") -> S36 | C47: =SUMIFS(Registro!$M$6:$M$1005,Registro!$B$6:$B$1005,Parámetros!$B$4,Registro!$C$6:$C$1005,36) -> 0 | D47: =SUMIFS(Registro!$N$6:$N$1005,Registro!$B$6:$B$1005,Parámetros!$B$4,Registro!$C$6:$C$1005,36) -> 0 | E47: =IF(C47=0,"",D47/C47) | F47: =IF(OR(E47="",E46=""),"",ABS(E47-E46)) | G47: =$B$4 | H47: =$B$7 | I47: =$B$8 | J47: =$B$9 | K47: =IF(OR(E47="",$B$4=""),"",IF(E47<G47,N(K46)+1,0)) | L47: =IF(E47="","",IF(AND(H47<>"",OR(E47>H47,E47<I47)),"Fuera de control",IF(K47>=8,"Tendencia: 8+ semanas bajo LC",IF(E47<J47,"Bajo meta","OK"))))
A48: 37 | B48: ="S"&TEXT(A48,"00") -> S37 | C48: =SUMIFS(Registro!$M$6:$M$1005,Registro!$B$6:$B$1005,Parámetros!$B$4,Registro!$C$6:$C$1005,37) -> 0 | D48: =SUMIFS(Registro!$N$6:$N$1005,Registro!$B$6:$B$1005,Parámetros!$B$4,Registro!$C$6:$C$1005,37) -> 0 | E48: =IF(C48=0,"",D48/C48) | F48: =IF(OR(E48="",E47=""),"",ABS(E48-E47)) | G48: =$B$4 | H48: =$B$7 | I48: =$B$8 | J48: =$B$9 | K48: =IF(OR(E48="",$B$4=""),"",IF(E48<G48,N(K47)+1,0)) | L48: =IF(E48="","",IF(AND(H48<>"",OR(E48>H48,E48<I48)),"Fuera de control",IF(K48>=8,"Tendencia: 8+ semanas bajo LC",IF(E48<J48,"Bajo meta","OK"))))
A49: 38 | B49: ="S"&TEXT(A49,"00") -> S38 | C49: =SUMIFS(Registro!$M$6:$M$1005,Registro!$B$6:$B$1005,Parámetros!$B$4,Registro!$C$6:$C$1005,38) -> 0 | D49: =SUMIFS(Registro!$N$6:$N$1005,Registro!$B$6:$B$1005,Parámetros!$B$4,Registro!$C$6:$C$1005,38) -> 0 | E49: =IF(C49=0,"",D49/C49) | F49: =IF(OR(E49="",E48=""),"",ABS(E49-E48)) | G49: =$B$4 | H49: =$B$7 | I49: =$B$8 | J49: =$B$9 | K49: =IF(OR(E49="",$B$4=""),"",IF(E49<G49,N(K48)+1,0)) | L49: =IF(E49="","",IF(AND(H49<>"",OR(E49>H49,E49<I49)),"Fuera de control",IF(K49>=8,"Tendencia: 8+ semanas bajo LC",IF(E49<J49,"Bajo meta","OK"))))
A50: 39 | B50: ="S"&TEXT(A50,"00") -> S39 | C50: =SUMIFS(Registro!$M$6:$M$1005,Registro!$B$6:$B$1005,Parámetros!$B$4,Registro!$C$6:$C$1005,39) -> 0 | D50: =SUMIFS(Registro!$N$6:$N$1005,Registro!$B$6:$B$1005,Parámetros!$B$4,Registro!$C$6:$C$1005,39) -> 0 | E50: =IF(C50=0,"",D50/C50) | F50: =IF(OR(E50="",E49=""),"",ABS(E50-E49)) | G50: =$B$4 | H50: =$B$7 | I50: =$B$8 | J50: =$B$9 | K50: =IF(OR(E50="",$B$4=""),"",IF(E50<G50,N(K49)+1,0)) | L50: =IF(E50="","",IF(AND(H50<>"",OR(E50>H50,E50<I50)),"Fuera de control",IF(K50>=8,"Tendencia: 8+ semanas bajo LC",IF(E50<J50,"Bajo meta","OK"))))
A51: 40 | B51: ="S"&TEXT(A51,"00") -> S40 | C51: =SUMIFS(Registro!$M$6:$M$1005,Registro!$B$6:$B$1005,Parámetros!$B$4,Registro!$C$6:$C$1005,40) -> 0 | D51: =SUMIFS(Registro!$N$6:$N$1005,Registro!$B$6:$B$1005,Parámetros!$B$4,Registro!$C$6:$C$1005,40) -> 0 | E51: =IF(C51=0,"",D51/C51) | F51: =IF(OR(E51="",E50=""),"",ABS(E51-E50)) | G51: =$B$4 | H51: =$B$7 | I51: =$B$8 | J51: =$B$9 | K51: =IF(OR(E51="",$B$4=""),"",IF(E51<G51,N(K50)+1,0)) | L51: =IF(E51="","",IF(AND(H51<>"",OR(E51>H51,E51<I51)),"Fuera de control",IF(K51>=8,"Tendencia: 8+ semanas bajo LC",IF(E51<J51,"Bajo meta","OK"))))
A52: 41 | B52: ="S"&TEXT(A52,"00") -> S41 | C52: =SUMIFS(Registro!$M$6:$M$1005,Registro!$B$6:$B$1005,Parámetros!$B$4,Registro!$C$6:$C$1005,41) -> 0 | D52: =SUMIFS(Registro!$N$6:$N$1005,Registro!$B$6:$B$1005,Parámetros!$B$4,Registro!$C$6:$C$1005,41) -> 0 | E52: =IF(C52=0,"",D52/C52) | F52: =IF(OR(E52="",E51=""),"",ABS(E52-E51)) | G52: =$B$4 | H52: =$B$7 | I52: =$B$8 | J52: =$B$9 | K52: =IF(OR(E52="",$B$4=""),"",IF(E52<G52,N(K51)+1,0)) | L52: =IF(E52="","",IF(AND(H52<>"",OR(E52>H52,E52<I52)),"Fuera de control",IF(K52>=8,"Tendencia: 8+ semanas bajo LC",IF(E52<J52,"Bajo meta","OK"))))
A53: 42 | B53: ="S"&TEXT(A53,"00") -> S42 | C53: =SUMIFS(Registro!$M$6:$M$1005,Registro!$B$6:$B$1005,Parámetros!$B$4,Registro!$C$6:$C$1005,42) -> 0 | D53: =SUMIFS(Registro!$N$6:$N$1005,Registro!$B$6:$B$1005,Parámetros!$B$4,Registro!$C$6:$C$1005,42) -> 0 | E53: =IF(C53=0,"",D53/C53) | F53: =IF(OR(E53="",E52=""),"",ABS(E53-E52)) | G53: =$B$4 | H53: =$B$7 | I53: =$B$8 | J53: =$B$9 | K53: =IF(OR(E53="",$B$4=""),"",IF(E53<G53,N(K52)+1,0)) | L53: =IF(E53="","",IF(AND(H53<>"",OR(E53>H53,E53<I53)),"Fuera de control",IF(K53>=8,"Tendencia: 8+ semanas bajo LC",IF(E53<J53,"Bajo meta","OK"))))
A54: 43 | B54: ="S"&TEXT(A54,"00") -> S43 | C54: =SUMIFS(Registro!$M$6:$M$1005,Registro!$B$6:$B$1005,Parámetros!$B$4,Registro!$C$6:$C$1005,43) -> 0 | D54: =SUMIFS(Registro!$N$6:$N$1005,Registro!$B$6:$B$1005,Parámetros!$B$4,Registro!$C$6:$C$1005,43) -> 0 | E54: =IF(C54=0,"",D54/C54) | F54: =IF(OR(E54="",E53=""),"",ABS(E54-E53)) | G54: =$B$4 | H54: =$B$7 | I54: =$B$8 | J54: =$B$9 | K54: =IF(OR(E54="",$B$4=""),"",IF(E54<G54,N(K53)+1,0)) | L54: =IF(E54="","",IF(AND(H54<>"",OR(E54>H54,E54<I54)),"Fuera de control",IF(K54>=8,"Tendencia: 8+ semanas bajo LC",IF(E54<J54,"Bajo meta","OK"))))
A55: 44 | B55: ="S"&TEXT(A55,"00") -> S44 | C55: =SUMIFS(Registro!$M$6:$M$1005,Registro!$B$6:$B$1005,Parámetros!$B$4,Registro!$C$6:$C$1005,44) -> 0 | D55: =SUMIFS(Registro!$N$6:$N$1005,Registro!$B$6:$B$1005,Parámetros!$B$4,Registro!$C$6:$C$1005,44) -> 0 | E55: =IF(C55=0,"",D55/C55) | F55: =IF(OR(E55="",E54=""),"",ABS(E55-E54)) | G55: =$B$4 | H55: =$B$7 | I55: =$B$8 | J55: =$B$9 | K55: =IF(OR(E55="",$B$4=""),"",IF(E55<G55,N(K54)+1,0)) | L55: =IF(E55="","",IF(AND(H55<>"",OR(E55>H55,E55<I55)),"Fuera de control",IF(K55>=8,"Tendencia: 8+ semanas bajo LC",IF(E55<J55,"Bajo meta","OK"))))
A56: 45 | B56: ="S"&TEXT(A56,"00") -> S45 | C56: =SUMIFS(Registro!$M$6:$M$1005,Registro!$B$6:$B$1005,Parámetros!$B$4,Registro!$C$6:$C$1005,45) -> 0 | D56: =SUMIFS(Registro!$N$6:$N$1005,Registro!$B$6:$B$1005,Parámetros!$B$4,Registro!$C$6:$C$1005,45) -> 0 | E56: =IF(C56=0,"",D56/C56) | F56: =IF(OR(E56="",E55=""),"",ABS(E56-E55)) | G56: =$B$4 | H56: =$B$7 | I56: =$B$8 | J56: =$B$9 | K56: =IF(OR(E56="",$B$4=""),"",IF(E56<G56,N(K55)+1,0)) | L56: =IF(E56="","",IF(AND(H56<>"",OR(E56>H56,E56<I56)),"Fuera de control",IF(K56>=8,"Tendencia: 8+ semanas bajo LC",IF(E56<J56,"Bajo meta","OK"))))
A57: 46 | B57: ="S"&TEXT(A57,"00") -> S46 | C57: =SUMIFS(Registro!$M$6:$M$1005,Registro!$B$6:$B$1005,Parámetros!$B$4,Registro!$C$6:$C$1005,46) -> 0 | D57: =SUMIFS(Registro!$N$6:$N$1005,Registro!$B$6:$B$1005,Parámetros!$B$4,Registro!$C$6:$C$1005,46) -> 0 | E57: =IF(C57=0,"",D57/C57) | F57: =IF(OR(E57="",E56=""),"",ABS(E57-E56)) | G57: =$B$4 | H57: =$B$7 | I57: =$B$8 | J57: =$B$9 | K57: =IF(OR(E57="",$B$4=""),"",IF(E57<G57,N(K56)+1,0)) | L57: =IF(E57="","",IF(AND(H57<>"",OR(E57>H57,E57<I57)),"Fuera de control",IF(K57>=8,"Tendencia: 8+ semanas bajo LC",IF(E57<J57,"Bajo meta","OK"))))
A58: 47 | B58: ="S"&TEXT(A58,"00") -> S47 | C58: =SUMIFS(Registro!$M$6:$M$1005,Registro!$B$6:$B$1005,Parámetros!$B$4,Registro!$C$6:$C$1005,47) -> 0 | D58: =SUMIFS(Registro!$N$6:$N$1005,Registro!$B$6:$B$1005,Parámetros!$B$4,Registro!$C$6:$C$1005,47) -> 0 | E58: =IF(C58=0,"",D58/C58) | F58: =IF(OR(E58="",E57=""),"",ABS(E58-E57)) | G58: =$B$4 | H58: =$B$7 | I58: =$B$8 | J58: =$B$9 | K58: =IF(OR(E58="",$B$4=""),"",IF(E58<G58,N(K57)+1,0)) | L58: =IF(E58="","",IF(AND(H58<>"",OR(E58>H58,E58<I58)),"Fuera de control",IF(K58>=8,"Tendencia: 8+ semanas bajo LC",IF(E58<J58,"Bajo meta","OK"))))
A59: 48 | B59: ="S"&TEXT(A59,"00") -> S48 | C59: =SUMIFS(Registro!$M$6:$M$1005,Registro!$B$6:$B$1005,Parámetros!$B$4,Registro!$C$6:$C$1005,48) -> 0 | D59: =SUMIFS(Registro!$N$6:$N$1005,Registro!$B$6:$B$1005,Parámetros!$B$4,Registro!$C$6:$C$1005,48) -> 0 | E59: =IF(C59=0,"",D59/C59) | F59: =IF(OR(E59="",E58=""),"",ABS(E59-E58)) | G59: =$B$4 | H59: =$B$7 | I59: =$B$8 | J59: =$B$9 | K59: =IF(OR(E59="",$B$4=""),"",IF(E59<G59,N(K58)+1,0)) | L59: =IF(E59="","",IF(AND(H59<>"",OR(E59>H59,E59<I59)),"Fuera de control",IF(K59>=8,"Tendencia: 8+ semanas bajo LC",IF(E59<J59,"Bajo meta","OK"))))
A60: 49 | B60: ="S"&TEXT(A60,"00") -> S49 | C60: =SUMIFS(Registro!$M$6:$M$1005,Registro!$B$6:$B$1005,Parámetros!$B$4,Registro!$C$6:$C$1005,49) -> 0 | D60: =SUMIFS(Registro!$N$6:$N$1005,Registro!$B$6:$B$1005,Parámetros!$B$4,Registro!$C$6:$C$1005,49) -> 0 | E60: =IF(C60=0,"",D60/C60) | F60: =IF(OR(E60="",E59=""),"",ABS(E60-E59)) | G60: =$B$4 | H60: =$B$7 | I60: =$B$8 | J60: =$B$9 | K60: =IF(OR(E60="",$B$4=""),"",IF(E60<G60,N(K59)+1,0)) | L60: =IF(E60="","",IF(AND(H60<>"",OR(E60>H60,E60<I60)),"Fuera de control",IF(K60>=8,"Tendencia: 8+ semanas bajo LC",IF(E60<J60,"Bajo meta","OK"))))
A61: 50 | B61: ="S"&TEXT(A61,"00") -> S50 | C61: =SUMIFS(Registro!$M$6:$M$1005,Registro!$B$6:$B$1005,Parámetros!$B$4,Registro!$C$6:$C$1005,50) -> 0 | D61: =SUMIFS(Registro!$N$6:$N$1005,Registro!$B$6:$B$1005,Parámetros!$B$4,Registro!$C$6:$C$1005,50) -> 0 | E61: =IF(C61=0,"",D61/C61) | F61: =IF(OR(E61="",E60=""),"",ABS(E61-E60)) | G61: =$B$4 | H61: =$B$7 | I61: =$B$8 | J61: =$B$9 | K61: =IF(OR(E61="",$B$4=""),"",IF(E61<G61,N(K60)+1,0)) | L61: =IF(E61="","",IF(AND(H61<>"",OR(E61>H61,E61<I61)),"Fuera de control",IF(K61>=8,"Tendencia: 8+ semanas bajo LC",IF(E61<J61,"Bajo meta","OK"))))
A62: 51 | B62: ="S"&TEXT(A62,"00") -> S51 | C62: =SUMIFS(Registro!$M$6:$M$1005,Registro!$B$6:$B$1005,Parámetros!$B$4,Registro!$C$6:$C$1005,51) -> 0 | D62: =SUMIFS(Registro!$N$6:$N$1005,Registro!$B$6:$B$1005,Parámetros!$B$4,Registro!$C$6:$C$1005,51) -> 0 | E62: =IF(C62=0,"",D62/C62) | F62: =IF(OR(E62="",E61=""),"",ABS(E62-E61)) | G62: =$B$4 | H62: =$B$7 | I62: =$B$8 | J62: =$B$9 | K62: =IF(OR(E62="",$B$4=""),"",IF(E62<G62,N(K61)+1,0)) | L62: =IF(E62="","",IF(AND(H62<>"",OR(E62>H62,E62<I62)),"Fuera de control",IF(K62>=8,"Tendencia: 8+ semanas bajo LC",IF(E62<J62,"Bajo meta","OK"))))
A63: 52 | B63: ="S"&TEXT(A63,"00") -> S52 | C63: =SUMIFS(Registro!$M$6:$M$1005,Registro!$B$6:$B$1005,Parámetros!$B$4,Registro!$C$6:$C$1005,52) -> 0 | D63: =SUMIFS(Registro!$N$6:$N$1005,Registro!$B$6:$B$1005,Parámetros!$B$4,Registro!$C$6:$C$1005,52) -> 0 | E63: =IF(C63=0,"",D63/C63) | F63: =IF(OR(E63="",E62=""),"",ABS(E63-E62)) | G63: =$B$4 | H63: =$B$7 | I63: =$B$8 | J63: =$B$9 | K63: =IF(OR(E63="",$B$4=""),"",IF(E63<G63,N(K62)+1,0)) | L63: =IF(E63="","",IF(AND(H63<>"",OR(E63>H63,E63<I63)),"Fuera de control",IF(K63>=8,"Tendencia: 8+ semanas bajo LC",IF(E63<J63,"Bajo meta","OK"))))
A64: 53 | B64: ="S"&TEXT(A64,"00") -> S53 | C64: =SUMIFS(Registro!$M$6:$M$1005,Registro!$B$6:$B$1005,Parámetros!$B$4,Registro!$C$6:$C$1005,53) -> 0 | D64: =SUMIFS(Registro!$N$6:$N$1005,Registro!$B$6:$B$1005,Parámetros!$B$4,Registro!$C$6:$C$1005,53) -> 0 | E64: =IF(C64=0,"",D64/C64) | F64: =IF(OR(E64="",E63=""),"",ABS(E64-E63)) | G64: =$B$4 | H64: =$B$7 | I64: =$B$8 | J64: =$B$9 | K64: =IF(OR(E64="",$B$4=""),"",IF(E64<G64,N(K63)+1,0)) | L64: =IF(E64="","",IF(AND(H64<>"",OR(E64>H64,E64<I64)),"Fuera de control",IF(K64>=8,"Tendencia: 8+ semanas bajo LC",IF(E64<J64,"Bajo meta","OK"))))
A66: Eje vertical de 88 % a 100 %: las semanas sin datos no muestran barra. MR solo se calcula entre semanas consecutivas con datos. Reglas: un punto fuera de LSC/LIC o 8 semanas seguidas bajo LC indican una causa especial que hay que investigar.

Sheet Pareto
A1: Pareto de pérdidas y de causas
A2: Elija el mes en C4 (1 a 12) o deje 0 para el año completo (Parámetros!B4).
A4: Mes | C4: 0
A5: Desde | C5: =IF($C$4=0,DATE(Parámetros!$B$4,1,1),DATE(Parámetros!$B$4,$C$4,1)) -> 46023
A6: Hasta | C6: =IF($C$4=0,DATE(Parámetros!$B$4,12,1),DATE(Parámetros!$B$4,$C$4,1)) -> 46357
A8: Pérdidas por tipo (kg)
A9: Qué etapa del proceso concentra los kg perdidos. Un delta alto = pérdidas sin registrar.
A10: # | B10: Ítem | C10: kg | D10: % del total | E10: % acumulado | F10: Prioridad
A11: 1 | B11: =INDEX($B$22:$B$30,MATCH(LARGE($D$22:$D$30,1),$D$22:$D$30,0)) -> Delta no explicado | C11: =INDEX($C$22:$C$30,MATCH(LARGE($D$22:$D$30,1),$D$22:$D$30,0)) -> 0 | D11: =IF(SUMIF($C$22:$C$30,">0")=0,"",MAX(0,C11)/SUMIF($C$22:$C$30,">0")) | E11: =IF(D11="","",SUM($D$11:D11)) | F11: =IF(OR(E11="",C11<=0),"",IF(E11-D11<0.8,"Prioridad (80 %)","Monitorear"))
A12: 2 | B12: =INDEX($B$22:$B$30,MATCH(LARGE($D$22:$D$30,2),$D$22:$D$30,0)) -> Oxidación | C12: =INDEX($C$22:$C$30,MATCH(LARGE($D$22:$D$30,2),$D$22:$D$30,0)) -> 0 | D12: =IF(SUMIF($C$22:$C$30,">0")=0,"",MAX(0,C12)/SUMIF($C$22:$C$30,">0")) | E12: =IF(D12="","",SUM($D$11:D12)) | F12: =IF(OR(E12="",C12<=0),"",IF(E12-D12<0.8,"Prioridad (80 %)","Monitorear"))
A13: 3 | B13: =INDEX($B$22:$B$30,MATCH(LARGE($D$22:$D$30,3),$D$22:$D$30,0)) -> Cobles / barras perdidas | C13: =INDEX($C$22:$C$30,MATCH(LARGE($D$22:$D$30,3),$D$22:$D$30,0)) -> 0 | D13: =IF(SUMIF($C$22:$C$30,">0")=0,"",MAX(0,C13)/SUMIF($C$22:$C$30,">0")) | E13: =IF(D13="","",SUM($D$11:D13)) | F13: =IF(OR(E13="",C13<=0),"",IF(E13-D13<0.8,"Prioridad (80 %)","Monitorear"))
A14: 4 | B14: =INDEX($B$22:$B$30,MATCH(LARGE($D$22:$D$30,4),$D$22:$D$30,0)) -> Corto T4 | C14: =INDEX($C$22:$C$30,MATCH(LARGE($D$22:$D$30,4),$D$22:$D$30,0)) -> 0 | D14: =IF(SUMIF($C$22:$C$30,">0")=0,"",MAX(0,C14)/SUMIF($C$22:$C$30,">0")) | E14: =IF(D14="","",SUM($D$11:D14)) | F14: =IF(OR(E14="",C14<=0),"",IF(E14-D14<0.8,"Prioridad (80 %)","Monitorear"))
A15: 5 | B15: =INDEX($B$22:$B$30,MATCH(LARGE($D$22:$D$30,5),$D$22:$D$30,0)) -> Fuera de medida | C15: =INDEX($C$22:$C$30,MATCH(LARGE($D$22:$D$30,5),$D$22:$D$30,0)) -> 0 | D15: =IF(SUMIF($C$22:$C$30,">0")=0,"",MAX(0,C15)/SUMIF($C$22:$C$30,">0")) | E15: =IF(D15="","",SUM($D$11:D15)) | F15: =IF(OR(E15="",C15<=0),"",IF(E15-D15<0.8,"Prioridad (80 %)","Monitorear"))
A16: 6 | B16: =INDEX($B$22:$B$30,MATCH(LARGE($D$22:$D$30,6),$D$22:$D$30,0)) -> T4 | C16: =INDEX($C$22:$C$30,MATCH(LARGE($D$22:$D$30,6),$D$22:$D$30,0)) -> 0 | D16: =IF(SUMIF($C$22:$C$30,">0")=0,"",MAX(0,C16)/SUMIF($C$22:$C$30,">0")) | E16: =IF(D16="","",SUM($D$11:D16)) | F16: =IF(OR(E16="",C16<=0),"",IF(E16-D16<0.8,"Prioridad (80 %)","Monitorear"))
A17: 7 | B17: =INDEX($B$22:$B$30,MATCH(LARGE($D$22:$D$30,7),$D$22:$D$30,0)) -> T3 | C17: =INDEX($C$22:$C$30,MATCH(LARGE($D$22:$D$30,7),$D$22:$D$30,0)) -> 0 | D17: =IF(SUMIF($C$22:$C$30,">0")=0,"",MAX(0,C17)/SUMIF($C$22:$C$30,">0")) | E17: =IF(D17="","",SUM($D$11:D17)) | F17: =IF(OR(E17="",C17<=0),"",IF(E17-D17<0.8,"Prioridad (80 %)","Monitorear"))
A18: 8 | B18: =INDEX($B$22:$B$30,MATCH(LARGE($D$22:$D$30,8),$D$22:$D$30,0)) -> T2 | C18: =INDEX($C$22:$C$30,MATCH(LARGE($D$22:$D$30,8),$D$22:$D$30,0)) -> 0 | D18: =IF(SUMIF($C$22:$C$30,">0")=0,"",MAX(0,C18)/SUMIF($C$22:$C$30,">0")) | E18: =IF(D18="","",SUM($D$11:D18)) | F18: =IF(OR(E18="",C18<=0),"",IF(E18-D18<0.8,"Prioridad (80 %)","Monitorear"))
A19: 9 | B19: =INDEX($B$22:$B$30,MATCH(LARGE($D$22:$D$30,9),$D$22:$D$30,0)) -> T1 | C19: =INDEX($C$22:$C$30,MATCH(LARGE($D$22:$D$30,9),$D$22:$D$30,0)) -> 0 | D19: =IF(SUMIF($C$22:$C$30,">0")=0,"",MAX(0,C19)/SUMIF($C$22:$C$30,">0")) | E19: =IF(D19="","",SUM($D$11:D19)) | F19: =IF(OR(E19="",C19<=0),"",IF(E19-D19<0.8,"Prioridad (80 %)","Monitorear"))
A21: Base de cálculo (sin ordenar)
B22: T1 | C22: =SUMIFS(Registro!$T$6:$T$1005,Registro!$D$6:$D$1005,">="&$C$5,Registro!$D$6:$D$1005,"<="&$C$6) -> 0 | D22: =C22+ROW()/1000000 -> 2.2e-05
B23: T2 | C23: =SUMIFS(Registro!$U$6:$U$1005,Registro!$D$6:$D$1005,">="&$C$5,Registro!$D$6:$D$1005,"<="&$C$6) -> 0 | D23: =C23+ROW()/1000000 -> 2.3e-05
B24: T3 | C24: =SUMIFS(Registro!$V$6:$V$1005,Registro!$D$6:$D$1005,">="&$C$5,Registro!$D$6:$D$1005,"<="&$C$6) -> 0 | D24: =C24+ROW()/1000000 -> 2.4e-05
B25: T4 | C25: =SUMIFS(Registro!$W$6:$W$1005,Registro!$D$6:$D$1005,">="&$C$5,Registro!$D$6:$D$1005,"<="&$C$6) -> 0 | D25: =C25+ROW()/1000000 -> 2.5e-05
B26: Fuera de medida | C26: =SUMIFS(Registro!$X$6:$X$1005,Registro!$D$6:$D$1005,">="&$C$5,Registro!$D$6:$D$1005,"<="&$C$6) -> 0 | D26: =C26+ROW()/1000000 -> 2.6e-05
B27: Corto T4 | C27: =SUMIFS(Registro!$Y$6:$Y$1005,Registro!$D$6:$D$1005,">="&$C$5,Registro!$D$6:$D$1005,"<="&$C$6) -> 0 | D27: =C27+ROW()/1000000 -> 2.7e-05
B28: Cobles / barras perdidas | C28: =SUMIFS(Registro!$Z$6:$Z$1005,Registro!$D$6:$D$1005,">="&$C$5,Registro!$D$6:$D$1005,"<="&$C$6) -> 0 | D28: =C28+ROW()/1000000 -> 2.8e-05
B29: Oxidación | C29: =SUMIFS(Registro!$AC$6:$AC$1005,Registro!$D$6:$D$1005,">="&$C$5,Registro!$D$6:$D$1005,"<="&$C$6) -> 0 | D29: =C29+ROW()/1000000 -> 2.9e-05
B30: Delta no explicado | C30: =SUMIFS(Registro!$AF$6:$AF$1005,Registro!$D$6:$D$1005,">="&$C$5,Registro!$D$6:$D$1005,"<="&$C$6) -> 0 | D30: =C30+ROW()/1000000 -> 3e-05
A35: Kg faltantes vs meta por causa
A36: Kg faltantes = consumo × (meta − rendimiento) de las órdenes bajo meta, asignados a la causa registrada en la hoja Registro.
A37: # | B37: Ítem | C37: kg | D37: % del total | E37: % acumulado | F37: Prioridad
A38: 1 | B38: =INDEX($B$51:$B$61,MATCH(LARGE($D$51:$D$61,1),$D$51:$D$61,0)) -> Sin causa asignada | C38: =INDEX($C$51:$C$61,MATCH(LARGE($D$51:$D$61,1),$D$51:$D$61,0)) -> 0 | D38: =IF(SUMIF($C$51:$C$61,">0")=0,"",MAX(0,C38)/SUMIF($C$51:$C$61,">0")) | E38: =IF(D38="","",SUM($D$38:D38)) | F38: =IF(OR(E38="",C38<=0),"",IF(E38-D38<0.8,"Prioridad (80 %)","Monitorear"))
A39: 2 | B39: =INDEX($B$51:$B$61,MATCH(LARGE($D$51:$D$61,2),$D$51:$D$61,0)) -> Registro / información | C39: =INDEX($C$51:$C$61,MATCH(LARGE($D$51:$D$61,2),$D$51:$D$61,0)) -> 0 | D39: =IF(SUMIF($C$51:$C$61,">0")=0,"",MAX(0,C39)/SUMIF($C$51:$C$61,">0")) | E39: =IF(D39="","",SUM($D$38:D39)) | F39: =IF(OR(E39="",C39<=0),"",IF(E39-D39<0.8,"Prioridad (80 %)","Monitorear"))
A40: 3 | B40: =INDEX($B$51:$B$61,MATCH(LARGE($D$51:$D$61,3),$D$51:$D$61,0)) -> Operacional / práctica | C40: =INDEX($C$51:$C$61,MATCH(LARGE($D$51:$D$61,3),$D$51:$D$61,0)) -> 0 | D40: =IF(SUMIF($C$51:$C$61,">0")=0,"",MAX(0,C40)/SUMIF($C$51:$C$61,">0")) | E40: =IF(D40="","",SUM($D$38:D40)) | F40: =IF(OR(E40="",C40<=0),"",IF(E40-D40<0.8,"Prioridad (80 %)","Monitorear"))
A41: 4 | B41: =INDEX($B$51:$B$61,MATCH(LARGE($D$51:$D$61,4),$D$51:$D$61,0)) -> Cambio de medida / campaña corta | C41: =INDEX($C$51:$C$61,MATCH(LARGE($D$51:$D$61,4),$D$51:$D$61,0)) -> 0 | D41: =IF(SUMIF($C$51:$C$61,">0")=0,"",MAX(0,C41)/SUMIF($C$51:$C$61,">0")) | E41: =IF(D41="","",SUM($D$38:D41)) | F41: =IF(OR(E41="",C41<=0),"",IF(E41-D41<0.8,"Prioridad (80 %)","Monitorear"))
A42: 5 | B42: =INDEX($B$51:$B$61,MATCH(LARGE($D$51:$D$61,5),$D$51:$D$61,0)) -> Mecánico / guías / cilindros | C42: =INDEX($C$51:$C$61,MATCH(LARGE($D$51:$D$61,5),$D$51:$D$61,0)) -> 0 | D42: =IF(SUMIF($C$51:$C$61,">0")=0,"",MAX(0,C42)/SUMIF($C$51:$C$61,">0")) | E42: =IF(D42="","",SUM($D$38:D42)) | F42: =IF(OR(E42="",C42<=0),"",IF(E42-D42<0.8,"Prioridad (80 %)","Monitorear"))
A43: 6 | B43: =INDEX($B$51:$B$61,MATCH(LARGE($D$51:$D$61,6),$D$51:$D$61,0)) -> Eléctrico / instrumentación | C43: =INDEX($C$51:$C$61,MATCH(LARGE($D$51:$D$61,6),$D$51:$D$61,0)) -> 0 | D43: =IF(SUMIF($C$51:$C$61,">0")=0,"",MAX(0,C43)/SUMIF($C$51:$C$61,">0")) | E43: =IF(D43="","",SUM($D$38:D43)) | F43: =IF(OR(E43="",C43<=0),"",IF(E43-D43<0.8,"Prioridad (80 %)","Monitorear"))
A44: 7 | B44: =INDEX($B$51:$B$61,MATCH(LARGE($D$51:$D$61,7),$D$51:$D$61,0)) -> Largo de corte / padrón | C44: =INDEX($C$51:$C$61,MATCH(LARGE($D$51:$D$61,7),$D$51:$D$61,0)) -> 0 | D44: =IF(SUMIF($C$51:$C$61,">0")=0,"",MAX(0,C44)/SUMIF($C$51:$C$61,">0")) | E44: =IF(D44="","",SUM($D$38:D44)) | F44: =IF(OR(E44="",C44<=0),"",IF(E44-D44<0.8,"Prioridad (80 %)","Monitorear"))
A45: 8 | B45: =INDEX($B$51:$B$61,MATCH(LARGE($D$51:$D$61,8),$D$51:$D$61,0)) -> Cobles / barras perdidas | C45: =INDEX($C$51:$C$61,MATCH(LARGE($D$51:$D$61,8),$D$51:$D$61,0)) -> 0 | D45: =IF(SUMIF($C$51:$C$61,">0")=0,"",MAX(0,C45)/SUMIF($C$51:$C$61,">0")) | E45: =IF(D45="","",SUM($D$38:D45)) | F45: =IF(OR(E45="",C45<=0),"",IF(E45-D45<0.8,"Prioridad (80 %)","Monitorear"))
A46: 9 | B46: =INDEX($B$51:$B$61,MATCH(LARGE($D$51:$D$61,9),$D$51:$D$61,0)) -> Cizallas (despunte) | C46: =INDEX($C$51:$C$61,MATCH(LARGE($D$51:$D$61,9),$D$51:$D$61,0)) -> 0 | D46: =IF(SUMIF($C$51:$C$61,">0")=0,"",MAX(0,C46)/SUMIF($C$51:$C$61,">0")) | E46: =IF(D46="","",SUM($D$38:D46)) | F46: =IF(OR(E46="",C46<=0),"",IF(E46-D46<0.8,"Prioridad (80 %)","Monitorear"))
A47: 10 | B47: =INDEX($B$51:$B$61,MATCH(LARGE($D$51:$D$61,10),$D$51:$D$61,0)) -> Horno (oxidación / temperatura) | C47: =INDEX($C$51:$C$61,MATCH(LARGE($D$51:$D$61,10),$D$51:$D$61,0)) -> 0 | D47: =IF(SUMIF($C$51:$C$61,">0")=0,"",MAX(0,C47)/SUMIF($C$51:$C$61,">0")) | E47: =IF(D47="","",SUM($D$38:D47)) | F47: =IF(OR(E47="",C47<=0),"",IF(E47-D47<0.8,"Prioridad (80 %)","Monitorear"))
A48: 11 | B48: =INDEX($B$51:$B$61,MATCH(LARGE($D$51:$D$61,11),$D$51:$D$61,0)) -> Palanquilla (defecto / largo) | C48: =INDEX($C$51:$C$61,MATCH(LARGE($D$51:$D$61,11),$D$51:$D$61,0)) -> 0 | D48: =IF(SUMIF($C$51:$C$61,">0")=0,"",MAX(0,C48)/SUMIF($C$51:$C$61,">0")) | E48: =IF(D48="","",SUM($D$38:D48)) | F48: =IF(OR(E48="",C48<=0),"",IF(E48-D48<0.8,"Prioridad (80 %)","Monitorear"))
A50: Base de cálculo (sin ordenar)
B51: Palanquilla (defecto / largo) | C51: =SUMIFS(Registro!$R$6:$R$1005,Registro!$D$6:$D$1005,">="&$C$5,Registro!$D$6:$D$1005,"<="&$C$6,Registro!$AL$6:$AL$1005,Parámetros!$F$14) -> 0 | D51: =C51+ROW()/1000000 -> 5.1e-05
B52: Horno (oxidación / temperatura) | C52: =SUMIFS(Registro!$R$6:$R$1005,Registro!$D$6:$D$1005,">="&$C$5,Registro!$D$6:$D$1005,"<="&$C$6,Registro!$AL$6:$AL$1005,Parámetros!$F$15) -> 0 | D52: =C52+ROW()/1000000 -> 5.2e-05
B53: Cizallas (despunte) | C53: =SUMIFS(Registro!$R$6:$R$1005,Registro!$D$6:$D$1005,">="&$C$5,Registro!$D$6:$D$1005,"<="&$C$6,Registro!$AL$6:$AL$1005,Parámetros!$F$16) -> 0 | D53: =C53+ROW()/1000000 -> 5.3e-05
B54: Cobles / barras perdidas | C54: =SUMIFS(Registro!$R$6:$R$1005,Registro!$D$6:$D$1005,">="&$C$5,Registro!$D$6:$D$1005,"<="&$C$6,Registro!$AL$6:$AL$1005,Parámetros!$F$17) -> 0 | D54: =C54+ROW()/1000000 -> 5.4e-05
B55: Largo de corte / padrón | C55: =SUMIFS(Registro!$R$6:$R$1005,Registro!$D$6:$D$1005,">="&$C$5,Registro!$D$6:$D$1005,"<="&$C$6,Registro!$AL$6:$AL$1005,Parámetros!$F$18) -> 0 | D55: =C55+ROW()/1000000 -> 5.5e-05
B56: Eléctrico / instrumentación | C56: =SUMIFS(Registro!$R$6:$R$1005,Registro!$D$6:$D$1005,">="&$C$5,Registro!$D$6:$D$1005,"<="&$C$6,Registro!$AL$6:$AL$1005,Parámetros!$F$19) -> 0 | D56: =C56+ROW()/1000000 -> 5.6e-05
B57: Mecánico / guías / cilindros | C57: =SUMIFS(Registro!$R$6:$R$1005,Registro!$D$6:$D$1005,">="&$C$5,Registro!$D$6:$D$1005,"<="&$C$6,Registro!$AL$6:$AL$1005,Parámetros!$F$20) -> 0 | D57: =C57+ROW()/1000000 -> 5.7e-05
B58: Cambio de medida / campaña corta | C58: =SUMIFS(Registro!$R$6:$R$1005,Registro!$D$6:$D$1005,">="&$C$5,Registro!$D$6:$D$1005,"<="&$C$6,Registro!$AL$6:$AL$1005,Parámetros!$F$21) -> 0 | D58: =C58+ROW()/1000000 -> 5.8e-05
B59: Operacional / práctica | C59: =SUMIFS(Registro!$R$6:$R$1005,Registro!$D$6:$D$1005,">="&$C$5,Registro!$D$6:$D$1005,"<="&$C$6,Registro!$AL$6:$AL$1005,Parámetros!$F$22) -> 0 | D59: =C59+ROW()/1000000 -> 5.9e-05
B60: Registro / información | C60: =SUMIFS(Registro!$R$6:$R$1005,Registro!$D$6:$D$1005,">="&$C$5,Registro!$D$6:$D$1005,"<="&$C$6,Registro!$AL$6:$AL$1005,Parámetros!$F$23) -> 0 | D60: =C60+ROW()/1000000 -> 6e-05
B61: Sin causa asignada | C61: =SUMIFS(Registro!$R$6:$R$1005,Registro!$D$6:$D$1005,">="&$C$5,Registro!$D$6:$D$1005,"<="&$C$6)-SUM(C51:C60) -> 0 | D61: =C61+ROW()/1000000 -> 6.1e-05
A66: Kg faltantes vs meta por grupo de producto
A68: # | B68: Ítem | C68: kg | D68: % del total | E68: % acumulado | F68: Prioridad
A69: 1 | B69: =INDEX($B$79:$B$86,MATCH(LARGE($D$79:$D$86,1),$D$79:$D$86,0)) -> Hexágono | C69: =INDEX($C$79:$C$86,MATCH(LARGE($D$79:$D$86,1),$D$79:$D$86,0)) -> 0 | D69: =IF(SUMIF($C$79:$C$86,">0")=0,"",MAX(0,C69)/SUMIF($C$79:$C$86,">0")) | E69: =IF(D69="","",SUM($D$69:D69)) | F69: =IF(OR(E69="",C69<=0),"",IF(E69-D69<0.8,"Prioridad (80 %)","Monitorear"))
A70: 2 | B70: =INDEX($B$79:$B$86,MATCH(LARGE($D$79:$D$86,2),$D$79:$D$86,0)) -> Saferock | C70: =INDEX($C$79:$C$86,MATCH(LARGE($D$79:$D$86,2),$D$79:$D$86,0)) -> 0 | D70: =IF(SUMIF($C$79:$C$86,">0")=0,"",MAX(0,C70)/SUMIF($C$79:$C$86,">0")) | E70: =IF(D70="","",SUM($D$69:D70)) | F70: =IF(OR(E70="",C70<=0),"",IF(E70-D70<0.8,"Prioridad (80 %)","Monitorear"))
A71: 3 | B71: =INDEX($B$79:$B$86,MATCH(LARGE($D$79:$D$86,3),$D$79:$D$86,0)) -> Estrella | C71: =INDEX($C$79:$C$86,MATCH(LARGE($D$79:$D$86,3),$D$79:$D$86,0)) -> 0 | D71: =IF(SUMIF($C$79:$C$86,">0")=0,"",MAX(0,C71)/SUMIF($C$79:$C$86,">0")) | E71: =IF(D71="","",SUM($D$69:D71)) | F71: =IF(OR(E71="",C71<=0),"",IF(E71-D71<0.8,"Prioridad (80 %)","Monitorear"))
A72: 4 | B72: =INDEX($B$79:$B$86,MATCH(LARGE($D$79:$D$86,4),$D$79:$D$86,0)) -> Cuadrado | C72: =INDEX($C$79:$C$86,MATCH(LARGE($D$79:$D$86,4),$D$79:$D$86,0)) -> 0 | D72: =IF(SUMIF($C$79:$C$86,">0")=0,"",MAX(0,C72)/SUMIF($C$79:$C$86,">0")) | E72: =IF(D72="","",SUM($D$69:D72)) | F72: =IF(OR(E72="",C72<=0),"",IF(E72-D72<0.8,"Prioridad (80 %)","Monitorear"))
A73: 5 | B73: =INDEX($B$79:$B$86,MATCH(LARGE($D$79:$D$86,5),$D$79:$D$86,0)) -> Ángulo | C73: =INDEX($C$79:$C$86,MATCH(LARGE($D$79:$D$86,5),$D$79:$D$86,0)) -> 0 | D73: =IF(SUMIF($C$79:$C$86,">0")=0,"",MAX(0,C73)/SUMIF($C$79:$C$86,">0")) | E73: =IF(D73="","",SUM($D$69:D73)) | F73: =IF(OR(E73="",C73<=0),"",IF(E73-D73<0.8,"Prioridad (80 %)","Monitorear"))
A74: 6 | B74: =INDEX($B$79:$B$86,MATCH(LARGE($D$79:$D$86,6),$D$79:$D$86,0)) -> Plana | C74: =INDEX($C$79:$C$86,MATCH(LARGE($D$79:$D$86,6),$D$79:$D$86,0)) -> 0 | D74: =IF(SUMIF($C$79:$C$86,">0")=0,"",MAX(0,C74)/SUMIF($C$79:$C$86,">0")) | E74: =IF(D74="","",SUM($D$69:D74)) | F74: =IF(OR(E74="",C74<=0),"",IF(E74-D74<0.8,"Prioridad (80 %)","Monitorear"))
A75: 7 | B75: =INDEX($B$79:$B$86,MATCH(LARGE($D$79:$D$86,7),$D$79:$D$86,0)) -> Redondo liso | C75: =INDEX($C$79:$C$86,MATCH(LARGE($D$79:$D$86,7),$D$79:$D$86,0)) -> 0 | D75: =IF(SUMIF($C$79:$C$86,">0")=0,"",MAX(0,C75)/SUMIF($C$79:$C$86,">0")) | E75: =IF(D75="","",SUM($D$69:D75)) | F75: =IF(OR(E75="",C75<=0),"",IF(E75-D75<0.8,"Prioridad (80 %)","Monitorear"))
A76: 8 | B76: =INDEX($B$79:$B$86,MATCH(LARGE($D$79:$D$86,8),$D$79:$D$86,0)) -> B Hormigón | C76: =INDEX($C$79:$C$86,MATCH(LARGE($D$79:$D$86,8),$D$79:$D$86,0)) -> 0 | D76: =IF(SUMIF($C$79:$C$86,">0")=0,"",MAX(0,C76)/SUMIF($C$79:$C$86,">0")) | E76: =IF(D76="","",SUM($D$69:D76)) | F76: =IF(OR(E76="",C76<=0),"",IF(E76-D76<0.8,"Prioridad (80 %)","Monitorear"))
A78: Base de cálculo (sin ordenar)
B79: B Hormigón | C79: =SUMIFS(Registro!$R$6:$R$1005,Registro!$D$6:$D$1005,">="&$C$5,Registro!$D$6:$D$1005,"<="&$C$6,Registro!$I$6:$I$1005,Parámetros!$A$14) -> 0 | D79: =C79+ROW()/1000000 -> 7.9e-05
B80: Redondo liso | C80: =SUMIFS(Registro!$R$6:$R$1005,Registro!$D$6:$D$1005,">="&$C$5,Registro!$D$6:$D$1005,"<="&$C$6,Registro!$I$6:$I$1005,Parámetros!$A$15) -> 0 | D80: =C80+ROW()/1000000 -> 8e-05
B81: Plana | C81: =SUMIFS(Registro!$R$6:$R$1005,Registro!$D$6:$D$1005,">="&$C$5,Registro!$D$6:$D$1005,"<="&$C$6,Registro!$I$6:$I$1005,Parámetros!$A$16) -> 0 | D81: =C81+ROW()/1000000 -> 8.1e-05
B82: Ángulo | C82: =SUMIFS(Registro!$R$6:$R$1005,Registro!$D$6:$D$1005,">="&$C$5,Registro!$D$6:$D$1005,"<="&$C$6,Registro!$I$6:$I$1005,Parámetros!$A$17) -> 0 | D82: =C82+ROW()/1000000 -> 8.2e-05
B83: Cuadrado | C83: =SUMIFS(Registro!$R$6:$R$1005,Registro!$D$6:$D$1005,">="&$C$5,Registro!$D$6:$D$1005,"<="&$C$6,Registro!$I$6:$I$1005,Parámetros!$A$18) -> 0 | D83: =C83+ROW()/1000000 -> 8.3e-05
B84: Estrella | C84: =SUMIFS(Registro!$R$6:$R$1005,Registro!$D$6:$D$1005,">="&$C$5,Registro!$D$6:$D$1005,"<="&$C$6,Registro!$I$6:$I$1005,Parámetros!$A$19) -> 0 | D84: =C84+ROW()/1000000 -> 8.4e-05
B85: Saferock | C85: =SUMIFS(Registro!$R$6:$R$1005,Registro!$D$6:$D$1005,">="&$C$5,Registro!$D$6:$D$1005,"<="&$C$6,Registro!$I$6:$I$1005,Parámetros!$A$20) -> 0 | D85: =C85+ROW()/1000000 -> 8.5e-05
B86: Hexágono | C86: =SUMIFS(Registro!$R$6:$R$1005,Registro!$D$6:$D$1005,">="&$C$5,Registro!$D$6:$D$1005,"<="&$C$6,Registro!$I$6:$I$1005,Parámetros!$A$21) -> 0 | D86: =C86+ROW()/1000000 -> 8.6e-05

Sheet Plan de acción
A1: Plan de acción y verificación de eficacia
A2: Una fila por problema. Cierre la acción solo cuando el rendimiento 'después' confirme la mejora.
A4: N° | B4: Fecha detección | C4: Orden / semana | D4: Grupo / producto | E4: Hecho (problema observado) | F4: Tipo de pérdida | G4: Causa (categoría) | H4: Causa raíz (5 porqués) | I4: Acción | J4: Tipo de acción | K4: Responsable | L4: Fecha compromiso | M4: Estado | N4: Fecha cierre | O4: Rend. antes | P4: Rend. después | Q4: Mejora | R4: Días de atraso
A5: 1 | B5: 40484 | C5: 1008027 | D5: Plana 50x06 | E5: Cobles (trozo de coble y barra de sacrificio) | F5: Cobles / barras perdidas | G5: Eléctrico / instrumentación | H5: HMD A5-A6 pierde señal: flanco de bajada al pasar la barra (visto en IBA) | I5: Revisar y reemplazar HMD A5-A6; verificar señal en IBA durante 1 semana | J5: Correctiva | K5: Eléctrico | L5: 40491 | M5: Cerrada | N5: 40490 | O5: 0.9429 | P5: 0.951 | Q5: =IF(OR(O5="",P5=""),"",(P5-O5)*100) -> 0.81 | R5: =IF(OR(L5="",LEFT(M5,7)="Cerrada"),"",MAX(0,TODAY()-L5))
Q6: =IF(OR(O6="",P6=""),"",(P6-O6)*100) | R6: =IF(OR(L6="",LEFT(M6,7)="Cerrada"),"",MAX(0,TODAY()-L6))
Q7: =IF(OR(O7="",P7=""),"",(P7-O7)*100) | R7: =IF(OR(L7="",LEFT(M7,7)="Cerrada"),"",MAX(0,TODAY()-L7))
Q8: =IF(OR(O8="",P8=""),"",(P8-O8)*100) | R8: =IF(OR(L8="",LEFT(M8,7)="Cerrada"),"",MAX(0,TODAY()-L8))
Q9: =IF(OR(O9="",P9=""),"",(P9-O9)*100) | R9: =IF(OR(L9="",LEFT(M9,7)="Cerrada"),"",MAX(0,TODAY()-L9))
Q10: =IF(OR(O10="",P10=""),"",(P10-O10)*100) | R10: =IF(OR(L10="",LEFT(M10,7)="Cerrada"),"",MAX(0,TODAY()-L10))
Q11: =IF(OR(O11="",P11=""),"",(P11-O11)*100) | R11: =IF(OR(L11="",LEFT(M11,7)="Cerrada"),"",MAX(0,TODAY()-L11))
Q12: =IF(OR(O12="",P12=""),"",(P12-O12)*100) | R12: =IF(OR(L12="",LEFT(M12,7)="Cerrada"),"",MAX(0,TODAY()-L12))
Q13: =IF(OR(O13="",P13=""),"",(P13-O13)*100) | R13: =IF(OR(L13="",LEFT(M13,7)="Cerrada"),"",MAX(0,TODAY()-L13))
Q14: =IF(OR(O14="",P14=""),"",(P14-O14)*100) | R14: =IF(OR(L14="",LEFT(M14,7)="Cerrada"),"",MAX(0,TODAY()-L14))
Q15: =IF(OR(O15="",P15=""),"",(P15-O15)*100) | R15: =IF(OR(L15="",LEFT(M15,7)="Cerrada"),"",MAX(0,TODAY()-L15))
Q16: =IF(OR(O16="",P16=""),"",(P16-O16)*100) | R16: =IF(OR(L16="",LEFT(M16,7)="Cerrada"),"",MAX(0,TODAY()-L16))
Q17: =IF(OR(O17="",P17=""),"",(P17-O17)*100) | R17: =IF(OR(L17="",LEFT(M17,7)="Cerrada"),"",MAX(0,TODAY()-L17))
... Q204: =IF(OR(O204="",P204=""),"",(P204-O204)*100) | R204: =IF(OR(L204="",LEFT(M204,7)="Cerrada"),"",MAX(0,TODAY()-L204))

Sheet Guía de control
A1: Guía para controlar el rendimiento metálico
A3: 1. Qué es y cómo se calcula
A4: Rendimiento metálico = kg producidos (barras buenas) / kg consumidos (palanquilla cargada). Es el indicador de cuánto acero se convierte en producto vendible.
A5: Se calcula siempre ponderado: Σ producción / Σ consumo. No promedie porcentajes de órdenes: una orden chica pesaría igual que una grande.
A6: Cada punto de rendimiento vale mucho: en 1.000 t consumidas, 1 pp = 10 t de acero que vuelven como chatarra o se pierden como laminilla.
A8: 2. Dónde se pierde el metal (balance de masa)
A9: Consumo − Producción = Pérdidas SAP. Esa diferencia se reparte en:
A10: • Oxidación / laminilla (horno y descascarillado): típicamente 1–2,5 % del consumo. Depende de temperatura, tiempo de residencia en el horno y atmósfera. Si se pesa la laminilla, ingrésela en 'Oxidación medida'.
A11: • Despuntes de cizallas T1, T2, T3: cortes de cabeza y cola. Crecen con palanquillas con defectos de extremo, cabezas frías o despunte mal calibrado.
A12: • T4 / corte a largo comercial: sobrantes de la barra madre respecto del múltiplo del largo comercial. Dependen de que el largo y el peso de la palanquilla estén optimizados para el producto (padrón).
A13: • Corto T4 y fuera de medida: barras cortas o con dimensión fuera de tolerancia (desgaste de cilindros, guías, ajuste).
A14: • Cobles / barras perdidas: atascos o salidas de línea. Cada coble puede costar cientos de kg.
... A42: Eficacia: comparar el rendimiento del mismo producto antes y después. Si no mejora, marcar 'Cerrada - no eficaz' y volver a analizar.

Sheet Parámetros
A1: Parámetros
A2: Celdas amarillas editables. Todas las hojas leen estos valores.
A4: Año a analizar | B4: 2026 | C4: Año de los resúmenes, la carta semanal y el Pareto.
A5: Meta general de rendimiento | B5: 0.958 | C5: Se usa cuando el grupo no tiene meta propia. Valor por defecto: meta ponderada 2026 del CSV.
A6: Oxidación estimada (% del consumo) | B6: 0.02 | C6: Se aplica cuando no se ingresa la oxidación medida. Archivo 2010: 2 %.
A7: Tolerancia del delta (% del consumo) | B7: 0.01 | C7: Si |Delta| / Consumo supera este valor, la orden queda como 'Revisar balance'. Supuesto: 1 %.
A8: Constante d2 (carta I-MR, n = 2) | B8: 1.128 | C8: σ = MR̄ / d2. Constante estadística; no cambiar.
A11: Listas y metas por grupo
A13: Grupo | B13: Meta | D13: Turno | F13: Causa (categoría) | H13: Estado de acción | J13: Tipo de acción | L13: Tipo de pérdida
A14: B Hormigón | B14: 0.9576 | D14: A | F14: Palanquilla (defecto / largo) | H14: Abierta | J14: Contención | L14: T1
A15: Redondo liso | B15: 0.9538 | D15: B | F15: Horno (oxidación / temperatura) | H15: En curso | J15: Correctiva | L15: T2
A16: Plana | B16: 0.9609 | D16: C | F16: Cizallas (despunte) | H16: Cerrada | J16: Preventiva | L16: T3
A17: Ángulo | B17: 0.9551 | D17: D | F17: Cobles / barras perdidas | H17: Cerrada - no eficaz | L17: T4
A18: Cuadrado | B18: 0.9648 | F18: Largo de corte / padrón | L18: Fuera de medida
A19: Estrella | F19: Eléctrico / instrumentación | L19: Corto T4
A20: Saferock | B20: 0.9584 | F20: Mecánico / guías / cilindros | L20: Cobles / barras perdidas
A21: Hexágono | B21: 0.9444 | F21: Cambio de medida / campaña corta | L21: Oxidación
F22: Operacional / práctica | L22: Delta no explicado
A23: Metas por grupo: Rend_Met del CSV de consumo 2026, ponderado por kg consumidos. Estrella no tiene órdenes en el CSV: queda en blanco y usa la meta general. | F23: Registro / información
A25: Puede agregar valores en las filas vacías de cada lista (Grupo hasta la fila 21, Causa hasta la 23).
